100031900
100054927
10006020X
100064752
100091105
100092624
100106587
100115357
100122612
100125018
100135153
100150608
100151310
10016160X
100166326
100188826
10019740X
100199054
100200826
10020127X
100223354
100228003
100235700
100239102
10024520X
100249744
100254861
100255515
100261779
100267904
100279090
100286070
100290132
100294065
100299393
10030673X
100316557
100318762
100347851
100352332
100370381
100382142
100387152
100407536
100416284
100442234
100533787
100538819
10056495X
100568661
100579671
100596681
10059848X
100599737
100656099
100705367
100705723
100745520
100763871
100788181
100790399
100791492
100801161
100809766
100817076
100828620
100828922
10083017X
100834604
100837360
100837441
100852378
100859569
100881262
100936709
100936768
100937543
100939341
100941362
100945767
100946054
100947336
100951074
10095135X
100952089
100952119
100952364
100956149
100962068
100964605
100975194
101008090
101026641
101042159
101053495
101056605
101078854
10107977X
101079877
101102917
101104391
1011152908
1011155311
1011184648
1011192349
1011211718
1011231182
1011231719
1011234823
1011244586
1011244624
101124490X
1011245698
1011249499
1011254158
101126210X
1011263718
1011264609
1011276151
1011279819
101128479
101128517
1011285517
1011286645
101129740X
1011304740
1011305275
1011306344
1011333899
1011335735
1011341603
1011342022
1011345072
1011348020
1011348659
1011402270
1011438267
1011438550
1011455889
1011455994
1011477777
1011487241
1011494442
1011506114
1011508044
1011509008
1011509393
1011513404
1011516799
1011517914
1011520222
1011533073
1011546620
1011549050
101157231
1011574268
1011580225
1011580381
1011586738
1011600285
1011603500
1011620014
1011620758
1011627108
1011655330
1011669382
1011691043
1011700727
1011701979
1011736918
1011778572
1011778599
1011779153
1011780798
1011799324
1011799618
1011828421
1011853574
1011859181
1011884003
1011884577
1011888351
1011893118
1011899310
1011939606
1011968010
1011975262
1012001695
1012002012
1012044386
1012063003
1012067424
101208728X
1012125254
1012157873
1012179729
101218420X
1012200574
1012211266
1012217930
1012218449
1012231097
1012243516
1012246310
1012261662
1012273814
1012280314
1012331903
1012381633
1012382494
1012388220
1012393933
1012395472
1012410609
1012419037
1012427927
1012429741
1012431495
1012431657
1012432157
1012432459
1012432785
1012433102
101246307
1012464229
1012464784
1012465934
1012467848
101247478
1012484947
1012486982
1012504832
1012505006
1012520447
1012520978
1012524671
1012536149
1012537129
1012544575
1012556816
1012557286
1012561305
1012570096
1012583112
1012600076
1012600394
1012601684
1012605248
1012606708
1012606988
1012607097
1012619095
1012622827
101263279
1012633705
1012655075
1012655261
101265956
1012666611
1012703142
1012705110
1012705927
1012707253
1012708896
101270890X
1012717690
1012722805
1012743233
1012756327
1012766128
1012767884
1012769445
1012771601
1012772594
1012777383
101277869X
1012780619
1012781925
1012782824
1012787877
1012791173
1012796922
101280089X
1012800938
101280254X
1012803937
1012807878
1012808513
101280867X
1012809064
1012814793
1012821366
1012825108
1012825531
1012834239
1012843335
1012844161
1012844838
1012844951
1012859452
1012860027
1012867846
1012879984
1012880109
1012881598
1012881849
1012882144
1012883671
1012884619
1012898393
1012899721
1012901068
1012902188
1012904040
1012920224
1012921522
1012924300
1012924947
1012931021
1012953017
101295434X
101295594X
1012959406
1012960064
1012972046
1012990451
1012994112
1012994317
1012995046
1013006038
1013006291
1013008499
1013037790
1013039564
1013050959
1013079981
1013083121
1013108116
1013134982
1013142039
1013146360
1013146913
1013155629
1013173279
101322034X
101322745X
1013227972
1013263200
1013266579
1013267052
1013269640
1013281055
1013281225
1013285697
101328990
1013299205
1013317246
1013318005
1013319133
1013334272
1013340582
1013341929
1013349857
1013373804
1013374614
1013375173
1013402871
101340737
1013434161
1013437624
1013444051
101344535X
1013447433
1013471199
1013482239
1013499654
1013500954
1013502159
1013535162
1013535367
1013536231
1013537017
1013537157
1013539958
1013542290
1013560906
1013618211
1013624467
1013629892
1013631196
1013643380
101364476X
1013645642
101365632
1013658825
101365885X
101366101X
1013665546
101368009X
1013680677
1013682025
101368303X
1013696832
101369886X
1013700708
1013700937
1013707087
1013719883
1013721918
1013725484
1013751698
1013770366
1013770854
1013790049
1013792351
1013799461
1013800060
1013800176
1013801687
1013801768
1013810805
1013815084
101382525X
1013860195
1013891864
1013893301
1013908732
1013925092
1013943503
1013961714
101397512X
1013991346
1013993012
1014041279
101413947
101414471
1014145317
1014158249
1014175984
1014176409
101419458X
101422165X
1014228050
1014228700
101423004
101424809
1014279933
1014298067
1014356873
1014373301
1014419336
1014430690
1014430925
101443985X
1014475287
1014495032
1014498791
1014499038
1014500508
1014500516
101451150X
1014522218
1014526256
1014549302
101456638X
1014567513
1014568358
1014576482
1014622522
1014627184
101471920
1014766826
1014809622
1014823455
1014835496
1014868858
1014869668
1014891116
1014893224
1014895359
1014895693
1014895960
1014896398
101490119
1014902819
1014905389
1014906946
101494017
1014944880
1014954649
1014956676
1014983630
1014983916
1014990661
1014990920
1015002153
1015003419
1015044328
1015055451
1015060048
1015070523
101507968
1015082874
1015089518
1015089526
1015093337
1015126758
101512853X
1015137059
1015137660
1015140319
1015142494
101514328
10151462X
101514999
1015205615
101522746
1015229832
1015238300
1015245641
1015282202
1015325521
1015332730
1015337082
1015367909
1015369855
1015371566
101537670
1015389260
1015407986
1015422500
1015425364
1015426026
1015426204
1015429149
1015436331
1015436501
1015437826
1015439020
1015444342
101546534X
1015481019
1015514847
1015527248
1015528740
1015531016
1015531164
1015555624
1015573355
1015589219
1015590586
1015600476
1015602002
1015670202
101567944
1015752918
1015753094
1015756719
1015757758
101583001
1015880169
1015902553
1015906184
1015910610
1015931448
1015940978
1015964303
1015966152
1015968244
1015969755
1015977510
1015978886
1016029330
1016127073
101613229
1016155670
1016161581
1016179650
101618137X
1016188722
1016189974
101619031X
1016191340
1016191944
1016192665
1016194269
1016194595
1016216068
1016216483
1016218141
1016219636
1016220316
1016243383
1016249489
1016251467
101627173
1016315627
1016317336
1016341067
1016360088
1016362226
1016385870
1016386656
1016404298
1016426046
1016429800
1016436599
1016438796
1016452896
101646858X
1016480210
1016480865
1016485506
101651350X
1016529619
1016543980
1016548559
101655009X
1016550634
1016564317
1016577966
101659318X
1016598041
1016626223
1016629656
101662977X
1016663137
1016678916
1016685416
1016690703
1016692889
1016694210
1016694415
1016694989
1016698569
1016699077
1016747578
101676216X
1016767668
1016768672
101676961X
1016773269
1016797532
1016811438
1016882963
101688656X
1016893493
1016902948
101690835
101691279X
101692657X
1016938047
1016943288
101696207X
1016964080
1016964404
1016986084
1016999127
1017020264
1017069654
1017096295
1017120501
101713300X
1017136017
1017164134
1017164665
1017200785
1017213437
1017250022
1017268495
1017270341
1017285497
10172876X
1017319960
101733479X
1017336393
1017375534
1017408793
1017413665
1017427666
1017434964
1017435391
1017469881
1017474370
1017476756
1017508267
1017509905
1017511497
1017511896
1017513686
1017516774
1017520798
1017520992
1017547106
1017547890
1017598495
1017598975
1017599335
1017600562
101760097X
1017603375
1017649359
101767356X
101767846
1017691916
1017694001
1017695709
1017706751
1017707413
1017792925
1017794391
1017795592
1017795835
101781385X
1017824517
1017828830
1017830266
1017830606
1017834911
1017837643
1017837902
1017850844
101785186
1017876029
1017877661
1017899606
1017913900
1017940738
1017955573
1017958432
1017958831
1017962170
1018045813
1018051376
1018054766
1018057692
1018069712
1018099468
1018110720
1018143181
101815034X
1018169768
1018169792
1018182888
1018190414
1018200932
10182114X
101821778
1018222545
1018243941
1018247068
1018259279
1018260870
1018279563
1018282866
101829712X
1018299769
1018303499
1018304622
1018305106
1018305165
1018317864
1018317929
1018326618
1018349774
1018351094
1018351213
1018351396
101836414
1018365958
1018365974
101838662
1018388095
1018388958
1018415165
1018416501
1018424377
1018432310
1018462872
1018471367
1018477004
1018502947
1018515593
1018516433
1018526889
1018527346
1018531017
1018531130
1018534016
1018547770
1018551549
101863217
1018632530
1018661255
1018662480
1018663355
1018663444
1018666508
1018667660
1018668411
1018675302
101870957
1018715401
1018720960
1018729291
101873158X
1018775498
101877551X
101877775X
1018783059
1018807233
101881311X
1018826807
1018855645
1018861661
101886671X
1018869891
1018928952
1018933328
1018966420
1018968156
1018968628
1018968989
1018979549
1018995641
1019007958
1019092149
1019100567
1019102896
1019110171
1019117273
101911998
101912331
1019151390
101915179X
1019151943
1019152079
1019163143
1019168374
1019168889
1019175400
1019175486
101920334
101921373
1019221607
101922293X
1019242426
1019242922
1019245026
1019269065
1019273569
101929809X
1019306300
1019309539
101931074X
1019336390
1019345756
101934623X
1019347988
1019351055
1019353147
1019359153
1019373075
1019375760
1019384557
1019406046
1019420286
1019421053
1019428872
1019429291
1019440791
1019444398
1019445092
1019456809
1019469986
1019511818
101952252
1019541717
1019544686
1019544880
1019549149
101955195X
1019552085
1019561432
1019561610
1019568372
101959354
1019620048
1019626186
1019631082
1019645512
1019654651
1019657456
1019657804
1019664894
1019718668
1019741465
1019767405
1019768223
1019774010
1019787821
1019788763
1019801158
1019811099
1019816902
1019850175
1019851511
1019865679
1019870346
1019894660
1019895802
1019904186
1019907991
1019910119
1019912367
102000553X
1020007028
1020008199
1020026375
1020029943
1020033835
102005333X
1020119144
1020119691
10201891X
1020218576
1020225203
1020243589
1020247975
1020270268
1020283351
102029308X
1020294663
1020294779
1020295864
1020300892
1020301953
102034394X
1020385138
1020385227
1020395451
1020416955
1020419695
1020431148
1020431709
102046545X
1020471905
1020473029
1020476257
1020479973
1020504382
1020529245
1020533110
1020553626
1020554444
1020554452
1020554703
1020554770
1020650303
1020659351
1020662190
102066262X
102067570
102069344
1020701811
1020720999
1020723025
1020735007
1020751878
1020771755
1020819227
1020822686
1020852755
1020889810
1020904135
1020904348
1021024384
1021057797
1021085359
1021088323
1021090042
102109192
1021099449
1021109959
102111054X
102114729X
1021147648
1021150142
1021152692
1021160849
102116156
10211790X
1021189650
1021192473
1021201200
1021204714
1021205109
1021205745
1021211486
1021212822
1021214906
1021242934
1021253804
1021270474
10212809X
1021281123
1021282081
1021282960
102131949X
1021319538
1021320048
1021322091
1021322245
1021322385
1021328081
1021332003
1021335045
1021352829
1021353183
1021368423
1021373931
1021376639
1021379182
1021379468
102139016X
1021393185
1021394688
1021394998
1021396591
1021428264
1021429619
1021437611
1021440132
1021440175
1021440558
1021440663
1021442364
1021444170
1021537764
102156417
102157774
102159548
102171898X
102175126X
102182094
1021821179
1021834300
102187029
102199191
102199612
102199841
1022008188
1022009656
102201110
1022025058
1022079379
1022079573
1022093193
1022102559
102215303X
1022162012
1022196952
1022203681
1022204106
1022204416
1022220292
1022224204
1022226983
1022230476
1022231588
1022246704
1022247778
1022250302
102228150X
102230058X
10223244X
1022335022
1022349910
1022353691
1022355783
102235714X
1022359754
1022420771
1022444913
1022462873
1022468820
1022491008
1022491377
1022495232
1022523546
1022552414
1022553003
1022555073
1022577778
1022600133
1022601040
1022601164
1022601237
102260175X
1022609203
1022616625
10226659X
1022667793
1022691716
1022691910
102273220X
1022805835
1022809377
1022833553
1022847546
102287280X
1022899554
1022912011
1022914022
1022914154
102292906
1022942476
1022968084
1022980211
1023001594
1023005719
1023007088
1023019833
1023023741
1023029987
1023032996
1023033410
1023060795
1023066750
1023067099
102307706X
1023077639
1023077825
1023092255
1023104784
1023107473
1023122014
1023171546
102327518X
1023309769
1023316374
1023316498
1023316854
1023324075
1023330431
1023336014
1023337843
102334310X
1023359618
1023361337
1023373637
1023375648
1023383071
1023383799
102338745X
1023390574
1023396254
1023399253
1023399709
1023399911
102340005
1023401150
1023405369
1023409593
1023411512
102341206
1023413027
1023416336
1023441799
1023442086
1023461978
1023467631
1023472937
102348630X
1023486911
1023487888
1023489058
1023491109
1023491974
1023494167
1023499487
1023530112
1023547430
1023562251
1023562332
1023562367
102357098X
1023577445
1023577747
1023587726
102359229
102361023X
1023610620
1023614685
102362432
1023633205
1023645068
1023646234
1023649977
1023660059
1023661756
1023666464
1023672715
1023672839
1023677482
1023691027
102369235X
1023694859
102370451X
1023713098
102371714X
1023739267
1023748959
1023753812
102375908X
1023770687
1023770849
1023771772
1023783940
1023792745
1023844877
1023875667
102387573X
1023894998
1023911396
1023913208
1023914700
1023919036
1023936259
102393672
1023937786
1023939444
1023940078
1023953218
1023955334
1023959208
1023972352
1023974088
1023975823
1023975874
1023977575
102399139X
1023993279
1024013537
1024013804
1024014657
1024015467
1024041441
1024056473
102409474X
1024101681
102410631
102410801
1024116077
1024134644
1024148092
1024152804
1024155285
1024172740
102418799
102423091
102423806
1024252210
1024259498
1024269140
1024271382
1024274187
10242876X
1024302881
102430594
1024307107
1024308677
102431582
1024322076
1024345041
1024347788
1024349098
1024363783
1024388018
1024389170
1024392961
1024401197
102441340
102441723
1024436454
1024443175
1024472035
102447240X
102447285X
102447304X
1024481549
102450781
1024511561
1024514765
1024514900
102451658X
1024521885
1024525554
1024541878
102455063X
1024554597
1024563707
1024580881
102458812
1024597741
1024599256
1024641015
1024650383
10246510X
102466505
1024672743
1024680959
1024686388
102468704X
1024708764
1024710394
102471067X
1024711048
1024713695
1024726231
102472705X
102475768
1024758281
102479194
1024824616
1024825159
1024856631
1024858839
1024865800
1024872939
1024879771
102488029X
1024880605
102490813
102493626
1024945960
1024946878
1024946940
1024950417
1024951871
1024956601
1024960234
1024989704
1024994112
1024996433
102500061
102501890
1025029704
1025032640
1025069676
1025085671
1025088042
1025099311
102510286X
102510966X
1025132939
102516103
102517835
1025188586
1025201094
1025204565
102520801
102520976
102524351X
1025268385
1025281462
102529035
1025297245
102529868
1025305787
102531056X
1025314999
1025356284
1025371364
1025375114
1025403339
1025431987
1025432339
1025435605
1025448677
102546827
1025474252
102547629
1025483715
1025485084
102548908X
1025489403
102549542X
102549766X
102549993X
102550050
1025513487
102552991
1025550099
1025551044
1025562887
102557144
1025593820
102559937
1025602684
102560692
1025609824
102564252X
1025642570
102565392
1025658906
102565997X
102566017X
1025667328
1025668421
1025669029
1025680235
1025682459
1025683323
1025686772
102569256X
102569564X
1025703952
1025704924
102570507
1025718100
1025718224
102571848
1025725743
1025726030
1025726499
1025727770
1025729617
1025731131
1025748239
1025749545
1025751647
1025761200
1025761359
1025787617
1025800052
1025800737
1025800907
1025801377
102580308
1025826450
1025836677
1025836731
1025839048
1025841689
1025858174
1025875575
1025895819
1025903374
1025909372
1025920651
102594965X
1025950895
1025954602
1025989171
1026030145
1026033500
1026039657
1026041031
1026052084
1026067561
102606838
1026069211
1026070066
1026073456
1026089603
1026095921
1026101514
1026102502
1026103320
1026104076
1026107008
1026109140
1026112346
1026113768
1026149096
102615653X
102615829X
1026172810
1026178592
1026194776
102620636
1026228166
1026232910
1026233909
1026247853
1026262127
1026275261
1026296110
1026297699
1026299624
1026308976
1026351421
1026380820
1026380987
1026390982
1026394562
1026420679
1026431751
1026434912
1026440971
1026446694
1026448689
1026452066
1026463971
1026630487
1026634644
1026660254
1026689287
1026689716
1026691435
1026691478
1026691494
1026694469
1026720478
1026738032
1026760011
1026760232
1026770831
1026776511
1026791472
1026801508
1026813174
1026818397
1026830621
1026852196
1026853060
1026866766
1026875390
1026875528
102688222
1026902444
102692717X
1026930502
1026933560
1026945860
102696969
1026972167
1026973430
1026975700
1026980127
1026991277
1027014747
1027035752
1027106056
1027109314
102711291
102712190X
102712349X
1027124798
1027124933
1027129188
1027136575
1027147518
102715168X
1027161812
1027161871
1027166962
1027167128
1027168280
1027176127
1027176240
1027177093
1027191584
1027192661
10271939X
1027205267
1027241697
1027241832
1027242049
1027249752
1027250122
1027276490
1027287034
1027317804
1027318061
1027319653
1027331599
1027333346
1027334105
1027335055
1027335241
1027343813
1027344321
1027347258
1027354610
1027355056
1027355358
1027393527
1027414028
1027414079
1027434517
1027468276
1027494528
1027501028
1027503675
1027508863
1027513700
1027515932
1027516637
1027523838
1027542085
1027542840
1027545882
1027545963
102754837
1027562965
1027563082
1027582729
1027595111
1027618391
1027618723
1027621074
1027635636
1027641261
1027643396
1027648746
1027671020
1027672213
1027676677
1027684505
1027685072
1027693083
1027700926
1027701698
102771630X
1027724272
1027726704
1027734189
1027764584
1027764622
102776472X
1027768547
1027769527
1027779662
1027781985
1027786847
1027814557
1027815286
1027818161
1027819850
1027831672
1027834388
102783583X
1027839428
1027842194
1027854753
1027878008
1027879454
1027984886
1028019386
1028019408
1028020872
1028026285
1028027605
1028040156
1028040725
1028040741
1028041225
1028042167
1028042264
1028055935
1028078722
1028078927
1028081758
102808899X
1028093756
102809518X
1028096127
1028096844
1028096860
1028097530
1028098669
1028099274
1028131984
1028193009
1028193572
1028197101
1028216815
1028219172
1028222882
1028229712
1028229992
1028235119
102824570X
102826951
1028271131
1028272723
1028283164
1028283601
1028285639
1028285841
1028286899
102829527
1028305249
1028327889
102834679
102836531
1028374216
102837422
1028376553
1028376642
1028377924
102840261
102849632X
1028510764
102851445X
1028518412
1028518447
1028522770
1028523734
1028535007
1028535155
1028535511
1028556209
1028559046
1028559208
1028560575
1028579497
1028580320
1028590687
1028591039
1028592698
1028593554
102859464X
1028621930
1028622287
1028640374
1028641591
1028644329
1028644345
1028648049
102865989X
1028664192
1028666594
1028674260
1028776101
102878614X
1028787065
1028788517
1028790988
102881366X
1028818653
1028849680
1028850204
1028855931
1028868073
1028892403
1028895976
102892111X
102892142X
1028944446
1028947348
102895266X
1028976208
102897695X
1028977018
1028982968
1028984200
1029054339
1029065659
1029068399
1029069646
1029069751
1029069891
1029092346
1029146071
1029146489
1029146551
1029169284
102918156X
1029196257
1029249288
102926063X
102927677
1029300569
1029300925
1029303010
1029303347
1029305331
1029336512
1029343985
1029352453
1029352860
102935863X
1029364729
1029365032
1029380155
1029380333
1029381720
1029392293
1029424667
102944613X
1029456909
1029487537
1029497117
1029511500
1029512124
1029512132
102951223X
1029512590
1029513082
102951366X
1029560382
1029564655
1029580588
1029585636
1029585695
1029585857
1029585903
1029586128
102958625X
1029586349
1029586705
1029586802
1029586918
1029587779
102959306X
102959927
1029604541
1029604746
1029604797
102960584X
1029606250
1029607516
1029633428
1029671559
102969012X
1029720371
1029723575
1029743266
1029745544
1029775370
1029777551
1029777705
1029779023
1029805636
1029809496
1029825998
1029829411
1029829853
1029834679
1029851085
102985987
1029863172
1029878331
1029881588
1029883335
1029887012
1029901856
1029909571
1029936447
1029937400
1029964122
1029967784
102999708X
1029997500
1029997535
1030006474
1030014329
1030068453
1030078777
1030115508
1030163162
1030171661
1030193029
1030212856
1030230684
1030240248
1030248583
1030289204
1030298394
1030300534
1030309795
1030310416
1030332630
1030350531
1030376212
1030376425
1030376565
1030378452
1030395063
1030447152
1030486352
1030487235
1030496099
1030504628
1030506752
103053344X
1030578982
1030579792
10307824X
103083944
103086870
1031093311
1031107932
1031115374
103115129
103115218
1031171185
1031172939
103117687
1031208224
1031210792
1031215263
1031250433
103125795
103126317
1031266259
1031267344
1031271031
1031272097
1031274073
1031289321
103130659
1031315691
103132600
1031346163
103135042X
1031394028
1031432566
1031484299
1031484922
1031523162
1031523480
1031523596
103153667
103154058X
1031543686
1031545735
1031546529
1031574093
1031585001
1031630414
1031638881
1031648089
1031651608
1031654356
1031655166
103166422X
1031678484
1031683119
1031687963
1031690360
1031691944
1031692762
1031720103
1031734783
1031742131
1031768335
1031769358
1031772537
1031778888
1031800948
1031801448
1031831002
1031831932
1031835652
1031837760
1031843035
1031843108
1031882421
103188601X
1031898964
1031905375
1031925473
1031925546
1031925651
1031926666
1031927530
1031935428
1031936548
1031943404
1031947264
1031951318
1031952500
1031958215
1031958371
1031960325
1031960961
1031962522
1031975497
1031975799
1031983716
1032010517
1032014253
1032019921
1032029706
1032095202
1032096640
1032137207
1032149744
1032149914
1032155035
1032165499
1032199024
1032204303
1032213914
1032229306
1032261811
1032264934
1032281871
1032301651
103230328X
1032304235
1032307897
1032349425
1032349433
1032352418
1032371935
1032409061
1032416742
1032485116
1032487151
1032506881
1032533501
1032541490
1032670843
1032673028
1032676639
1032727241
1032748516
1032753307
1032765852
1032768797
1032769688
1032786698
1032789212
1032865385
1032871288
1032910631
1032963956
103296622X
1032969660
1032970960
1032980621
1032983698
1032985216
1033001295
1033004464
1033007102
1033018023
1033018651
1033020338
1033021148
1033025429
1033027707
1033077771
1033079065
1033117013
1033126020
1033177385
1033177628
1033186317
1033191396
1033226335
1033230979
1033284653
1033285870
1033291242
1033302635
1033302759
1033331279
1033336408
1033337536
1033345733
1033389269
103339176X
103339257X
1033421049
1033441562
1033441899
1033441961
1033445215
1033445711
1033479055
1033492248
1033494658
1033525952
1033527114
1033546771
1033568082
1033568708
1033570532
1033576255
1033603651
1033609668
1033610380
1033619124
1033619434
103363378X
1033648876
1033651516
1033653780
1033668303
1033671037
1033684147
1033723282
1033732915
1033768553
1033784842
103380004X
103380245X
1033803766
1033804479
1033808466
1033823481
1033866970
1033869546
1033881457
1033883182
1033883395
1033911038
1033925926
1033927600
1033930490
1033932264
1033960489
1033962244
1033995355
1033997110
1033999709
1034017055
1034033441
1034034162
1034034383
1034056530
1034065564
1034070789
1034087436
1034090445
1034104497
1034104756
1034111795
1034113224
1034115103
1034117475
103411834X
1034144499
1034144561
103414717X
1034148222
1034148559
1034149288
1034180436
1034183206
1034185195
1034193074
1034207148
1034208888
1034236318
1034268740
1034292803
1034293435
1034296817
1034297740
1034309439
1034375563
1034401742
1034402587
1034413228
1034445820
1034478958
1034483366
1034492039
1034494864
1034496565
1034498681
1034499548
1034535692
1034538187
1034541528
1034542583
1034554700
103455610X
1034556959
1034562878
103456790X
1034581414
1034581716
1034594079
103462671X
1034628569
1034651307
1034651595
1034659324
1034663976
1034664840
1034669168
1034671049
1034674498
1034676822
1034688081
1034701266
1034706268
1034713388
1034716484
1034718312
1034719939
1034722034
1034737481
1034737570
1034743597
1034744747
1034747150
1034761129
1034767623
1034792067
1034799002
103482435X
1034855077
103486050X
1034863029
1034882082
1034897985
1034904892
1034921258
1034923137
1034940023
1034941720
1034941755
1034946854
1034962965
103496772X
1034993763
1034996738
103507091X
103507513X
1035081318
1035090988
1035098946
1035099160
1035112973
1035113864
1035117843
1035118025
1035121700
1035124424
1035134829
1035141213
1035148447
1035149591
1035155583
1035160080
1035161850
1035166127
1035168073
1035168103
1035179342
1035209543
1035212560
1035216930
1035218984
1035219158
1035226286
1035241218
1035243334
1035287242
1035332647
1035349302
103538146X
1035433737
1035433788
1035464500
1035484927
1035496941
1035518198
1035528436
1035534169
1035534568
1035535548
1035552329
1035567903
1035606038
1035608278
1035610620
1035611880
1035620871
1035624109
1035624419
103565427X
1035658801
103567355X
1035735709
1035737507
1035737523
1035777800
1035780720
1035784424
1035788837
1035822946
1035835185
1036098338
1036115070
1036116174
1036147851
1036148408
1036148556
1036155331
1036228371
1036249700
1036250172
1036292878
1036299015
1036301230
1036315967
1036318354
1036371476
1036374998
1036376923
1036379221
1036381722
1036382281
1036431673
103643219X
1036438171
103644743X
1036463826
1036489809
1036489930
1036491315
1036511065
1036511324
1036512827
1036523144
1036524361
1036528820
103652910X
1036529495
1036567478
103660893X
1036622452
1036655075
1036657663
1036657906
1036662489
103669173X
1036693821
1036716619
103671912X
1036738116
1036753611
1036754014
103675412X
1036757153
1036765296
103678679X
1036788393
1036893863
1036902196
1036906507
1036913716
1036941558
1036942767
1036947939
1036970671
1036987841
1036990664
1036991571
1037003152
1037004280
103700826X
1037043898
1037049896
1037051580
1037096770
103710224X
1037106547
1037122569
1037190440
1037329112
1037359143
1037359887
1037383419
1037383753
1037387279
1037400070
103740971X
1037426401
1037480805
1037499565
1037511239
103752201X
1037545354
103755454
1037604938
1037693329
1037699726
1037734580
1037736044
1037737717
1037737822
1037754891
1037787935
1037792661
1037797140
1037798465
1037806530
1037832221
103785299
103787739X
1037890922
1037971922
1037983726
1037993756
1038015103
103805850
1038112974
103812591X
1038175771
1038206162
1038206766
1038207037
1038225841
1038226562
1038247845
1038249937
103830731
1038323010
1038352703
103835417X
1038385385
1038400139
103843257X
1038438896
1038458196
1038462185
1038487811
103851011
1038545145
1038593352
1038700361
1038712238
1038713196
1038714443
1038718260
1038719933
1038724317
1038724635
1038724988
103876999X
1038773660
1038776732
1038855268
1038878691
103906886
103921990
103928774
103966005
103972617
10401668X
104033142
104045299
104050101
104051043
10405252X
104056207
104065079
10407051X
104070536
104070854
104074787
10407969X
104084162
104085630
104091061
104092033
104097299
104099321
104102357
104103787
10410595X
104109173
104112050
1041240791
1041248903
1041254040
104126078
1041275935
1041282192
1041289464
104129654
104130385
1041309996
1041310625
104131276
104133309
1041358156
104136391
1041365330
1041367058
1041368682
1041369387
104150742
1041540868
1041553196
1041555016
104156306X
104156578X
1041571429
104158506
1041611161
104161612
1041647778
1041650086
1041652933
1041657315
1041662106
1041677189
104167886X
1041702736
1041733658
104176059
104176709
1041802773
1041807341
104181075X
104182601
104183829
1041854218
1041881959
104188396X
104189693X
1041902964
1041906439
1041935641
1041936486
1041938608
104193905
1041941641
104194553
104196866
104197528
1041977026
1041979665
104201460
10420172X
104206527
104207272
104209356
10421001X
104211253
1042155224
1042163537
1042174156
1042180857
1042219575
1042223025
1042243441
104224363
1042243662
104225804X
1042260907
1042262187
104226854
1042268940
104226905X
1042301727
1042302979
1042303614
1042333785
104233403X
1042347964
104235217
1042353298
1042379203
104238798
104239956
104240173X
104241462
1042415218
104241764
104246073
1042475644
1042478066
104247843
1042491321
1042514976
1042516588
1042529000
1042540179
1042547238
1042575150
104257622X
1042588716
1042619697
1042623333
104262877
104264446
1042645698
1042646880
1042671222
104270055
1042718105
1042743991
104274883
1042762783
1042766738
104278177X
1042783675
1042799210
104279927X
104279931
1042799407
104284853X
1042854769
104286148
104286458
104289996
1042926824
104293424X
1042957932
1042957967
1042979235
104298308
104301341
1043068783
104311894
1043133585
104315083
1043168281
1043209085
1043213171
104323621X
1043283269
104329394
1043294112
1043298754
1043307710
1043309470
1043309489
1043328084
104338954
1043401253
1043407669
104344628
104345071
1043463860
1043475729
104348348
104348410
104349301
1043495487
1043548769
1043554874
104356707
1043567763
104363441X
104364386
104364467
1043654178
104366516
1043684506
1043694277
1043715843
1043724664
104372494X
1043726667
1043730745
1043735526
104376198
104376481X
1043780610
1043786414
104378824
1043790098
104381566
104381620
1043830928
1043831525
1043834362
1043838333
1043839054
1043877398
1043914870
1043940049
1043946977
1043947469
1043947809
1043949496
1043951466
1043953019
104402934X
1044066482
1044067519
1044132698
1044136472
1044136642
1044136928
1044144084
1044148799
1044171537
1044174056
1044200766
104420172X
1044205733
1044208791
104425453X
104426571X
1044275774
1044278129
1044280190
1044304014
1044359021
1044360356
1044360658
1044372990
1044373598
1044378182
1044408057
1044408316
1044409649
104441037X
1044429798
1044443162
1044445777
1044452668
1044529709
1044564032
1044569255
1044572183
1044619562
1044619678
104462020X
1044620501
1044621168
1044622512
1044643617
1044644044
1044647906
1044648295
1044648538
1044668776
1044668865
1044670665
104467377X
1044676442
1044693304
1044698004
1044736283
1044743190
1044747528
1044766107
1044768452
1044773995
1044797924
1044802308
1044805366
1044808152
1044846151
1044846488
1044873140
1044882050
1044884576
1044907304
1044931272
1044941669
1044997591
104503424X
1045063118
1045063150
1045111201
1045111600
1045112194
1045112356
1045164178
1045164194
1045166316
104516982X
1045173525
1045184500
1045189375
1045233285
1045245925
1045251682
1045256110
1045256188
1045256374
104525830X
1045291692
1045292044
1045304719
104531606
1045319597
1045408336
104545575X
1045484350
1045568333
104563257
1045696595
1045756466
1045760331
1045763047
1045768391
1045769436
1045771953
1045772909
1045773662
1045793795
1045804606
1045855928
104589723X
1045897256
1045897426
1045921696
1045922978
1045967610
1045967718
1045968692
104597755
1045979082
1045983764
1046013041
1046013831
1046032372
1046032410
1046042386
1046069373
1046088602
104609664
1046123327
1046124412
1046126156
1046126814
1046169769
1046170317
1046172506
1046184865
1046196952
104619903X
1046209205
1046232967
1046235605
1046246356
1046303570
1046322125
1046322249
1046322338
1046343599
1046346601
1046384244
1046384252
1046394517
1046395823
104639733
1046398008
104641258
104641559X
1046416510
104643536
1046464302
1046528688
1046529528
1046536540
104655461
1046577190
1046577409
1046595288
1046628852
1046654470
104666005
1046683039
1046696394
1046697447
1046703706
1046708317
1046732196
1046734725
1046757598
104678615
1046790471
104681463X
1046827995
1046865625
1046872206
1046876813
1046880748
104689609
1046916203
1046918427
1046926314
1046933515
104694475
104694912
1046954350
1046954377
1046974408
1046974580
1046977075
1046978608
1046978837
1046980726
104700349X
10470604X
104706201
1047085887
1047092875
1047112825
1047151677
1047153386
1047156008
1047165376
104716549X
1047165740
1047170817
1047170965
1047177730
104718315
1047212730
1047251590
1047252988
1047261189
10472613X
1047266644
1047288575
1047302799
1047305534
1047322064
104733055
1047347288
1047347458
1047354675
1047357771
1047366843
1047377195
1047393638
1047398117
1047401002
1047401436
1047420759
1047494396
1047506831
1047512629
104751897X
1047559242
1047568365
1047603616
1047606259
1047607689
1047634031
1047636352
1047637383
1047637391
1047646374
1047648628
1047678624
1047679299
1047679760
104768436
1047687070
1047695723
1047701367
1047703645
1047719010
1047729466
1047736225
1047740311
1047740648
1047743361
1047767996
1047772566
1047782324
1047807505
1047824663
1047826976
1047829444
1047831031
1047831554
104783166X
1047832089
1047832143
1047846705
1047849925
104785029X
1047855119
1047877627
1047894823
1047897245
1047898012
1047918722
1047943654
1047964007
1047980347
1048077217
1048109747
1048132587
104816148X
1048186199
1048192075
1048197360
1048213420
1048243885
1048258912
104828838
104833564
1048343308
1048343707
1048400182
1048407063
1048413969
1048415961
1048419649
104842121X
104842328X
1048445828
104845665X
1048456714
1048466795
1048492583
1048495620
1048527603
1048537331
1048540006
1048540081
104854820
1048596753
1048607542
104863404
1048640310
1048645231
1048689441
1048689999
1048691659
1048694062
1048695514
1048696022
1048699862
1048702855
1048708489
1048732959
1048735176
1048751953
1048752402
1048752526
104884967
104895403
104905689
1049155882
1049156471
1049159950
104916122X
1049169034
1049172035
1049175255
1049178998
1049180801
1049185870
104919639
1049202899
1049258339
1049260570
1049261607
1049262220
104930918
1049313542
1049318099
104933208
1049334116
1049346033
1049349911
1049357515
1049359208
1049396383
1049406796
1049454146
1049474554
1049480953
1049483219
1049505123
104950898X
1049554906
1049556038
1049563506
1049567609
1049570901
1049608917
1049622383
1049652436
1049669932
1049670795
1049671902
104970383
1049709292
1049717309
1049722671
1049724267
1049728114
1049743385
1049744934
1049746821
1049759702
1049761235
1049764315
1049793498
1049795903
1049796098
1049807863
1049810740
1049817494
1049838033
1049840666
1049851943
1049852176
1049852494
1049864948
1049865235
1049899466
1049906004
1049906977
1049907760
1049910079
1049957520
1049957628
1050007506
1050007905
105005568
1050055683
1050056639
1050056876
1050105842
1050206797
1050226593
1050228553
1050229525
1050247426
1050248198
1050252837
1050281780
1050282396
1050297873
1050300009
1050323297
1050370414
1050380576
1050380630
1050404211
1050432738
1050438086
1050475860
1050476832
105051078X
1050513088
1050553055
105055731X
1050560477
1050560647
105056588
1050622847
105065951
1050682955
1050687019
105068852X
1050701607
1050705998
1050735447
1050736095
1050804929
1050811526
105083038
1050854314
1050862201
105090581
1050912624
1050914643
1050936469
1050958950
1050961439
1050966465
1050970535
1050988744
1051010837
1051011310
1051017300
1051021197
1051036887
1051065089
1051068339
105106919X
10510714X
105107391X
1051092590
1051108527
1051114055
10511183X
1051118832
1051151732
1051163846
1051170605
1051172845
1051173884
1051174996
1051175909
1051180465
105118794X
1051202264
1051208939
1051209692
1051213142
1051215226
1051217172
1051260264
1051260949
1051261120
105129262X
1051298253
1051306310
1051317835
105134988
105135534
105136258X
1051386616
1051403561
1051407958
1051419506
105142111X
1051443547
1051446104
1051465826
1051472156
1051472253
1051499887
1051499976
1051501075
1051529115
1051533236
1051534305
105158549X
1051589843
1051598788
1051599288
1051603056
1051604621
10516108X
1051641985
1051650062
1051652464
1051653533
1051654904
1051659221
1051675782
1051676703
1051685400
105169072
1051693756
1051708397
105170860
1051709210
1051711339
1051756324
1051757673
1051764998
1051781493
1051790301
1051790344
1051815185
1051828503
1051855381
1051856965
105187518
1051895960
1051970628
1051971314
1051987555
1051997852
1051999820
1052000711
1052029116
1052042635
1052078494
1052100473
105210178X
1052121373
1052153380
1052156126
1052201601
1052240089
105225398
105225797
1052298672
105235162X
105235830
1052418791
1052423280
1052427715
1052436803
1052550045
1052557538
105256137
1052565077
1052565255
105256643X
1052598439
1052608884
1052639852
1052674437
1052693334
10527349X
105273805
105278661
105278815
1052802400
1052821383
105284580
1052854176
1052900321
1052909639
1052927084
1052942547
1052945236
1052962114
1053012713
1053044275
1053067518
1053080603
105308544
105309486
1053131038
1053131461
1053139829
105315737
1053180268
1053181922
105319630X
1053197403
1053234538
1053275862
1053311109
1053316178
1053319010
1053340532
1053345461
1053365055
1053367031
105341479X
1053439970
1053459599
1053461364
1053479069
105348254X
1053512228
105352616
1053527098
105355852
1053579683
1053581769
105359467
105366687X
105367953X
1053680848
105368794X
105370711
1053723342
1053732201
1053736177
1053737319
1053748701
1053751133
1053751230
1053802986
1053814704
1053817428
1053823185
105382329
1053829892
1053839022
1053842104
1053844123
1053928653
105394585X
1053948042
1053951906
1053954883
1053980701
1053981619
1053982275
1053983026
1053986718
105401498
1054016453
1054036861
1054037787
1054092753
1054096503
105417939
105418277
1054323453
105432954
1054341656
1054343829
1054353123
105436804X
1054389608
1054406138
1054407541
1054410232
1054412286
1054431450
1054433313
1054435480
105452742
1054554366
1054566658
1054569827
1054611386
1054612633
1054628130
1054650411
1054651019
1054658404
1054665680
1054669546
1054704465
1054705690
1054705984
1054728151
1054729077
1054767904
1054786801
1054821755
105483753
1054840172
1054943494
1054964106
1054970289
10549951X
105500771
1055011552
1055011560
1055011773
1055012141
105502137X
1055021434
105502375
1055024247
1055025766
105508732X
105509394X
1055128824
1055150943
1055154469
1055164197
1055176608
105517720
1055179887
1055190147
1055196153
1055244247
1055247890
1055319115
1055335358
1055355936
1055379924
1055385002
1055432418
1055445730
1055445773
1055481923
105548471X
1055523987
1055546499
105554934X
105559163X
1055594868
1055710876
1055775935
105581364
1055836454
1055837108
1055851054
1055859233
1055859284
1055911642
1055924906
1055926313
1055963618
1055971890
1055973737
1056004215
1056005424
1056009691
105614017
1056258748
1056258845
105634158
105636983
1056421924
1056433906
1056461349
1056589604
105659541
105665770
1056663650
1056760966
1056816759
1056818271
1056818298
1056821019
1056895527
105689556X
1056895594
1056901446
1056901489
1056901551
1056901810
1056922036
1056937386
1056951680
1056970855
1056982012
1056986247
1056986867
1057018996
105711527
105718076
1057186449
105730505
1057324477
105740160
1057409278
1057444189
105749605
1057572942
105765880
105772283
105773972
1057765619
1057769568
1057842923
1057858951
1057860387
1057864757
105789527X
1057901822
1057910058
1057925012
105793582
1057943673
1057946966
1057972592
1057980404
1057980978
1058040804
1058042491
1058044737
1058081942
105809314
1058097679
1058097857
1058098756
1058101773
1058117386
105812014X
1058141031
1058176005
1058224980
1058244531
105829757
105830976
1058327208
105832952
1058330454
1058331981
1058343289
1058349171
1058349325
105835180X
1058351931
1058352059
1058371002
1058377175
1058384562
1058385674
1058386042
1058394797
1058408038
1058418785
1058427687
105844591X
1058450166
1058454668
105846163
105846213X
1058463616
1058487221
1058494651
1058495216
1058505408
1058558994
1058559044
1058559079
1058559125
1058562916
1058580116
1058584545
1058602543
105861407X
1058619519
1058620401
1058621742
1058622021
1058640097
1058641123
1058662635
1058717774
1058749609
1058762109
1058764470
105878995
1058839489
105885746
1058874233
1058877097
105888770X
1058894978
1058902008
105890456
105893722
1058984225
105900427
105909004X
1059120038
1059144751
1059146479
1059225603
1059252317
1059254417
1059261308
1059313413
1059358832
105938485X
1059409321
1059422522
1059434911
1059459426
1059464829
105947266X
1059507056
105956307X
1059563886
1059563924
1059564025
1059564092
1059564335
105965391
105968579
105971723
105980528
1059822318
1059822385
1059834936
1059871696
1059892960
1059894068
1059894149
1059927144
105994586X
1060033518
1060033542
1060033836
1060034905
1060035294
1060064499
1060078392
1060080915
106011741X
1060130181
1060229307
1060234882
1060260301
1060407612
1060409127
1060419505
1060446626
1060451239
1060497956
106056176X
1060637405
1060638371
1060644118
1060676559
106069136
1060706717
1060736624
1060767147
1060770539
1060770660
1060771292
1060787695
1060789647
1060806983
1060807475
1060843358
1060844931
1060845733
1060846519
1060850672
106085354X
1060856034
1060911094
1060913143
1060930617
1060930811
1060932091
1060993317
1060993392
1060993465
1060993511
1060993554
1061002047
1061002098
1061017958
106102982
1061040909
1061065901
1061067181
1061094685
106110284
1061106365
106111493
10611171X
1061213439
1061213544
1061213935
1061275604
1061330338
1061333418
1061335631
1061350460
106137913
1061385302
1061403181
1061410595
1061479234
106148222
1061492664
1061503569
106150367
106150464
1061524809
1061532550
1061557308
1061577139
1061612147
1061655598
1061708233
1061738701
1061742245
106175602
1061777162
1061785149
1061786668
1061813908
1061815390
1061865525
106187562
1061882020
1061915220
1061948595
106196499X
1061966518
1062044266
1062063937
106206660X
1062073258
106208649X
1062107527
106216749X
1062171020
1062235649
1062242343
1062273028
1062290682
106231650
106232622
106234102
1062342240
1062365844
1062387430
1062415485
106248316
1062497910
1062499077
1062500318
1062510453
106252291
1062527496
106257307
106257692
1062587855
1062632990
1062633210
1062675185
1062725751
106273132
106274649X
106274652X
1062790685
1062791207
1062791487
1062792246
106285904
106289039
1062891252
106290142
1062904524
1062915186
1062925718
106298917
1063002079
1063007232
1063042267
1063042518
1063042798
1063063205
1063064694
1063074673
106311571X
1063175976
1063305985
1063313422
1063315425
1063315662
1063317673
1063318440
1063355524
106339158X
106345133
1063651735
106368710
10637074X
1063719690
1063743486
1063746973
1063748941
1063748984
1063749077
106375562X
1063756456
1063799007
106381857
1063885957
1063889138
1063916712
106391924X
1063919436
1063927366
1063928656
1063960371
106397254X
1063982553
1064021344
1064022588
1064029795
106403134X
10640606X
1064097138
1064097197
106410004X
1064119336
1064128351
106413016X
1064131549
1064131913
1064135137
1064137806
1064138632
1064141129
1064188753
1064274919
1064346332
1064353142
106435419X
1064471447
1064588212
1064594301
1064601286
1064604056
1064633102
1064634133
1064638139
1064661815
1064665004
1064667767
1064677223
1064677649
106467822X
1064684114
1064718132
1064723764
1064723926
1064758649
1064765432
1064770568
1064775551
1064777910
1064778003
1064834817
106484118X
106485608X
1064860621
1064862675
1064865038
106487779
1064880169
1064897541
1064948596
1064963684
1064964419
1064988652
1064991122
1065010877
1065058993
1065059051
106510878
1065183054
1065199406
1065204809
106528246X
1065317395
1065318014
1065318766
1065321902
1065345305
106534693X
1065354088
1065392834
106539566
1065411626
1065415648
1065418051
1065458460
1065466633
1065476450
1065495102
1065616384
1065632452
1065635222
1065673892
1065673914
1065673965
106567578X
1065679335
1065686552
1065686943
1065691815
1065693613
1065696787
1065698224
1065745583
1065777574
1065777922
1065829264
1065830440
1065905955
106591377X
10660113X
106601989
1066154139
1066211736
1066211760
1066231826
1066258015
1066324271
1066338922
1066353700
1066354367
106635492
1066387168
106640142X
1066409242
1066412251
106642804
1066450250
1066484066
1066496854
1066582823
1066584974
1066603731
1066605742
1066669724
1066693455
1066712824
1066716331
1066718687
1066759758
1066764212
1066772533
1066861927
106688529X
1066889813
106691333
1066921377
1066931224
1066984875
106701294X
106713574
1067158960
1067160442
1067162100
1067163182
1067207937
106721478X
1067218068
1067219781
1067221387
1067222588
106724543X
1067247270
1067247521
1067249141
1067250085
1067250298
1067252320
1067331638
1067471464
106747238X
1067530649
1067538488
1067571736
1067571892
1067594116
1067595112
106759924X
1067600671
1067610308
1067637435
1067676597
1067794530
1067837949
1067861904
1067867147
106787108X
1067880151
106790730
1067946713
1067984038
1067985301
1068019824
1068039159
1068044896
1068044969
1068082208
1068085916
1068086378
1068088680
1068191872
1068218207
1068222816
106822522X
1068225823
1068226196
1068226943
1068236507
1068245271
106827039X
1068277017
1068295678
1068296305
1068298987
1068327278
1068327529
1068328061
106836102
1068368500
1068418044
106846078
1068480599
1068489057
1068590017
1068594632
1068661402
1068661445
1068661461
1068662638
106869019
106869353
1068732806
1068733055
1068770821
106877445
1068780770
1068793384
1068797290
1068826185
1068829753
1068830026
1068898542
1068960051
106900765
1069081892
106909028X
106909241X
106909790X
1069098043
1069098973
106913808
1069150460
106916459
106916734
106917072
106917412
1069186384
1069228974
1069304115
1069308722
1069310174
1069354503
1069362824
1069406287
1069426393
1069519456
1069526800
1069542970
1069554669
1069561851
1069565989
1069582263
1069588296
1069598518
106962116
106963509X
106963557X
1069643823
1069647896
1069653284
1069654086
1069679356
1069688339
1069689432
1069693537
106979046X
1069797049
1069801445
1069877794
1069936286
1069937134
1069938270
1069940356
1069941395
1069951978
1069953288
1069953539
1069958247
106996266X
106996302X
1069965847
106997014X
106997920
107001950X
1070042498
107004399
107004525X
1070048526
1070048569
1070073520
107007358X
1070172707
1070174912
1070187542
107019779
1070221422
1070221872
1070224456
1070228516
1070230774
1070235148
1070235229
1070235350
1070261637
107027593
1070284815
107029473X
107031086
107032275X
107033054
1070360848
1070383260
1070402729
1070402990
1070409987
1070412988
107042517
107043637
1070446297
1070469106
1070470481
1070478342
1070478903
1070479616
107050161
1070501638
1070504122
107054244X
10705602X
107058276X
1070582778
1070585041
1070587206
1070588253
1070588431
1070588873
1070589357
1070589454
1070594687
1070595209
1070595527
107059590X
107059685X
1070597074
1070597503
1070598488
1070611506
1070611905
1070635456
1070677620
1070694436
1070715514
1070715859
1070716472
107071710X
1070768154
1070769991
1070770582
1070770884
1070770973
1070771015
1070795968
1070797324
1070798207
107080102X
107080147X
1070802646
1070805289
1070822647
1070828025
1070865257
1070916374
107094215
1070942332
1070942537
1070944165
1070946389
1070951455
1070961426
1070962287
10709861X
1071066544
1071073184
107107590X
1071078925
1071083856
107113597
1071150472
1071158538
107118491
107122642
1071242776
107133067
1071331639
1071339281
107137704
107140519
107140721
1071426001
1071498738
1071554042
1071608894
1071628666
1071656384
1071660144
1071674366
1071675818
1071686070
1071687468
107170736
107171791X
1071811029
1071821687
1071831259
1071867229
1071902172
1071902636
1071917994
1071926802
1071927108
1071998757
1071998765
1072046008
1072051753
1072067544
1072084015
1072100118
1072114739
1072153335
1072174502
1072175037
1072184729
1072185229
1072187965
1072199041
1072246236
1072247690
1072253070
1072300982
1072301970
1072302071
107230323X
1072303922
1072304724
1072317427
10723887X
1072417502
1072418045
1072433214
1072434806
107247073X
1072476525
1072485826
1072487144
107249177X
1072495147
1072505495
1072505851
1072507811
1072511878
1072518589
107251902X
1072521113
1072521296
1072523019
1072548399
1072548445
1072565048
107256568
1072567547
1072572354
1072574632
1072575701
1072599082
107260778
1072630621
1072631997
1072635984
1072650754
1072708809
1072712466
1072719819
107272264X
1072728966
1072746123
1072762358
1072764288
1072767503
1072768615
107277013X
107277173X
1072777819
1072778165
1072828650
1072829282
1072862263
107292068
107308983
1073125483
1073136159
1073136930
1073140725
1073144461
107314886
1073155013
1073156346
1073159051
1073167135
1073207560
1073217094
1073221598
1073222012
1073228118
1073229971
1073252876
1073324133
1073326756
1073329399
1073330605
1073334597
10733481X
107341522
1073419118
107344046X
1073442896
107345161
107348792X
1073537064
1073537412
1073555127
1073556506
107355905X
1073611272
1073666050
107367726
107378558
107385317
107385549X
1073857263
1073859193
107388014
1073925366
1073940039
107395630
1073979369
107399490
1074023331
1074023374
107402866
1074036301
1074041496
1074123883
1074126742
1074129903
1074129946
1074142101
1074143752
1074145267
1074196961
1074203119
107421613X
1074223640
1074228987
1074261984
107427766X
1074292626
1074365488
1074369653
1074379683
1074384075
1074527909
1074529448
1074530551
1074531841
1074537696
1074541405
1074660560
1074674596
1074700465
1074704401
107471721X
1074717457
1074718879
1074718984
1074719417
1074719778
1074722558
1074722760
1074772288
1074849078
1074857623
1074878078
1074884205
1074888669
107489376
1074915593
107491595X
1074916166
1074916344
1074950054
1074951328
1074960149
1074960270
1074968735
1074969286
1075004683
1075004705
1075004756
1075021162
107502188X
1075022525
107505804X
1075083494
107508451
1075090105
1075169739
107519573X
1075213258
1075213835
107521695
1075222494
1075223571
1075223652
1075223970
1075224101
1075257239
1075257352
1075258812
1075259509
107526314X
1075294088
1075294134
1075337577
1075340012
107534665
1075380103
1075382882
1075389917
1075474949
107548372
1075512174
1075549809
1075567874
107558599
1075653061
1075658276
1075760909
1075764300
1075773172
1075788005
1075813441
1075813832
1075825814
1075828457
1075831245
1075845173
107586626X
1075873975
107592118X
107598329
1076009271
1076009751
1076011349
1076032044
1076054005
1076107079
107612836X
107612996X
1076130100
1076136303
1076141641
107616181
1076179487
1076186793
1076244769
1076255361
1076334040
1076336191
1076342302
107634240X
107635828
1076367151
1076375073
1076495621
1076511228
1076520391
1076543278
1076545831
1076550797
1076563511
1076576222
1076579507
1076587364
107662590
1076676995
1076680569
1076744346
1076744605
1076830943
1076838006
1076915914
1076931731
1076999697
1077018223
1077020201
1077046448
1077046634
1077046766
1077049110
1077051115
107707459X
1077074670
1077074743
1077104987
1077172621
1077173067
1077173547
107717957X
107721880X
1077224095
1077255748
1077258895
1077259123
107726122
1077263058
1077274505
1077277768
107729059
1077321961
1077372671
1077374534
1077443765
1077445830
1077445962
1077446152
107745290X
1077496451
1077504993
107751073X
1077511434
1077520255
107752239
1077524358
1077525370
1077525664
1077526814
1077561121
1077562586
1077572913
1077606850
1077608306
107760843
1077620403
1077653603
1077674651
1077753071
1077754612
1077755317
10777609X
1077761139
1077899858
1077921632
107792397
1077938233
107795329
107798239
1078007020
1078053138
107806002
1078070784
1078071039
1078071179
1078073473
1078085412
107810816
1078118086
1078126690
107816343X
1078166269
1078171483
107822776
1078268606
1078299951
1078318980
1078319103
1078363730
1078374619
107837953X
1078392609
1078393443
1078394547
1078422052
1078426856
107843848X
1078511500
10785418X
1078637571
1078638152
1078639043
1078640017
107866943
1078699836
1078700648
107873366X
1078745455
107874890X
1078779597
1078793778
107883147
1078853428
1078858454
1078873917
1078878757
1078893128
1078893241
107890399
1078925941
1078933294
107902980X
107903407
107903741
107903865
1079147543
107914948
1079182470
1079190341
107921928
1079221077
1079222642
1079244565
1079246169
1079252665
1079300899
1079301437
107930250
1079331239
1079356665
1079361286
1079361448
107936178
1079363912
107938626
107940574
107941120
1079429506
107947587
1079496378
1079500189
1079528903
1079529802
107954540
1079556923
1079561021
107956306
1079621385
107962829
107964821
1079685634
1079694412
107969451X
1079697543
107972298X
107973065
107973340
1079734945
1079826254
1079829598
1079829741
1079856501
1079875530
1079879986
1080002383
1080201041
108020265X
1080204261
1080210350
108024901X
1080267344
1080267360
1080269045
1080274448
1080329579
1080333274
1080334548
1080335110
1080335684
1080336052
1080342028
108039129
1080488448
1080511148
1080528849
1080535764
1080538054
1080539379
1080539409
1080540350
1080540962
1080564071
1080564241
1080564578
1080565094
1080566201
1080566635
1080567453
1080568247
1080568565
1080568999
1080569367
1080569561
1080577629
108059685
1080663738
1080664521
1080678069
108073920
108081737
1080827234
108083381
108083771X
1080867406
1080869301
1080874984
1080879781
1080921648
1080925724
108096092
1080963731
1080963863
10809958X
108101847X
1081032413
108103935
1081042850
1081081147
108113892
1081142367
108119572X
1081196386
1081196785
1081197188
1081197218
1081198389
1081198664
108120401X
1081204265
1081205172
1081205539
1081206632
1081207086
1081210079
1081215607
1081251727
108127389
108127613
1081298448
108132013
1081323949
1081324821
1081329807
108139093X
1081392312
1081395117
1081398272
1081400005
1081401141
1081433396
1081453761
1081454849
108149048
1081518561
1081518863
1081521422
108152264X
1081556021
1081572701
108161420
1081634480
108165046X
1081650672
1081652861
1081667389
1081681918
1081684666
1081687363
1081687711
1081688750
1081691689
108171574
1081743433
108176479
1081771402
1081775319
108177620X
1081777192
1081786639
1081796472
108182672X
1081845651
1081916907
1081918624
1081919787
1081923202
1081924624
1081927038
1081927070
1081927631
1081944382
1081944986
1081956151
1081958928
1081993804
1081995114
1082095427
1082104159
1082104922
108210745X
1082144452
1082243671
1082250791
1082251224
1082255122
1082257656
1082258881
1082261874
1082262234
1082262943
1082302600
1082308412
1082316784
108235502X
1082356727
1082389234
1082392200
1082446610
108244822
1082450294
1082508306
1082526878
1082527831
1082536202
1082578681
1082749648
1082763047
1082785334
108279807X
108303187
1083042173
108321924
1083272535
108328902
1083292315
108347109
108358771
108361446
108375617
108381307
1083827634
1083831631
1083850113
108390357
108390764
108391892
1084009862
108401064X
108404684
108410234
1084128586
1084129353
1084140675
1084159740
108421309
1084219751
108422208
1084239817
1084243938
1084247399
1084347245
108435172
108439577
108445437
108450449
108450554
108455084
1084587378
1084588463
1084592223
1084592649
1084617889
108463265
1084643049
1084656663
108472418
1084790475
108480208
108481638
108514196
1085145336
1085161897
1085177440
108551261
1085652793
1085652890
1085653005
1085653978
108567095
1085671208
1085680371
1085946061
108705811
108721760
108732835
108752534
108754936
108756912
108757846
108759148
108760340
108764141
108781372
108786196
108791327
10880111X
108816869
108827755
108829650
1088337031
1088341969
1088445071
1088445691
108844699X
1088448968
1088449506
1088461972
1088565883
1088569021
1088570763
1088582621
108858442X
1088765025
1088765521
1088766609
1088798837
108905853
1089064144
1089064276
1089067232
108909776X
1089111703
1089114117
108912671
1089160720
1089182228
108924021X
108937372
108946851
1089501196
108953270
108953394
1089538405
10895823X
1089585047
1089729251
108974146
1089750382
108985563
1089919468
109019806
109026845
109032276
109038770
109047176
109053540
109066820
109068203
109073819
1090791518
1090807910
1090923015
109098064
1091074828
109109724
1091099367
109115147
109122992
109126548
109130979
10913950X
109140540
109143167
109143930
109159225X
1091592802
1091593124
1091596344
1091597189
109210174
10921109X
1092201203
1092204334
109225325
10923877X
109245970
109249313
109255372
109259130
109266897
1092739254
109283163
109289293
109302869
109317874
1093194553
10932014X
1093215909
109324366
10933194X
109332822
109333187
109335163
109343130X
1093577487
1093577843
1093617853
109362136
1093629274
1093849738
1093871768
1093874457
109387774X
109388150X
1093886471
109415582
109420454
10946480X
109469577
1094712868
1094724122
109483030
109485564
1094882003
109490312
1094905496
1095135228
109521625
1095234757
1095236598
109547802
1095494848
109551816X
1095522191
1095522434
1095558439
1095564242
1095571443
1095673203
1095679716
1095686011
1095689258
1095803875
1095890883
1095891839
1095894757
1095916904
1096178222
1096198436
1096210509
1096210886
1096247321
1096253682
1096254719
1096255774
1096336561
1096336804
1096341999
1096356643
1096357348
1096483130
109649745
1096509601
1096512882
109651365X
1096518309
109652144X
1096839520
109690044
109713516
1097215946
1097232921
1097236730
1097284549
1097288811
1097291006
1097295729
1097299864
1097301745
1097401669
109742054X
1097422275
109749553
109756053
1097593754
1097594289
109761774
109762062X
1097627365
1097627837
109816781
1098314913
1098316517
1098316932
1098317629
1098318501
1098340094
1098346416
1098347129
109839072
1098433378
1098448928
1098454324
1098456483
109851463
1098542843
109854942
1098572173
1098577558
109858368X
1098584902
109869362
109875494
109877330
109896874
109903536
1099092035
1099094038
1099095697
109909576X
1099114063
109911697X
109915364
109937058
109941926
1099468043
109969014
1099707994
1099732131
109973747
1099741548
1099859115
109991664X
1099924766
1099926424
1099927293
1099929660
109997018
1099982138
1099983924
1099992230
110002229
110004086
1100080716
1100082697
1100084363
1100084452
1100085971
1100088849
1100093710
110012178
1100177094
1100194215
1100194398
1100200398
1100200746
1100204849
1100315861
110032284
1100324976
1100359419
1100364188
1100382542
1100383808
1100384685
110038487
1100387234
1100399232
110043782
1100541160
1100551301
110056117X
1100564853
11006092X
1100718761
1100725385
1100736972
1100741135
1100871071
1100875255
1100903992
110103114
110103742
110103750
110118898
1101356103
1101356421
1101365102
1101384093
1101389125
1101389354
1101474769
1101486309
110152638
11015844X
1101590866
1101612347
1101612363
1101613726
1101615214
11016296X
110185676
110187571
1101953314
1102179051
110218537X
1102185965
1102215384
1102238422
1102256897
1102262005
1102269069
1102269999
1102272191
110239717
1102397970
110239842X
1102408832
110269918
110275535
110285891
1102913154
1102913448
1102918407
1102921572
1102938599
1102939579
1102943436
1102949183
1102952222
1102953563
110299477
1103043722
110310691
110314278X
1103142836
1103155016
1103161660
1103166581
1103166719
1103166867
1103236598
110344553
1103469908
1103470191
1103502166
1103506765
1103520520
1103529226
1103574248
1103574663
1103575511
1103576011
1103577050
1103597345
110359995X
110363116
11036953X
110370575X
1103710931
1103710990
110373839
110376110
1103836447
1103840282
110385179
110397312
110398649X
1104143011
1104145871
110414655X
1104149451
1104150778
110415398X
1104156350
1104157209
1104190060
1104196034
11042168X
110426952X
1104283980
1104290308
11043286X
1104400642
1104426978
110447441
1104512696
1104515822
110459881
110465571
110466926
1104762617
1104848686
110491521
1104947080
1104960796
1104970740
1104970910
1105052729
1105072312
1105077993
1105080498
1105102602
110519434
11052988X
110533267
110547586
1105484890
1105493695
1105495043
1105495418
1105495523
110557900X
1105611582
1105657906
1105661482
1105663655
1105682110
110568389
1105697193
110569951X
110577019
1105791432
1105853322
110589866
1105992659
110613074
110625765
110633633X
1106347781
110634961X
1106405676
110641134X
1106413938
1106414209
1106455584
1106457617
11064624X
110655125
1106578910
1106579011
1106579100
1106579348
1106865316
110694465
1107021642
1107039142
110711378
110712714
1107560578
1107590353
110769805
1107811414
110785010
11078586X
110788702
110796381
110804171
1108116000
110814005X
110830156
110833732
110849019
1108556884
1108567800
1108580017
1108581552
1108585280
110859421
1108809693
110881907
110882342
110904745
110909054
110915984
110918282
110924169
110938933
110945689
110947185
1109559119
1109559992
11095937X
110964594
1109772238
1109772246
1109772262
1109773366
1109810695
110982422X
110987616
1109908067
1109923538
1109930658
1110033257
1110073119
111007316X
1110073267
1110075227
1110223358
1110237545
111032415
111037158
111037344
111061083
111063744
1110922485
1110993749
1110995474
1111041962
1111045712
1111064172
1111064636
111111109X
111122414
111137659
11113871X
1111407258
11114132X
1111512531
1111527784
111153433
111155568
111155576
1111567573
1111582009
1111584036
1111584176
111162807
1111639957
1111646465
1111662215
111169291
111170494
1111819173
111184827
111188571
1111896860
1111897336
1111897689
1111905061
1111909377
1111912475
111191771X
11119301X
111201047
111209878X
1112153373
1112155937
1112232583
1112275835
1112291113
1112349510
1112422609
111251206
1112557539
1112576436
1112610677
1112621946
1112675817
1112675922
1112676627
1112680349
1112683755
111272386
1112762981
111276366X
111286379
1112956727
1112958878
1113018666
11130623X
1113110902
1113113286
1113115327
111312122X
1113211806
1113214198
111321550X
111329272
111340675
1113543639
1113544147
111355060
1113554231
1113604867
1113613998
1113615613
11136194X
1113671653
1113682108
1113682302
1113683090
111368738X
111371651
1113761458
111377986
1113891653
1113903538
1114069884
1114079936
111408848X
1114089206
1114090069
111413508
111427193
1114293946
111430194
1114308870
1114678201
1114679143
1114682268
1114682500
1114682721
111475961
1114848611
11148961X
111491142
1114913405
1114915858
1114924091
1114925756
111492874
111493730
1114950319
111495768
1114993786
111501156
111502012
111518091
1115189433
1115215051
1115216589
1115269933
111533163
1115380745
111538351
111539137
111541743
111549353
1115521322
1115675168
111571332
1115741187
1115745166
1115751492
1115825062
1115827936
1115828126
1115831739
11159992X
111604451
1116106701
111615100
1116196603
1116285436
111629284
111637420X
1116374986
1116385171
111641004
1116430320
111643220X
1116443333
1116443929
111644934X
1116453320
1116566826
111657628
1116611481
1116630966
1116634015
1116660520
1116733269
1116734184
1116815354
1116818949
1116980991
1116981823
1116987252
1116987627
111700280
111704680X
1117107396
111714125X
1117141330
111714142X
1117142809
1117142922
1117146111
1117154483
1117164187
1117164217
1117169014
1117172244
11172600X
11173374X
111749328
111755948
1117723542
111772848X
1117729125
1117732444
1117829596
1117838692
111785936
1117913139
1117944816
111796857
1117980138
1118123379
111812399
1118270223
111827217X
1118393430
1118398513
111844193
1118512383
1118526112
1118531256
1118535197
1118538056
111863023
1118643887
111864896X
1118653041
1118773500
1118855973
1118915879
111915815X
1119180430
1119247861
1119263565
1119268990
111926927X
111932971
1119335434
1119373220
1119373425
1119373859
111938724
11193933X
111952050
111952115
1119621364
1119642361
111964695
1119747791
1119759676
111981149X
1119831628
1119831911
111983256X
1119833132
1119854954
1119904900
1119906008
1119925851
111992765X
111993284X
1119933803
1120021588
1120028728
1120057221
1120237602
1120339146
1120343127
112035417X
1120369061
1120435021
1120437121
1120441366
1120443652
1120444845
1120524989
1120526973
1120533953
1120534143
1120535484
1120536294
112058116
1120598184
1120601800
1120740231
1120740304
1120816475
1120864984
112087615X
112090044
112095665X
1120957834
112096425
1120964741
1121030416
1121042538
112104560X
1121052525
112111092
1121215335
1121238106
1121241557
1121245390
1121246311
1121246737
1121255175
112125649X
1121306756
112137326
1121449166
112145335X
1121459447
1121460860
112148123
112150874X
112152228
112152995X
1121532837
1121594913
112159509X
1121614531
1121618146
112170293
1121709605
1121716040
112178537
112181201
112181493X
112181526X
112181655X
1121820026
112190073
1121934684
1121935524
1121952054
112197507
1122049528
112212506
1122133758
1122151098
1122152396
1122218427
112223113X
112223287X
112223419
1122292619
112229445X
1122375387
1122375514
1122466285
112256807X
112256810X
1122652046
1122758278
112286440X
1122866240
1122996233
1123044376
1123046042
1123049874
1123077053
1123151962
1123152500
112315256X
1123153922
1123155658
112320953
112324409X
1123306125
112351299X
1123513252
1123513384
1123513562
1123513694
1123533377
1123535884
1123590974
1123600996
1123652015
112366563X
1123666806
1123668205
112369731
112374190
1123742006
1123749965
112376487
1123816409
1123842825
112385109
1123855897
112388159
1124013989
1124018433
1124037918
1124082123
1124101888
1124102086
1124161481
1124161538
1124164162
1124178333
1124180451
1124186212
1124186662
1124190384
1124264736
1124275827
1124399844
1124400060
1124400230
1124400540
1124415068
1124422692
1124470905
1124473564
1124480153
1124490310
112450202
1124545042
1124550240
112455789X
112455825X
1124563679
1124565094
1124565361
1124568263
1124597107
1124598650
1124610804
1124613293
1124620087
1124620699
1124624406
1124689532
112469627X
1124702938
1124707743
1124708545
1124710221
1124711414
1124784047
1124785558
1124787372
1124797068
1124797319
1124797556
1124800816
1124801774
1124808183
1124811834
1124811931
1124872019
112490069
1124909680
1124913033
112493488X
1124946187
1124946365
1124946497
1124946705
1124948686
1124949127
1124952322
1124952470
1125026189
112502836X
1125029773
1125035617
112503811X
1125048166
112506844
112508642
1125120703
1125122846
1125126388
1125130369
1125132698
112514050X
1125145323
112527809
112527817
1125378158
1125467983
1125473940
1125483296
1125485256
1125538910
1125538937
112553902X
1125539100
1125540311
1125541180
112555617X
1125558105
112564046
1125652365
1125743638
1125744588
1125840803
1125913932
1125917016
1125952008
1125974397
112597933X
1126058505
1126058602
1126058661
112605996X
1126061093
1126063762
1126064556
1126067725
1126070823
1126076392
112610358
112611206
1126203939
1126209988
112624510
112625648X
1126277037
1126281409
1126282375
1126282731
1126283231
1126510564
1126513377
1126525030
112653255X
112653510
112656765
112658598X
1126594482
1126613428
1126655104
1126663832
1126667986
112681026
112683754
1126980099
1126996939
1127010891
1127067818
1127165402
1127255177
1127255290
1127258621
1127259946
1127344277
1127364790
112753345
1127540025
112755185X
1127586831
112761388X
1127648551
1127769162
1127769618
1127770055
1127785753
1127790617
1127868934
1127888102
1127890301
112792510
112793827
112808824
1128109417
1128164876
1128177447
112817801X
1128178842
1128186055
1128188244
1128189844
1128190036
1128254549
1128257971
1128259540
1128319985
1128323168
1128338289
112840329
1128441160
1128456915
1128598450
1128622661
112865749X
1128672383
1128675552
1128677563
1128680718
112873690X
1128754851
1128755424
1128757893
1128758857
1128759330
1128915316
1128921839
112907008
1129109542
1129118711
1129132897
1129281019
1129281981
1129285103
1129292584
1129369366
1129371182
112938375X
1129461602
112946220X
1129462226
1129462250
1129465330
112969528X
1129709248
1129716228
1129719049
1129720934
1129721116
1129723003
1129723313
1129724077
1129724336
1129724433
112979279X
1129804135
1129806898
1129893197
1129896498
1129897346
1129901165
1129902641
1129903052
1130154386
1130183297
1130186474
1130192520
113026016X
1130348598
1130406865
1130605574
113060960X
1130609618
1130613070
1130613755
11306277X
1130677044
1130681815
1130687031
113071612
1130727920
1130731707
1130734900
1130736431
1130811239
1130813053
1130815471
1130874257
113093241
1131101987
113111177X
1131112199
1131112563
1131113640
1131175018
1131175271
1131176154
1131176723
113119182X
1131193326
113119392X
1131194179
1131195817
113119618X
1131196961
113126245X
1131262859
1131263170
1131263561
1131281616
1131363280
1131388461
11314931X
1131571991
1131591623
1131658310
113174294X
1131805615
1131821092
1131823117
1131824857
1131880749
1131882504
1131903862
1132066522
1132070651
1132092590
1132170079
1132205484
1132205492
1132207371
1132217962
1132219000
1132219922
1132225973
113223056
1132269970
1132270545
1132278708
113227916X
1132279380
1132279402
1132339898
113234929
1132362342
1132364752
113241917
1132473713
1132532728
1132535174
1132588332
1132659965
1132665000
113269048
113271336
1132729041
1132834430
1133094333
1133095569
1133095704
1133096301
1133097286
1133098967
1133203914
1133293654
1133302378
1133311008
1133512941
1133522343
113352561X
1133549047
113361939
113424779
113448139
113456883
113459513
1134893981
1134894554
1134895038
1134896875
1134966318
1134985177
113499267X
1135150419
113515073
1135152519
1135167605
1135170703
1135171297
1135194688
1135195188
1135195455
1135199116
1135217904
1135218129
1135226482
1135227101
1135295743
1135508747
1135598568
1135616833
1135625662
1135632014
1135633517
1135640246
1135697620
1135698759
1135699194
11357066X
113572026
113572824
1135731314
1135927413
1135937303
1135969035
1135972141
1135981310
1135990700
1136026118
1136030123
1136031707
1136043993
1136109684
1136156046
1136156135
113619367
1136292829
1136310940
1136335331
1136348549
1136373756
1136393641
1136393889
1136447296
1136450939
1136480056
1136482695
113661155X
1136627979
1136628401
113663147X
1136664130
1136668020
113666937X
1136670173
113667485
1136677704
1136678549
1136678972
1136679677
1136679928
1136680314
1136682678
1136683720
1136684255
1136685057
1136685987
113668607X
1136730702
1136738088
1136742549
1136744452
1136749810
1136790071
1136792031
1136805184
1136891811
1136914706
1136928294
1137014911
1137017317
113703825X
1137117877
1137117923
1137117931
1137117958
113716512X
1137184078
1137195924
1137196645
1137242175
113726112
113728871X
1137290196
1137293330
1137338466
1137386843
1137395869
1137397209
1137490039
1137495693
1137514256
1137530340
1137532912
1137564830
113757769X
1137577908
1137584327
113759185
113761112
1137637358
1137648805
1137651180
1137653949
1137733276
1137839546
1137851031
1137859083
113788282
1137891610
1137892455
1137897333
1137955465
113796226
113804881X
1138130451
1138205028
1138205362
1138212997
1138238899
1138254916
1138255459
1138256005
1138256080
1138256269
113826494
1138307459
1138311057
1138364940
1138384062
1138384259
113848234
1138592439
1138636169
1138656755
1138657077
1138716456
1138851582
1138852880
113900543X
113903758
113904436
1139069764
1139123874
1139124978
1139138359
1139139533
1139182226
1139195360
1139196219
1139196456
1139197584
1139211420
1139211684
113921201X
1139212664
1139216333
1139221361
1139280112
1139298488
1139306413
1139307770
1139389556
113939746X
1139398180
1139398636
1139400053
1139400835
1139400983
113943008
1139447718
1139448749
1139459783
1139514059
1139514105
1139516663
1139516779
1139517333
1139517732
113953208
113960905
113965621
1139664441
1139671340
113971225X
1139722468
1139728253
1139780832
1139781421
1139790188
113981074
1139850385
1139853260
1139861638
1139861891
1139862375
1139862995
1139868896
1139870629
1139870904
1139871188
1139871714
1139986090
1140021516
114002552X
1140030043
114005306X
1140053302
1140069187
1140077368
114008043
1140080938
114009031
1140120883
1140123122
1140126997
1140140329
1140140957
114014868
114015589X
1140159909
1140167871
1140173669
1140252801
1140260073
1140456652
1140504916
1140505874
1140508377
1140533819
1140597086
114062722
114067104
114072280
1140747290
1140748998
1140809121
1140810103
1140811959
1140854135
114110766X
114113335
1141234483
114126322X
114127662
1141306557
114157421
1141607506
1141608227
1141619334
1141690403
1141695537
1141698307
1141717255
114171972X
114179635X
1141818868
1141823152
1141920263
1141938618
1141941813
1141962446
1142031713
1142032655
1142033287
1142033546
114203559X
1142035913
1142141411
1142165353
1142179648
1142181979
1142190986
1142243060
1142259234
1142285189
1142399621
114241317
1142420825
1142426823
1142571483
1142577279
1142813355
114300739
1143061101
114316589
1143235266
1143239407
1143265319
114330026
114343780
1143537106
1143553055
1143603133
1143608321
1143609697
1143852109
1143871294
1143984641
1143990781
114401071
1144185416
1144201489
114421382
1144282470
1144282527
1144282659
114430508X
114430704X
114432325
114436907X
11443705X
1144374073
1144376041
1144379644
1144393132
1144398541
1144401674
1144406404
1144409217
1144414172
114441525X
1144512441
1144521165
1144532892
1144551137
1144657652
1144660815
1144905419
114496145
1144965551
1144965713
1144985285
1144985927
1144987601
1144989833
1144994292
114499439X
1145183883
114519673X
1145200435
1145207588
1145299989
1145312667
114533010X
114540276
114541074X
1145421059
1145431534
1145478743
1145483577
114548588X
1145490557
1145503187
1145510302
1145526217
11455322X
1145541356
1145549535
1145553273
1145582214
1145604188
1145648592
1145913431
1145919294
1145964176
1145974406
1145980287
114598193
1146001630
1146001878
1146019556
114602697
1146064535
1146080603
1146093489
1146138156
1146145071
114621457X
1146223838
114624100
1146270372
1146285302
1146425422
1146435185
1146571143
114664749
1146822340
1146940823
1146945779
1146974264
1147079536
114709602
1147156425
114715939
1147220611
1147221227
1147230129
114724032
1147415110
1147416001
114748624
114749598X
1147517940
1147519684
1147522510
1147592829
1147613044
1147614806
1147616671
1147619131
1147619409
114761945X
1147644004
1147644578
1147708479
114775710
1147805156
1147810079
1147891850
1147898901
1147905908
11479491X
1147989338
1148019413
1148172459
114825750
1148361731
1148362592
114837051X
114846378X
1148468439
114855404
114857725
114863024
114863202
1148663169
1148665536
1148670726
1148682090
1148792236
114879302X
1148793992
1148912126
11489308X
1149086297
114908832X
1149166207
1149182229
114918616X
1149278188
1149284587
1149292377
1149292458
1149294981
114937877
1149409797
1149413034
114941424
1149418427
114948577
114949700
114950725
1149525185
1149525444
1149631732
1149689048
1149689978
114969131X
1149693703
1149857021
1149858435
114994897
115007954
1150256923
1150266228
1150273666
1150311487
1150320877
1150325453
1150331038
1150353082
1150538503
1150676507
1150678445
1150726989
115073096X
1150787260
115081960X
1150868090
115087905X
1150976594
1151000515
115104216
1151050768
1151074284
1151132004
1151136336
115114049X
1151140538
1151152749
1151157449
115116366X
1151166286
1151230820
1151234222
1151263001
1151269255
1151328510
1151329371
115133801X
115134561X
1151358657
1151413615
1151418226
1151423114
1151451444
115148573X
1151514659
1151517313
1151536717
1151544264
1151601799
1151601802
1151666998
1151669725
1151711233
1151718610
1151728004
1151739863
115176470
1151827800
1151831484
1151850799
1151891339
1151893951
1151910767
1151916560
1151947733
115196672X
1152033654
1152034014
1152035304
1152036491
115205500
1152084607
1152099086
115210857
115227127X
115227687
1152279521
1152331655
1152343912
1152346083
1152392867
115246053
1152836463
1152893882
115290605
1152964933
1152969102
1153016125
1153043068
1153043165
1153045532
115307155X
1153138727
1153150034
115316292X
1153170655
1153213699
1153238217
1153365995
1153368862
1153374455
1153425564
115342777X
1153436035
1153442280
1153443686
1153489260
1153491079
115351639
1153556480
1153560399
1153580055
1153580098
115359745
115359885
115360166
1153642069
1153646552
115366423
115367055
1153739577
1153750139
1153779234
115379819
115379843
1153798506
1153834235
1153836041
1153850052
115387498
115388818
1153926458
115392899X
115397493
115398759
115399755
115401377
115410600
115417486
115417850
115418490
115420118
115422145
115428364
115433856
1154338959
115434360X
115435395
1154392988
1154395294
115440658
115441603
115443950X
1154462293
11544632X
1154465020
1154467317
115449485
1154499146
115451021
115451366
1154514439
1154519880
115452222
115452273
1154527077
115453156
115453801X
115453903
1154552470
115455578X
115456244
115460403
1154609375
1154610101
115462112X
1154624668
1154627438
1154628485
115464646
115469788
1154717798
115473904
115473947
11547398X
115475168
115477055
115477292
115477683
115477691
11548048X
1154819809
115484183
115485201
115486755
115489116X
1154892433
1154896226
1154896846
115490310
115491953
115492607
115493808
115494243
1154957721
115495789
115495840X
115495894
115495924
115496025
1154969568
1154969819
1154970523
1154974162
115499679
115500065
1155008049
1155035712
115505180
115506187
1155062787
115511377
1155116933
1155119908
115514287
115515798
115518274
115518428
115521984
115523839
1155272498
115527281
11553024X
115532072
1155328175
11553301X
115533990
115535853
115537686
115539778
115541039
1155438256
115548823
1155500601
1155513584
1155517210
1155541588
115554238X
115554899X
1155565223
115556734X
115557741
115559221
11555999X
1155606531
1155615379
1155616294
1155617606
1155620860
1155621433
11556294X
1155635191
11557140X
1155726723
1155737504
1155740785
115574751
115574980
1155755871
1155767411
115578692
1155791819
1155794044
115582673
1155841468
1155841921
115584209X
1155843045
1155843118
1155843746
115585532
115587470
1155877306
11558840X
1155888634
115589120
115589619
115590900
115594671
115595864
115600361
1156039797
1156039843
115604068X
115607234
115613226
1156189470
1156189705
1156204933
1156241952
115624325
115624368
115629211
115629319
1156299381
1156304202
1156330653
1156330890
1156330963
1156331005
1156336287
115633901
115634061
115635270
11563911X
115639403
115640037
1156413141
115645497
115646108
1156466202
11564699X
115647058
115651632
1156545366
1156559405
115656073
1156567017
1156567211
1156571332
1156572738
115657312
1156575125
115660461
115661220
1156632722
1156635691
1156640083
1156655552
115665579X
1156673143
1156673798
115667571
1156677807
1156686474
1156688264
115669051X
1156692830
115669302
115669471X
1156695465
115670998
115673784
1156742978
1156751837
1156755204
1156758718
1156760151
1156760216
115676090
11567764X
11567912X
115680357
1156811767
115681233X
1156813093
115681376X
1156814022
1156814715
115683070
115684336
115687937X
1156880246
1156880521
1156883040
1156884993
115689095
115689281
1156925770
1156927005
115693785
1156944686
1156947936
1156949610
1156957451
1156959179
1156959616
1156961718
11569675X
115696954
115696970
115701362
1157020194
115702318
1157025595
1157035566
1157039103
1157040470
1157044697
1157045049
115712046
1157123996
115713226X
115713239
1157133010
1157134289
11571362X
1157150810
115715681
115725326
115727795
11572821X
115733833
115734988
1157383106
115741763
115742174
115742476
115742972
1157519148
115755098
115756388
1157567614
1157578888
115758240
115759603
115761179
1157612601
115764968
115767045
115770453
115772227
115773371
115775854
1157762263
1157812791
115781870
115782370
115782478
11578411X
115786449
115787437
11579347X
115793615
115795685
115796134
115796754
115797025
1158003137
115800344
115800670
115800948
115806040
115808612
115809910
115810102
115812636
115813500
115815090
1158163363
115817700
115818626
115819053
115825916
115830324
115833315
115833463
115833692
115836608
1158390300
115840516
115842802
115846565
115846816
115847170
115848851
11585102X
115851755
11585195X
1158520409
115852522
1158529724
1158532121
1158533489
1158533780
115853820
11585441X
115858636
1158604912
11586055X
115860738
1158633475
1158638582
1158640005
1158641419
11586458X
115865381
115866655
1158672926
1158695764
11587027X
1158704704
115872965
115873848
115874119
11587500X
115875204
115875387
115876464
115876561
115883673
115886443
115888926
115888993
1158925689
1158989687
1159054606
1159058911
1159096104
1159104239
115951223X
1159513821
115957846X
1159579288
1159591881
1159648034
1159649464
1159660506
1159661642
1159662665
1159662916
1159664153
115966904X
1159669317
1159670994
1159671192
1159671907
1159672121
1159674116
115973397X
1159734291
1159736014
1159741573
1159745099
115974775X
1159749183
1159791546
1159794219
1159794820
1159796947
1159799164
115982102X
1159902216
1159906998
1159921490
1159925003
1159928843
1159935947
1159977836
1159983216
115998851X
1159999767
116001305
116002271
11600245X
116003146
1160040087
1160043582
1160050538
116005149
1160051763
1160053529
1160055769
1160060290
116006080
1160061416
1160065705
1160066574
1160067228
1160093644
1160102287
116010283X
1160104395
1160106363
1160112991
116011769
116011793
116012498
116013389
1160136467
1160139938
1160194009
116020288
116020571
116021195
1160213488
1160219265
116023465
116023473
1160254370
116025808
116025891
1160275246
1160275637
116027762
116028153X
116030402
1160309396
116031433
116031662
1160322937
116033290
1160334226
116033460
1160336342
116036362
11603694X
116037318
116037636
116037687
116037970
11603839X
116038683
116042621
116043296
116043814
1160454183
1160454590
116045574
1160459843
116046163
116046278X
116046281X
116046554
116047747
116048492
1160485836
1160505284
116052546
1160525838
1160526613
1160528438
116052953
116053488
116053577
1160535957
1160537291
1160537704
1160545456
1160550832
116055162
116055170
116055340
1160557144
116056169
1160563357
116056789
116056908
1160571481
116057661
11606045X
1160606765
116061030
116061367
1160638365
116064234
1160646422
116064795X
116066636
116068027
11606899X
116069325
116070854
116072180
116072369
1160729549
1160729999
116073411
11607390X
116073934
116074264
1160745757
116074701
116077220
1160781494
1160784582
1160787964
1160789878
1160791740
116083409
116083514
11608359X
116085053
116087072
11608734X
116087412
116087749
116087919
116089571
1160896747
1160899983
1160900612
116090328X
116090345X
1160911533
116091789
116091940
116092920
116093366
116093447
1160946191
116095733
116095836X
1160958467
1160959498
1160960100
1160966168
1160978670
116099453
116101040
1161014748
116102535
116103051
116103604
116103922
1161039961
1161043934
1161046305
1161049398
116105054
116105283
116105291
1161056327
116105666
11610578X
116105844
1161058869
11610614X
116106565
116108061
116108274
116108665
116108894
11610905X
116109823
1161099956
1161100318
116111232
116112425
116114029
11611469X
116115335
116115726
116116544
116116625
116117060
116117249
116117540
116118156
116118628
116118760X
1161211349
116121297
1161223290
116124504
116125446
116125489
116125594
11612573X
116128925
116132442
116133929
116133988
116134844
1161356088
116135778
116137436
1161378340
116138157
116138297
116138548
1161392572
116139390
1161423567
116142413
116142618
116143266
116143304
1161481249
1161483985
116148551
1161487840
116148845
116149213
1161492275
1161494669
1161495975
116150947
116151412
116151439
116151501
116152397
116153474
1161543538
116154551
116154748
1161555234
116155582
116155744
116156279
116158727
116159391
116163852
116164719
116165022
116167238
116168080
1161688420
116169257
116170174
1161724745
116174978
116175591
116175974
116175982
116176288
1161763910
116177985
116178663
116179252
116179333
116179589
116179929
116180102
1161822240
1161823808
116182636
1161834656
116183500
116184221
116185821
1161869131
116187913
116189614
116190272
1161923632
116193115
116193247
116193263
116193409
116194723
116195444
116201126
116201134
116201185
116201347
116203455
116203773
116203854
116204079
116204648
116205113
116205660
116206071
116206128
1162066601
116206691
116208368
116209046
116209119
1162095431
116209623
116210346
116210974
116211342
116212179
116213051
11621323X
116213264
116213361
11621421X
116214724
116214872
1162152745
116215410
116215550
116215585
116215607
1162161426
116216948
116217030
116218460
116219122
1162211814
1162227869
116223464
116223472
1162235454
116223588
116224266
11622441X
116225912
116226773
116226870
116228261
1162293845
1162294159
116229504X
1162300493
11623122X
116231521
11623296X
116232986
116235063
1162353538
1162361336
116236418
116236450
116236469
116238062
116238534
116239026
116239131
116240695
116240946
116241047
116241276
116243600
116246782
116248815
116249196
116250003
1162505443
1162510692
1162510811
1162512180
1162513853
116251581
116251603
116251786
1162518790
1162521813
1162523670
116252677
11625274X
1162538058
116256206
1162577401
1162584343
116258462
1162585390
116260262
116260297
11626229X
116262729
1162631554
116263512
11626375X
1162638796
1162639474
1162643072
116264446
116264691
116265051
1162666595
116267259
116267968
116269367
116270195
116270608
11627154X
116271906
116273615
116273763
116276479
116277688
11627865X
11627977X
116281758
116284404
1162847506
1162848235
1162848863
1162855169
1162855967
1162856955
116285796
116286466
1162866829
1162868112
1162871210
116288353
116288434
116288531
1162904461
1162905719
1162912359
11629406X
116295376
1162978732
116298405
116300167
116301996
1163037788
1163037915
1163038237
116304138
116304367
116305746
116308265
11630894X
116309342
116309822
116311150
116311436
116312203
1163130125
116313013
116314575
116317396
116317817
116317957
116318694
116319011
116320087
116320109
1163204536
11632208X
116322314
116322365
116323663
116323728
116325976
116327731
1163295868
1163300772
1163302589
116331208
116333510
116333669
1163348422
116334940
1163359491
116336099
1163361569
116336684
116339632
116340495
1163413887
116342226
116342706
116346531
1163470287
116347201
116347961
116348363X
116348895
116350660
116352248
116352388
11635240X
116353287
1163542121
1163542180
1163542490
1163554448
1163566209
11635688X
11635691X
1163579092
1163583553
116359641
1163623636
1163633755
116363436
116364718
116365242
11636629X
1163664480
1163669407
116367172
1163686131
1163690392
1163697958
116370793
116371250
116371501
116371641
116372001
116373059
116373547
116373938
116374233
116375051
1163756032
1163768391
11637702X
116377186
116379588
116379685
116379901
116380748
1163813265
1163813613
116381493
116382058X
1163821225
116382368
116382686
116382996
116383135
116383488
116384492
1163850578
116387165
116387416
116387882
116389141
116391367
116394021
1163952729
1163952753
116396504
116396574X
1163967246
11639692X
1163970298
1163971294
1163974900
1163979376
116400021
116401451
116403012
116403756
1164045504
116404698
116408111
1164083406
116408464
116409789
116409967
116410361
116412208
116412658
116415932
1164171712
1164173383
116417714
116418478
116418915
116419156
116419229
116420128X
116421606
116422521
116422750
116423080
116425032
1164255207
1164263269
116428635
116430117
116432020
116435046
116435755
116436506
116436611
116437294
116437944
11643841X
116439432
116440301X
1164404741
116440619
116441739
116444134
116445297
1164462962
11644665X
116447698X
116448806
116450495
116450932
116451432
116452048
116452579
116452838
116452862
116453621
1164536869
116455241
116456663
116458895
116459530
116462132
116462698
116464615
116464623
116465425
116467169
116470127
116471646
1164718509
1164727443
1164728091
116473711
116476273
116476281
11647629X
116476370
116477296
11647744X
116477989
1164789333
1164817574
1164817647
116482664
116484985
116485043
116487410
11648800X
11648991X
116490497
11649333X
116494301
116494816
11649719X
116497602
11649820X
116498889
116498897
116499583
116500263
116503033
11650577X
116507780
1165082365
116508752
116509388X
116511478
116511850
116511869
116511974
116512113
116512555
116513268
116513306
11651356X
1165148803
116515112
1165152487
116516933
116517859
1165184737
1165191067
1165191083
116519355
116519401
116519533
116520035
116520159
116526122
116530316
116530626
116531088
116533439
1165350084
116535036X
116535148
116536608
1165370336
116540192
116540486
116540516
116541954
116543108
116543116
116544147
116544503
116545712
116547286
11654841X
11654869X
116551127
116551895
116551984
116552433
116552441
11655245X
1165526204
116553197
116553324
11655620X
116556846
116557478
116557621
116557699
1165587300
116558784
116559136
116559233
116559269X
1165597527
1165599457
1165601222
1165603551
116561203
116561637
116562544
116562722
116563222
116563923
116565217
11656671X
116567376
116568542
116568895
1165695618
116569638
116570008
116570334
1165704749
116571284
116571950
11657299X
116573287
116573627
116573961
116574216
116574739
116575085
116577045
116578459
116579757
116579781
116580143
116580216
116580968
116580976
11658131X
1165820897
116583363
116584661
116586370
116587385
116587806
1165896192
116591110
1165911221
116592060
1165922096
116592834
116592850
116592923
116595353
116595450
116595833
116600748
116601183
116601256
116601779
116602163
11660462X
116604662
116605316
116605715
11660624X
116606509
116606673
116607394
116609419
116609664
116610506
11661076X
116611290X
116611545
116612126
116612258
116612444
11661305X
116613173
116615486
1166181154
116618248
116618302
116618434
1166185990
1166194620
116619465
116620544
116621257
11662146X
116623160
116623853
116623950
116624957
1166257355
1166258726
1166265412
116626836
1166269949
116629290
116630736
116631074
116631287
116631686
116633301
11663393X
116635886
116635991
116636130
1166365611
116638443
116641290
116642823
116643226
116643706
116643919
1166462897
116647019
116647299
116647884
116650176
116650974
11665144X
116652179
116653396
116653922
116655836
116656824
116657286
116658347
116658606
116658940
116659092
11665936X
1166602834
116660317
116660325
116660392
116660716
116662549
1166625915
116663006
116665092
11666925X
1166694860
116672226
11667251X
116675047
116676922
116677260
116678372
116680105
11668125X
116681659
116682728
116682809
116683600
116683945
116685492
116686572X
116687738
1166881059
116689665X
116690496
1166912655
116694939
116695986
116696109
116697911
116698853
116699728
116700033
1167000641
1167000668
1167000757
1167011406
1167012593
116701684
116702710
116702737
116707178
116707283
116707755
116709812
116710373
116711531
116711744
116711760
116711809
116714794
116718234
116718552
116719524
116720042
1167200659
116720166
116720778
116721170
11672174X
116722002
116723661
116725508
116725516
116725656
116727926
116727985
116730765
116732415
116732466
1167328612
116733020
116733950
116733977
116734264
116734353
1167349628
1167352475
116735643
1167359453
116736488
116736658
116739541
116739754
116740906
116742216
116742232
116742569
116742623
116742755
116743190
116744049
116744111
116744197
1167443195
1167457285
116745940
116746173
116746912
116748427
116749954
116750006
116750448
116750790
116751428
116751479
116751576
116751665
116752572
116752858
1167530829
116754184
116756330
116756535
116757590
11676192X
116762993
116763388
116764090
116765968
116766158
116766239
116766298
116766573
116766751
116767189
116768088
116770716
116775491
116775629
116777125
116779489
116779543
116781564
116783796
116787023
116787724
116789107
116789182
116792264
11679352X
116794534
1167949536
116795166
116795395
1167975758
116798653
11680016X
116801425
11680145X
116802367
116804831
116804890
1168057914
1168060737
116806168
116806486
116807016
116807954
116808071
116808578
116810378
116810904
116813156
116816023
11681604X
116816139
116816163
116816333
116816368
116816481
116817844
116818102X
1168191408
116819235
116822317
116823011
116823208
116824344
1168256984
116826584
116826665
116827424
116827475
1168274877
116829125
116829214
116829729
116830263
116831251
116833017
11683305X
11683739X
116837624
116840560
116840609
116841753
116843217
116843527
116844280
116844647
116844841
116848693
116848871
116848936
1168493153
116850452X
1168506409
116852739
116853700
116854685
116854707
116854731
116855304
1168573971
1168574005
116859288
116859569X
1168596785
116860596
116860774
116861924
1168638542
11686494X
116865148
116866799
116867485
1168676517
116870788
116870974
116872373
1168726395
116874279
11687483X
116875208
116875607
1168766699
116878622
116879351
116882034
1168822262
11688228X
116883332
116883847
116884185
1168853605
116887338
116887680
116888776
1168928893
116893788
1168955750
116895594
1168958830
116898224
116899263
116901292
116901829
116902051
116905026
116905336
116905670
11690836X
116908505
116908629
116910018X
116912898
11691355X
1169146279
116915315
1169168450
1169169090
116917210
116918039
116918136
116918772
116918810
116919531
11691954X
116919787
1169221505
116922346
1169225071
116922885
116922966
1169240585
116924659
116926309
116927925
116928050
116929154
116929634
116930683
1169318843
116932228
1169325092
116932996
116933062
1169344135
1169346499
1169356850
116939176
116939818
116941014
116941111
1169412017
116942207
11694272X
116943327
116944471
116945338
116947640
116948833
116949090
116953373
116953624
116954426
116955023
116955589
116956224
116956291
116956682
116957735
116958324
116958448
1169598331
116959835
11696068X
1169608086
116961457
1169623719
1169623751
116962496
1169625355
116963190
1169641571
116968001
116968737
1169691757
1169691927
116971398
116971932
116975164
1169760090
1169763529
116976659
116977183
116981849
11698225X
116983132
116985135
116985526
116986670
1169873073
116989246
116990147
116990228
116991836
1169930816
116994681
1169954529
11699620X
1169966012
116996866X
1169970125
1169970257
1169970532
1169970699
1169970788
1169971768
116997710
116998733
116999888
117000035
117002704
117003980
117005223
117005614
117006084
117006114
117007242
1170077544
117009709
117010004X
1170119115
117012718
117013846
117014052
11701625X
117016284
1170176658
117019119
1170196004
117020540
1170206441
1170213537
1170213553
117021360X
117025453
1170258271
117025941
11702595X
117026158
117026638
117026689
117026751
117028583X
117033030
117035513
11703567X
117036447
117036536
117036757
117037931
117038849
117038881
117039926
117039942
117041092
1170430287
1170433707
1170445241
117045322
11704606X
117046280
117047767
117048844
117050075
11705397X
117053996
117057975
117058424
11705979X
117060518
117061115
1170612040
1170612261
117062626
117062634
117062758
117062812
1170636780
1170640605
1170645135
117066478
117066591
117068306
117070820X
117071633
117072001
1170721524
117072923
1170730256
1170733166
117074594
117075302
117081213
117081396
117081655
117081736
117081914
117082305X
117082392
1170824218
117082953
1170837972
117084263
117085030
117087211
117088382
1170898017
1170901638
117090905
117091146
117091227
117091405
117092096
11709286X
1170930301
1170934854
1170934994
117094331
117094471
117097144
117097179
1170976948
1170993222
1170996744
1171009976
1171011237
1171011911
1171012225
1171012675
117101435
117103950
117104930
117104949
117106585
11710695X
117107263
117107867
117108324
117108421
117110213
117110426
117113034
117113780X
117114286
117115355
1171175787
1171176902
117120197
117120359
117121126
117121339
117122165
117123587
117123765
11712477X
117124931
117124958
117125733
1171264143
117126470
117126756
1171272308
117127264
117127310
1171273533
117127760
117130648
117131024
11713211X
117133566
1171351968
117135356
1171360452
1171360657
117136484
117136704X
1171367414
117137235
117139858
117139947
117141097
117142018
1171440928
1171449712
117145165
117145564
1171478011
117148334
117148415
117150606
117150770
1171541139
117154946
117155470
117155896
117157570
117157678
11715850X
117158585
117158984
117159239
117159603
117160164
117161381
117163228
11716450X
117166316
117166324
117167304
117168939
11717033X
117170488
117172553
1171744536
1171744609
117174734
117177016
117177474
117178705
117178721
117180157
117181447
117182249
117182443
11718294X
117183296
1171851316
1171861532
1171866097
1171867239
117187305
117187984
11718814X
117189723
11718991X
11719123X
117192228
117193178
117193186
1171937709
117193828
117196312
117196770
11719963X
117199923
1172008981
11720191X
117202851
1172029067
117203589X
117203939
117204127X
117207683
117208612
117208671
117208795
117209376
117210013
117210137
117210218
117210358
117210862
117211028
117211222
1172115249
117212466
1172124892
117212768
117213527
117214922
117215368
117218286
117219053
117219304
117219444
11722135X
117221546
117221554
117221627
117225312
117225959
117226920
117227986
117228648
1172301042
117230154
117230561
117231800
1172330298
1172335494
117233684
117237914
11723866X
117239550
117242470
117242500
1172432716
117249335
117250864
117251992
117253391
117254320
1172552622
117255742
1172559775
1172562547
117256668
1172567220
1172567573
117258199
117260924
117263761
117265497
117266051
117266140
117267090
117267872
117268674
1172694141
117269476
1172697469
11727058X
117271454
117271578
117271977
11727318X
117273201
1172735018
117274690
1172778256
1172779384
117277940
117278017
1172780730
117278082X
1172782326
117279463
117279625
11727996X
117279994
1172817618
117281859
1172819475
11728310X
1172834393
117284165
1172842531
1172845581
1172847002
1172851905
117285307
117286400
117286478
117287652
117288411
117289442
1172903514
117290947
117291013
1172929025
117293059
1172932131
117293687
117293865
1172945071
1172945470
117294667
117294845
1172948828
117296813
117297380
117297623
11729828X
117300403
1173014942
117302678
117302864
117302961
117303259
117303453
117304697
117305901
117308218
1173131205
117316679
11731711X
117317225
1173176896
117318936X
1173191240
117319422
117319791
1173209727
1173210113
117321583
117321761
117322873
11732454X
117325287
117326720
117326771
117327905
117328871
117328944
1173290346
117330809
117331090
117331252
117331759
117332666
117333980
117334189
117335002
117335215
11733541X
1173360921
1173368949
1173376275
117338197X
117338540
117338893
11734057X
117342882
1173432655
1173443533
117347000
1173479678
1173479708
117348104
117348155
117349461
117351784
117351814
11735290X
117354538
117354937
1173553711
117355925
117358150
117358835
117358967
117359335
117363391
117364177
117365025
1173657916
117366021
117366226
117366234
1173670653
117370290
117371092
117371327
1173721088
117373265
117373826
1173744843
117375039
117377015
117377627
1173807659
117380840X
117380970
1173834796
1173836535
117384658
1173849580
117386731
117387452
117387460
117387479
117388300
117388556
11738920X
117391085
11739176X
11739257X
117392588
117392634
1173932976
1173934146
117393711
1173942157
1173942351
117394513
1173945326
117395021
117395048
117395161
1173951911
117395420
117395684
117397636
117398810
117398845
117398985
117399264
117399442
117399507
117400769
117400858
117400963
1174026308
1174034467
1174042400
117405027
1174052546
117405663
117405930
117407054
117408239
11740845X
117411949
11741218X
117412422
117414417
117414662
117414751
117419397
117420476
117420492
117423661
117423874
117424420
117424668
117424781
117425249
117425273
117426059
11742773X
1174277521
117428205
117429449
117429473
117429589
117429694
117429724
117431451
117433365
1174344679
117434671
11743468X
117436216
117441511
117441872
117441961
117444588
117446122
117448168
117448664
117449652
117450332
117450898
117450944
11745110X
117451347
117451398
117451789
117452262
117452416
117452734
117452947
117452963
117453315
11745480X
117455229
117455733
117456705
117457329
117458546
117460346
117463191
117463957
117464104
117464694
117465186
117466972
117466999
117467359
117467464
117467855
117469769
117470538
117471461
1174715855
117471828
117474045
117474282
117474312
1174753803
117476463
1174772530
117477850
1174782307
117478865
117478911
117479136
117479373
117480606
117481165
117481610
117481912
1174837071
117484911
117484970
1174852275
1174854103
117485896
117487945
117487953
117488216
117489689
117490237
117490326
1174903376
11749044X
117491861
117492701
1174929146
117492949
117493295
117494461
117494658
117495093
117495409
117495808
11749593X
117497363
117499757
117500542
117502294
117502871
117503371
117504300
117505161
117505366
1175055832
117507857
117508829
117511390
11751151X
1175123048
1175130680
117517895
117517984
117518530
117522325
1175224103
117522554
117522856
11752297X
117523380
117523453
117524263
117524328
11752459X
1175250341
117525065
1175258377
117525847
117525928
117526329X
117527874
11753076X
117531014
117533947
117534501
11753465X
117539511
11754017X
117540242
117540447
11754146X
117545627
1175459046
1175463981
117547395
1175482196
1175484687
1175501441
117551139
1175522465
1175524603
117552977X
1175530751
117553123
117553522
1175560464
1175579033
1175579130
117558680
11755989X
117562424
11756267X
1175648302
1175648574
117565059
117567809
11756883X
1175699136
117571911
117573191
117574279
11757435X
11757838X
117579963
117581526
11758262X
11758343X
117587370
117588407
117588911
1175896659
117590053
117590460
1175909254
117591289
117592069X
117592080
1175923095
1175925500
117592684
117592692
117597155
1175984124
117598755
1175994774
1175999008
117601934
117603511
1176047043
1176067710
117607010
1176076167
117609528
117613991
11761422X
117614777
117616095
1176165054
117618071
117619957
117622901X
1176230808
117625027
117627860
117629952
11763042X
117630985
117636908
117638609
117639176
117639486
117639893
117640670
1176431692
117644846
1176461028
117646423
117654388
1176554026
1176569376
117657522
1176580426
117658138
1176582623
1176583107
1176587196
1176588524
1176653326
11766720X
117667226
11766734X
1176680005
117668656
117668710
1176687328
1176719599
117672017
1176720937
1176742728
117675989
117676640
117676853
1176772341
117677337
117679798
117681393
117683191
117683939X
117686298
117692492
117692670
1176986740
1176989030
117699098
1177004496
117703427
117705039
1177077612
117707947X
117708070
1177092670
1177097028
117709786
117712582
117715050
1177160870
117716200
117717991
117718642X
117724882
1177263149
1177267314
1177271079
1177277158
117727946
1177303884
117730533X
117732230
117732699
117732885
117732907
117732966
117733105
117733350
11773358X
117734179
117734381
117735647
117735965
117737607
117738492
117739294
117739588
117739987
117740268
117740357
117740403
117740411
117740594
117741647
117742147
117742163
117742589
117742716
117743283
117744220
117744301
117744727
117744824
117745251
117745316
11774557X
117745618
117746525
117749729
117749842
117751669
117751677
117751723
117754234
117754269
117754633
117755362
117755710
117755990
117756490
117757438
117757802
11775854X
117759295
117759503
117760285
117762512
117763322
11776549X
117766984
1177722291
1177747162
1177816598
1177850389
1177909286
1177950022
1178090876
117818675X
1178193403
1178386678
1178386880
1178393976
1178476510
1178508528
1178584542
117858500X
1178613925
1178688968
117869707X
1178721299
1178727424
1178732207
117881548X
1178864251
1178874362
1179104757
1179120728
1179125215
1179129938
1179136896
1179137884
1179197763
1179213971
1179239601
1179302214
1179411331
1179419480
1179487850
1179788958
1179807316
1179823281
117983805X
1179849841
117997235X
118003674
118004395
118005200
118005626
118005797X
1180069307
1180071220
118008153
118008382
118013939
118013947
118017993
118019325
118022415
118022733
118022989
118028057
118028456
1180317971
1180321693
1180342682
118036092
118041894
118042890
1180432916
1180438027
118044133
1180444469
118047388
118047825
11804785X
118049941
118050486
1180505727
11805077X
1180508270
118051938
118052487X
1180527968
118059386
118060872
118061097
1180620739
118063855
118064142
1180672100
1180673646
1180673778
118067400
118070789
118072587
118072668
118075470
118078071X
1180790960
118081713
118083546
1180862252
118091263
118098497
118100456X
118100718
1181020115
118102907
118103059
1181039614
118104446
118104810
118106554
118106791
118107046
118107135
118108476
118109693
118112554
118114867
118115316
118117548
118124617
118125893
118128760
11812918X
118130684
1181390257
118142135
118144065
1181449812
1181481589
118154001
118154141
118154176
118154206
118154419
118156187
118157914
118160168
118160389
118160397
118161962
118162411
118167693
118168215
118168290
118171135
1181711665
118171623
118173162
118175211
118176900
118177044
118177524
118177796
118177974
118177982
118179632
1181806984
1181807077
1181821819
1181829526
1181831946
118183788
1181901316
118191705
118192167
1181975646
118198084
118198882
118199617
118202138
118204283X
1182060145
1182060315
1182065236
1182066933
1182261949
1182271057
1182278620
1182280870
118235579X
1182366376
1182470912
1182477666
1182490360
1182554822
1182581315
1182588158
1182617131
118262555X
118269800X
1182718183
1182724019
1182743927
1182744494
1182750125
1182750338
1182951007
1182955177
118295524X
1183007213
1183009704
1183010621
1183012217
118301497X
1183025734
1183028474
1183028997
1183043716
1183058152
1183121318
1183149670
118316243X
1183164467
1183195478
1183297378
1183332491
1183333773
1183333781
1183401639
1183404190
1183433719
118343457X
1183606389
1183607792
118361148X
1183612370
1183613067
1183625928
1183631898
1183700407
1183754086
1183759878
118386034X
1183869649
1183930046
1183952805
1183959605
1183971575
1184312087
1184325022
1184337373
1184503931
1184510946
1184516987
1184522189
1184525943
118453652X
1184748918
1184848025
1184934576
1184949751
1184953376
118500023
118500155
11850021X
118500260
118500473
11850049X
118500538
118500562
118500635
11850066X
118500775
118500864
11850097X
118501062
118501089
118501097
118501100
118501232
118501348
118501429
118501445
118501453
118501488
118501704
118501755
11850181X
118501836
118501852
118501879
118501895
118501941
118502026
118502182
11850228X
118502409
118502468
118502557
11850262X
118502751
118502786
118502794
118502956
118503030
118503073
118503200
118503235
118503316
118503324
118503340
118503472
118503510
118503561
118503634
118503642
118503812
118503820
11850388X
11850391X
118504037
118504118
118504134
118504185
118504355
118504398
118504428
118504444
118504495
118504533
118504665
118504932
118505041
118505076
118505114
118505122
118505394
118505416
118505505
11850553X
118505572
118505602
11850570X
118505734
118505777
118505831
118505874
118505904
118506048
118506072
118506099
118506137
118506153
118506277
118506323
118506331
118506382
118506390
118506404
118506471
118506595
118506609
118506617
118506684
118506730
118506749
118506803
118506862
118506897
118506986
11850701X
118507087
11850715X
118507184
118507249
118507265
118507427
118507508
118507559
11850763X
118507680
118507893
118507907
118507915
118507970X
118507974
118508040
118508067
1185080716
118508083
118508091
118508148
118508210
118508237
11850827X
118508288
118508407
118508466
118508695
118508849
118508911
118508970
118509039
118509047
118509179
118509306
11850942X
118509470
118509489
118509500
118509594
118509608
118509632
118509659
118509675
118509810
118509853
118509861
118510029
118510037
118510118
118510134
118510142
118510215
118510290
118510339
118510452
118510460
118510673
118510738
118510754
118510762
118510789
118510878
118510932
118511068
118511084
118511122
11851119X
118511254
118511262
118511343
11851136X
118511378
118511386
118511394
118511432
118511564
118511645
11851170X
118511742
118511858
118511866
118511882
118511947
118511971
118512064
118512080
118512137
118512145
118512153
118512161
118512196
118512234
118512250
118512269
1185122974
118512366
118512374
118512390
118512439
118512447
118512528
118512536
118512641
118512668
118512676
118512684
118512692
1185126929
118512706
118512730
118512749
118512803
118512811
118512951
11851301X
118513117
11851315X
118513168
118513176
118513214
118513249
118513257
118513435
118513583
11851363X
118513699
118513796
11851380X
118514091
118514229
118514253
118514318
118514342
118514385
11851444X
118514474
118514504
118514512
118514547
118514636
118514652
118514660
118514679
118514687
118514709
118514725
118514768
118514776
118514822
11851492X
118514938
118515055
118515098
118515128
118515136
118515144
118515403
118515446
118515454
118515470
118515527
11851556X
118515594
118515608
118515616
118515659
118515705
118515950
118515969
118516167
118516264
118516329
118516477
118516507
118516515
118516590
118516639
118516884
118516906
118516914
118516922
118516957
118517171
118517236
118517244
118517384
118517406
118517414
118517430
118517449
11851752X
118517570
118517872
118517880
118517902
118517945
118517953
11851802X
118518186
118518194
118518208
118518275
118518283
118518291
118518305
118518534
118518666
118518674
118518704
118518739
118518755
118518801
118518836
118518941
118519018
118519034
118519158
118519166
118519271
118519301
118519417
118519468
118519859
118519964
118519980
118520024
118520040
118520121
118520148
118520180
118520342
118520431
11852044X
118520490
118520512
118520539
11852058X
118520636
118520660
118520687
118520709
118520725
118520776
118520814
118520830
118520911
118520954
118521004
118521039
11852108X
118521098
118521187
118521225
118521276
118521284
118521314
118521330
11852139X
118521438
118521691
11852173X
118521977
118521985
118522027
11852206X
118522132
118522140
118522213
118522256
118522280
118522329
11852240X
118522531
118522582
118522663X
118522698
118522795
1185228969
118522930
118523023
118523058
118523082
118523341
118523368
118523376
118523422
118523481
118523562
118523619
118523708
118523775
118523813
118523880
118524070
118524119
118524313
118524429
118524488
118524496
11852450X
118524534
118524569
118524739
118524763
118524844
118525247
118525263
118525298
118525328
118525336
118525360
118525409
118525425
118525484
118525522
118525530
118525565
118525646
118525654
118525956
118525964
118525999
118526006
118526103
118526200
118526227
118526251
11852626X
118526340
118526375
118526383
118526545
118526634
118526650
118526715
118526898
118526936
118526944
118527053
118527061
118527142
118527215
118527223
118527258
118527282
118527525
118527533
118527541
118527576
118527665
118527681
11852772X
118527746
118527754
11852786X
118528009
118528165
118528327
118528335
118528386
118528432
118528521
118528610
118528637
118528769
118528777
118528823
118528831
118528874
118528882
118529056
118529064
118529072
118529196
118529226
118529315
118529366
118529390
118529404
118529439
118529447
118529560
118529609
118529668
118529684
118529757
118529811
11852982X
118529846
118529889
118529897
118529900
118529927
118529943
118530062
118530186
118530232
118530259
11853033X
118530356
118530380
118530445
118530488
118530496
11853050X
118530534
118530666
118530704
118530712
118530739
118530747
118530755
118530895
118530941
11853100X
118531026
118531077
118531220
118531301
118531352
118531360
118531441
118531506
118531557
118531581
118531603
118531700
118531727
118531743
118531751
118531859
118532022
118532081
11853212X
118532146
118532308
118532332
118532391
118532502
118532510
118532529
118532537
118532715
118532731
118532812
118532979
118533037
118533231
118533398
11853341X
11853369X
118533789
118533959
118533983
118534084
118534149
118534262
118534300
118534416
118534459
118534467
11853453X
118534556
118534572
11853467X
118534688
118534742
118534963
118534971
118535021
118535196
118535315
118535331
11853534X
118535366
118535382
118535455
118535668
118535684
118535714
118535730
118535749
118535757
118535765
118535773
118535781
118535889
11853596X
118535978
118535986
118535994
118536079
118536206
118536249
11853629X
118536389
118536400
118536486
118536516
118536575
118536613
11853677X
118536931
118536958
118536990
118537032
118537210
118537253
11853727X
118537296
118537342
118537598
11853789X
118537946
11853808X
118538179
118538403
118538446
118538489
118538527
11853856X
118538659
118538667
118538691
118538748
118538896
118538918
118538950
118539094
118539183
118539213
118539221
118539442
118539485
118539558
118539620
118539779
118539825
118539965
118540009
118540041
118540076
118540157
11854019X
118540203
118540238
118540351
11854036X
118540394
118540416
118540440
118540572
118540602
118540610
118540726
118540890
118540963
118541102
118541269
118541366
118541579
118541676
118541862
118542079
118542257
118542265
118542273
118542338
118542443
118542451
118542567
118542605
118542648
118542672
118542699
118542702
118542818
118542834
118542850
1185430520
118543105
118543296
11854330X
118543342
11854361X
118543733
118543741
11854375X
118543814
118543830
11854389X
118543989
118544063
118544098
118544128
118544209
118544233
118544330
118544373
118544381
118544489
118544519
118544632
118544691
118544721
118544748
118544810
11854490X
118544969
118544985
118545116
118545140
11854523X
118545345
118545396
118545574
118545620
118545639
118545655
118545663
11854568X
118545744
118545779
118545795
118545892
118545906
118545922
118545973
118545981
118546023
118546058
118546279
118546309
118546317
118546333
118546538
118546570
118546600
118546619
118546767
118546775
118546821
118546929
118546937
118547046
118547089
118547143
118547305
118547356
118547445
11854747X
118547488
118547518
118547631
11854764X
118547690
118547720
118547739
118547771
118547798
118547801
118548018
118548026
118548069
118548115
118548123
118548204
118548255
118548263
118548271
11854828X
11854831X
118548328
118548336
11854845X
118548468
118548565
118548670
118548689
118548700
118548786
118548832
11854893X
118548972
118549014
118549030
118549073
118549138
11854926X
118549316
118549367
118549383
118549405
118549464
118549529
118549553
11854960X
118549618
118549642
118549758
118549766
118549782
118549790
118549812
118549847
11855008X
11855011X
118550128
118550179
118550187
118550225
118550241
11855025X
118550276
118550306
118550373
118550381
11855039X
11855042X
118550578
118550616
118550640
118550705
11855073X
118550748
118550772
1185507876
118550853
118550934
118550993
118551108
11855123X
118551248
118551264
118551353
118551418
118551493
118551655
118551760
118551817
118551833
11855185X
118551876
118551884
118551906
118551930
118551957
118551981
118552058
118552198
118552260
118552279
118552325
118552341
118552422
118552457
118552465
118552589
118552708
118552716
118552775
118552848
118552856
118552910
1185529500
118553070
1185530975
118553194
118553313
11855333X
118553399
118553496
118553534
118553925
118554131
118554190
118554387
118554409
11855445X
118554468
118554476
118554565
118554646
118554654
118554662
118554700
118554727
11855476X
118554786
118554808
118554816
118554921
118554964
118555022
118555081
118555189
118555294
118555537
118555545
118555553
118555642
118555650
118555790
118555839
118555928
118555979
118556053
118556185
118556312
118556320
118556541
118556622
118556657
118556789
118556800
118556851
118556991
118557017
118557033
118557106
118557157
118557211
118557254
118557432
118557513
118557610
118557815
118557831
118557858
118557920
118558013
118558064
118558196
118558226
118558358
118558382
118558404
118558420
118558501
1185585125
118558544
118558587
118558617
118558730
118558862
118558870
118558897
118559133
118559168
118559176
118559214
118559222
118559230
118559265
11855932X
118559400
118559451
11855946X
118559532
118559664
118559702
118559737
118559796
118559915
118559931
118560026
118560034
118560085
118560093
118560107
118560115
118560190
118560255
118560409
118560441
118560573
118560611
118560670
118560727
118560824
118560883
118560905
118560980
118561022
11856109X
11856112X
118561219
118561383
118561421
118561685
118561707
118561723
118561774
118561901
118561936
118561987
118561995
118562053
11856207X
118562193
11856224X
118562258
118562312
118562347
118562363
11856238X
118562398
118562452
118562487
118562509
11856255X
118562657
118562762
118562827
118562843
11856286X
118562894
118562967
118563033
118563076
118563181
11856319X
11856322X
118563238
118563289
118563335
118563386
118563416
118563491
118563548
118563602
118563629
118563653
118563661
11856370X
118563769
118563777
118563904
118564005
118564021
118564064
118564080
118564234
11856434X
118564358
118564366
118564374
118564390
11856451X
118564560
118564579
118564595
118564722
118564781
118564900
118564943
118564951
118564978
118565079
118565087
118565125
118565133
11856515X
118565184
118565192
118565303
118565397
118565591
118565672
118565737
118565796
118565877
118565923
118566148
118566156
118566172
118566210
118566288
118566318
118566385
118566482
118566520
118566539
118566571
118566601
118566725
118566733
11856675X
118566814
118566830
118566865
118566946
118566989
118567241
11856725X
118567276
118567438
118567462
118567594
118567713
118567799
118567853
118567926
118568051
11856806X
118568078
118568191
118568310
118568361
118568450
118568531
118568752
118568825
118568884
118568892
118568973
118569015
118569074
118569104
118569147
11856918X
118569244
118569333
11856935X
118569414
118569481
11856949X
118569511
118569538
118569546
118569767
118569880
118569910
118569937
118570080
118570145
118570196
118570234
118570293
118570366
118570420
118570528
118570544
118570676
118570935
118570951
118570994
118571095
118571117
118571133
118571214
118571222
118571249
118571362
118571389
118571427
118571508
118571516
118571559
118571591
1185716092
118571648
118571680
1185718338
118571869
118571915
11857194X
118572024
1185721207
118572121
118572245
118572342
118572377
118572466
118572598
11857261X
118572628
118572636
118572695
118572725
118572741
118572814
118572903
118572938
118572946
118573020
118573179
11857339X
118573497
118573519
118573527
118573543
118573551
118573748
118573853
118574000
11857406X
118574086
118574469
118574515
118574701
11857471X
118574809
118574817
118574884
118574892
118574957
118574981
118575007
118575015
118575082
118575147
118575155
118575236
118575384
118575414
118575422
118575449
118575503
118575856
118575864
118575872
118575910
11857602X
118576127
118576291
11857633X
118576550
118576577
118576801
118576976
118576984
11857700X
118577042
118577069
118577107
118577131
118577158
118577166
118577182
118577360
118577425
11857745X
118577468
118577484
118577506
118577573
1185776281
118577662
118577778
118577808
118577840
118577891
118578006
118578030
118578308
118578510
118578537
118578545
118578596
118578774
118578790
118578820
118578847
118578987
118579266
118579274
118579282
118579347
118579355
118579371
11857938X
118579398
11857941X
118579428
118579568
118579703
118579797
118579800
118579843
118579894
1185799192
118579959
118579975
11858006X
118580094
118580112X
118580175
118580248
11858040X
118580450
118580469
118580485
118580639
118580647
118580671
11858071X
118580728
118580736
118580760
118580779
11858085X
118580973
118581015
118581090
11858118X
118581244
118581287
118581295
118581457
118581465
118581503
11858152X
118581600
118581732
118581740
118581856
118581945
11858197X
118582003
118582011
118582054
118582089
118582143
118582224
118582267
118582275
118582291
118582321
118582402
118582666
118582712
118582909
118582925
118582933
118582941
118582984
11858300X
118583042
118583085
118583107
11858314X
118583182
118583247
1185832661
118583395
118583409
118583425
118583441
11858345X
118583484
118583875
118583883
118583972
118584154
118584162
118584286
118584405
118584502
118584588
118584596
118584626
118584650
118584693
118584731
118584774
118584928
118584944
118584987
118585045
118585053
11858510X
118585282
118585401
11858541X
118585444
118585495
118585517
118585525
11858555X
118585576
118585738
11858586X
118585878
118585916
118585967
118585983
118586130
118586408
118586483
118586548
118586610
118586653
118586688
118586777
118586998
118587013
118587064
118587137
118587218
118587226
118587269
118587374
118587420
118587501
118587536
118587544
118587552
11858765X
118587668
118587714
118587773
118587900
118587919
118587935
118587943
118587951
118587978
118588044
118588087
118588095
118588125
118588249
118588370
118588419
118588427
118588443
118588494
118588524
118588567
118588826
118588850
118588893
118589059
118589199
118589350
118589385
118589393
118589423
118589466
118589520
118589598
118589628
118589660
118589687
118589768
118589792
118589857
118590065
118590081
118590111
118590154
118590162
118590200
118590235
118590359
118590448
118590472
118590480
118590502
11859060X
118590618
118590685
118590723
118590758
118590766
118590774
118590782
118590790
118590812
118590855
118590952
118590979
118590987
118591177
118591339
118591398
118591533
118591606
118591614
118591649
118591673
11859169X
118591908
118591916
118591924
118591959
118592076
118592394
118592599
118592874
118592912
118592955
118593048
118593056
118593153
118593196
118593234
118593323
118593366
118593420
118593471
118593544
118593676
118593854
118593862
118593870
118593900
118593951
118594117
118594176
118594184
118594206
118594214
118594303
118594362
118594478
118594540
118594567
118594575
118594605
118594656
118594672
118594702
118594729
118594745
118594753
118594818
118594869
118594893
11859494X
118594966
118595091
118595148
118595156
118595350
118595377
118595393
118595520
118595830
118595849
118595989
118596047
118596136
118596187
118596438
118596497
118596624
118596799
118596853
118596861
118596993
118597019
118597043
118597051
118597175
118597272
118597299
118597310
118597434
118597442
118597574
118597590
118597620
118597639
118597671
118597833
11859785X
118597868
118597884
118597922
118597930
118598058
118598325
118598430
118598546
118598600
118598694
118598767
118598856
118598880
118598953
118598988
118599054
118599062
118599097
118599100
118599194
118599313
11859933X
118599356
118599488
118599542
118599550
11859964X
118599690
118599704
118599755
118599771
118599801
118599879
118599925
118599976
118599992
118600028
118600133
118600192
118600265
118600273
118600354
118600389
118600400
118600419
118600486
118600508
118600613
118600796
118600850
118600877
118600885
118600966
118601024
118601032
118601121
118601164
118601180
118601261
118601296
118601318
118601393
118601652
118601687
118601717
118601857
118601865
11860192X
118601938
118601946
118601954
118602012
118602209
118602217
118602225
118602276
118602330
118602438
118602500
118602632
118602667
118602675
118602691
11860273X
118602748
118602756
118602780
118602802
118602918
118603043
118603086
118603140
118603175
118603299
118603345
118603361
118603442
118603493
118603531
11860354X
118603558
118603655
118603701
11860371X
118603787
118603817
118603930
118603949
118603957
118604058
118604066
118604120
118604139
118604198
118604341
11860435X
118604465
118604562
118604600
118604627
118604678
118604821
118604856
118604872
118605038
118605100
118605119
118605127
118605135
118605305
118605348
118605364
118605402
118605488
118605690
118605771
118605798
118605933
118605976
118606077
118606107
118606115
118606379
118606387
118606433
11860645X
118606522
118606565
118606646
118606654
118606662
118606727
118606751
118606808
118606832
118606859
118606921
11860693X
118606964
118607073
118607278
118607332
118607359
118607391
118607421
1186074620
118607472
118607499
118607502
1186075945
11860760X
118607618
118607626
118607642
118607766
118607782
11860788X
11860791X
118607936
118607960
118607979
118607987
1186080027
118608045
118608088
118608142
118608215
118608231
118608274
11860838X
118608428
118608452
118608495
118608517
118608584
118608703
118608770
118608819
118608843
118608924
118608959
118609009
118609173
11860919X
118609211
11860922X
118609300
118609335
118609351
1186094451
118609521
1186095415
118609548
118609556
1186095997
118609629
118609653
118609696
118609793
118609807
11860998X
118610023
118610317
118610384
118610457
118610473
118610570
118610716
118610740
118610767
118610805
118610821
118610880
118610902
118610961
118611097
118611151
11861116X
118611240
118611267
118611283
118611305
118611321
11861133X
118611429
118611542
118611550
118611585
118611615
118611623
118611631
11861164X
118611666
118611682
118611704
118611720
118611917
118612018
118612069
118612077
118612107
11861214X
118612166
118612220
118612239
118612271
118612298
118612301
118612409
118612468
118612492
118612603
118612654
118612700
118612956
118612972
118613421
118613723
118613812
118613960
118614037
118614053
118614061
118614088
118614185
118614371
118614398
118614436
118614479
118614487
118614495
118614517
118614568
118614576
118614738
118614762
118614789
118614924
118614932
118614940
118615173
11861519X
118615270
118615335
118615599
118615629
118615645
118615688
118615785
118615866
118615874
118615882
118615947
11861598X
118615998
118616013
118616099
11861620X
118616307
118616323
118616366
118616374
118616382
118616390
118616609
118616617
118616714
118616811
118616870
118616951
118617052
118617125
118617160X
118617192
118617230
118617249
118617273
118617338
118617346
118617354
1186173874
118617443
118617494
11861763X
118617710
118617737
118617761
118617826
118617958
11861813X
118618156
118618164
118618229
118618245
11861830X
118618318
118618350
118618393
118618431
11861844X
118618512
118618679
118618725
118618768
118618792
118618822
118618830
118618997
118619004
118619063
118619101
11861911X
11861925X
118619268
118619322
118619381
118619454
118619543
118619551
118619586
118619667
11861973X
118619764
118619926
118619969
118620096
118620193
118620223
118620231
118620347
118620444
118620452
118620460
118620614
118620738
118620770
118620800
118621009
118621033
118621041
118621319
118621343
118621351
118621378
118621432
118621513
11862167X
118621815
118621823
118621947
118621971
118622064
118622072
118622099
118622102
118622110
118622226
118622285
118622315
118622323
118622447
118622463
118622498
118622501
118622587
118622609
118622773
118622838
118622854
118622994
11862301X
118623079
118623109
118623117
11862315X
118623176
118623451
11862346X
118623567
118623575
118623591
118623710
118623796
118623885
118623893
118623907
11862394X
118623966
118624067
118624237
118624334
118624377
11862444X
118624458
118624474
118624504
118624725
11862475X
118624814
118624865
118625012
118625039
118625063
118625136
118625179
118625284
118625381
118625411
118625438
118625489
118625616
118625780
118625799
118626078
118626167
118626175
118626205
118626264
118626329
11862640X
118626442
118626523
118626760
118626833
11862685X
118626868
118626876
118626892
118626922
118626930
118627031
118627066
118627082
118627112
118627120
118627171
118627279
118627481
118627562
118627597
11862766X
118627716
118627813
11862783X
118627848
118627864
118627872
118627910
1186279214
118627988
118627996
118628003
118628046
118628070
118628232
118628429
118628569
118628615
118628631
118628682
118628798
1186288027
118628836
118628860
118628895
118628976
118628984
11862914X
118629220
118629573
1186296283
118629662
118629743
118629751
118629867
118629875
11862993X
118629972
118630113
118630121
118630148
118630202
118630237
11863027X
11863030X
118630334
118630377
118630415
118630520
118630547
118630741
118630814
118630822
1186309075
118630954
118631136
118631187
118631195
118631217
118631241
118631322
118631349
118631365
11863139X
118631519
118631616
118631632
118631640
118631683
118631713
118631721
11863173X
118631888
118631950
118632043
118632086
118632213
118632221
11863223X
118632302
118632337
118632388
118632418
118632442
118632469
118632477
11863254X
118632574
118632590
118632604
118632698
118632779
118632787
118632884
118632892
118632930
118632949
118633015
118633201
11863335X
118633392
118633457
118633465
118633503
118633562
118633627
118633678
118633708
118633732
118633791
118633821
118633953
118634054
118634127
118634224
118634232
118634313
118634348
118634372
118634380
118634518
118634542
118634577
118634674
118634755
11863478X
118634798
118634801
118634828
118634895
118634984
118635026
118635093
118635247
118635255
118635263
118635417
118635425
118635468
118635611
118635697
118635948
118636049
118636073
11863609X
11863612X
118636278
118636383
118636413
118636421
118636448
118636529
118636537
118636561
118636618
11863691X
11863707X
118637266
11863741X
118637452
118637479
118637525
118637533
118637568
118637606
118637649
11863772X
118638157
118638599
118638785
118638874
118638904
1186390018
118639064
1186390808
118639374
118639404
118639471
118639552
118639595
11863979X
118639811
118640038
118640208
118640259
118640283
118640402
118640437
118640445
118640496
118640526
118640658
118640801
118640836
118640909
118641077
118641115
118641158
118641344
118641506
118641549
118641786
118641816
118641972
118642405
118642464
118642472
118642499
118642537
118642707
118642766
118642812
118642871
11864291X
118642987
118643223
118643282
118643355
11864338X
118643525
118643703
118643711
11864405X
118644173
118644858
118644882
118644890
118644912
118644955
118646230
118646850
118646907
118646974
118646982
118647008
118647024
118647229
118647377
118647504
118647555
118647563
11864758X
118647598
118647644
118647660
118647687
118647857
11864792X
118647989
118648268
118648322
118648381
11864842X
118648667
118648748
118648764
118649418
118649523
118649728
118649809
118649949
118649973
11864999X
118650084
118650130
118650173
118650351
118650394
118650440
118650467
118650793
11865103X
118651129
118651137
118651331
118651358
118651439
118651498
118651668
118651714
118651730
118651870
118652133
118652281
118652818
118652907
118652923
118652990
118653121
118653156
118653229
11865330X
118653814
118653822
118653830
118653873
118653911
11865392X
118654012
118654330
11865442X
118654454
118654543
118654578
118654616
118654764
118655035
118655205
118655213
11865554X
118655604
118655787
118655841
118655876
118655906
118655914
11865604X
118656112
118656317
118656384
118656643
118656724
118656732
118656783
118656864
118657615
118657860
118658026
118658085
118658514
118658530
118659111
118659200
118659588
118659847
118660101
118660470
118660632
118660691
118660888
118661019
118661078
118661183
118661221
118661434
118661728
118661957
11866204X
118662090
118662724
118662732
118662740
118662759
118663550
118663569
118663658
1186640561
118664093
118664123
118664328
118664360
118664468
118664573
118664646
118664972
118665057
118665073
118665405
118665413
118665499
118665537
118665642
118666339
118666479
118666592
118666797
118666843
118666878
118666924
118667009
11866719X
118667432
118667572
118667882
118667998
11866803X
118668250
118668277
118668536
118668676
118668838
118669303
118670182
118671294
118671383
118671464
118671499
1186718617
118671901
118672169
118672231
118673076
118673130
118673262
11867367X
118673726
118673882
1186738936
118673947
118673955
118673971
11867403X
118674064
118674080
1186741635
118674269
118674439
118674501
118674617
118674641
11867465X
118674730
118674838
118674846
1186749288
118674935
118674943
118675028
118675125
118675834
118675885
118675907
118675958
118676121
118676210
118676547
118676555
118676601
118676903
118677160
118677306
118677314
11867742X
118677489
118677497
118677683
118677810
118677888
118678019
11867806X
118678124
118678256
118678302
118678434
118678612
118678639
118678701
118678809
118678949
118679139
118679236
11867949X
118679570
118679589
118679597
118679694
118679740
118679759
118679767
118679805
118680013
118680064
118680099
118680145
118680226
118680293
118680374
118680447
118680579
118680595
118680633
118680803
118680846
118680854
118681192
118681605
118681666X
118682032
118682075
11868230X
118682431
118682601
118682636
118682806
118682830
118683136
118683551
118683624
118683667
118684434
118684620
118684760
118684833
118684922
118684957
118684981
1186850671
118685104
118685406
118685481
118685570
118686178
118686186
11868650X
118686550
118686593
118686755
118686799X
118686984
118687018
11868731X
118687328
118687344
118687387
11868745X
118687557
118687883
118688162
118688189
118688200
118688332
118688340
118688391
118688456
11868857X
118688588
118688677
118688766
11868907X
1186896698
118689797
118689819
118690108
118690213
118690248
118690256
118690310
118690388
11869068X
118690701
11869071X
118690736
118690809
118690825
118690892
118690906
118690914
118690973
118691007
118691015
118691155
118691198
118691414
1186915374
118691635
11869166X
118691783
118691791
118691813
118691821
118691872
118691910
118692011
118692054
118692089
11869216X
118692224
118692275
118692356
118692593
11869264X
118693069
118693085
118693263
118693298
118693301
118693360
1186934166
11869362X
118693654
118693662
11869376X
1186938285
118693832
1186939788
118693999
118694049
1186940913
1186941278
11869412X
1186943076
118694308
118694499
118694529
11869474X
118694944
118694952
118695045
118695282
118695630
118695673
118695789
118695797
118695878
118695916
118695959
118696033
118696041
11869636X
118696394
118696432
118696548
118696599
118696629
118696661
118696882
118696920
118696939
118697056
118697218
118697382
118697439
118697447
11869751X
118697560
118697668
118697749
118697757
118697781
118697900
118697919
118697986
118698052
118698079
118698141
118698346
118698370
118698389
118698397
118698435
118698478
118698540
118698613
1186993251
118699644
118699946
118699962
118700065
118700472
118700758
118700820
118700898
118701002
118701150
118701215
118701258
118701266
118701339
118701525
11870155X
118701630
118701940
118701959
118701975
118702033
118702068
118702084
118702556
118702572
118702785
118702793
118702815
118702823
118703145
118703293
118703307
118703439
118703692
118703730
118703749
118703870
118704206
118704249
118704346
118704397
118704478
118704486
118704559
118704583
118704842
118704931
118705172
11870527X
118705288
118705377
118705431
11870544X
118705490
118705857
118705962
118705970
118706020
118706217
118706381
118706403
118706500
118706535
118706543
118706578
118706667
118706721
118706942
118707019
118707027
118707035
118707175
118707213
118707426
118707450
1187074896
118707515
118707582
11870768X
118707744
118707779
118707825
118707833
118707957
118708007
118708058
118708902
118708945
118709003
118709046
118709054
118709062
118709089
118709151
118709321
118709453
118709577
118709593
118709631
118709690
118709763
118709828
118709976
118709984
118710079
118710087
118710117
118710346
118710524
118710559
118710656
118710885
118710893
118710923
118710990
118711083
11871113X
118711253
118711326
118711334
118711350
118711423
118711504
118711784
118711806
11871189X
118711962
118712373
11871239X
118712411
11871242X
118712489
118712799
118712853
118712942
118713051
118713302
118713337
118713426
118713507
118713558
118713566
118713574
118713590
118713604
118713892
118713906
118713930
118714007
11871421X
118714325
118714333
118714368
118714414
118714430
118714449
118714511
118714562
118714678
118714694
118714732
118714775
118714937
118715097
11871547X
118715569
118715615
118715666
118715704
118715976
11871600X
1187161322
118716166
118716611
118716670
1187167517
118716824
118717448
1187175773
118717626
118717758
118717928
118718282
118718681
11871869X
1187190381
118719092
118719165
11871953X
118719777
118719815
118719858
118720090
1187201286
118720163
118720279
11872052X
118720589
11872066X
118720678
118720716
118720805
118720864
118720910
118720953
118720961
11872097X
118721003
118721038
118721224
118721283
118721313
118721747
118721771
11872178X
118721801
118722123
118722336
118722395
118722417
11872245X
118722662
118722735
118722778
118722859
118722913
118722964
118723081
118723103
118723200
118723340
118723391
118723405
11872343X
118723596
118723626
118723707
118723766
118723979
118724215
118724258
118724398
11872441X
118724584
118724789
118724797
118724819
11872505X
118725106
118725157
118725378
118725734
118725882
118726129
118726188
118726269
118726331
118726420
118726439
118726803
118726897
118726935
118727206
118727486
118727494
118727528X
118727575
118727656
118727729
118727885
1187279064
118727907
118727990
118728016
118728024
1187282855
118728377
118728415
118728520
118728547
11872861X
118728628
118728679
118728784
1187288284
118728849
1187288713
118729005X
118729101
118729136
118729160
118729330
118729365
118729446
118729519
118729543
1187295906
1187298212
118729837
118729918
118730088
118730215
118730231
118730258
118730274
118730363
118730584
118730614
118730851
118731076
118731181
11873153X
118731610
118731718
118731971
118732234
118732439
118732455
118732579
118732641
118732773
11873279X
118732803
118732811
118732935
118732943
118733052
118733192
118733206
118733346
118733532
118733567
118733591
118733664
118733745
118733796
118733915
118734059
118734083
118734105
118734113
11873413X
118734326
118734350
118734369
118734393
118734415
118734423
118734458
118734474
118734482
118734563
11873458X
118734636
11873475X
118734830
118734857
11873492X
118735047
118735268
118735519
118735551
118735616
118735764
118735985
118735993
118736116
118736256
118736388
118736418
118736434
118736507
118736515
118736590
1187366250
118736949
118737171
118737295
118737457
11873752X
118737554
118737570
118737627
118737708
118737716
118737740
118737805
118737821
118737848
118738038
118738054
118738062
118738070
118738097
11873816X
118738402
118738453
118738569
118738585
118738593
118738615
11873864X
118738690
118738747
11873881X
118738828
118738852
118738895
118738917
118738984
118738992
118739018
118739131
11873914X
118739158
118739255
118739360
118739387
118739409
118739522
118739530
118739557
118739581
118739921
118740105
118740229
118740237
118740261
118740342
118740598
118740822
118741063
118741071
11874108X
118741128
118741217
118741233
11874125X
118741276
118741381
118741462
118741616
11874173X
118741853
118741918
118741926
118742108
118742116
118742140
118742221
118742450
118742469
118742493
11874254X
118742604
118742884
118742906
118743090
118743228
118743376
118743406
118743414
118743449
118743465
118743503
118743511
11874352X
118743546
118743635
118743643
118743740
118743775
118743953
11874402X
118744097
118744178
118744232
118744321
118744402
118744615
11874464X
118744666
118745204
118745255
118745352
118745360
118745395
118745417
118745441
118745506
118745557
118745743
118745905
118745964
11874609X
118746103
11874612X
118746413
118746472
118746502
118746588
11874660X
118746685
118746707
118746812
118746871
118746928
118746936
118747118
118747134
118747207
118747223
118747398
118747436
118747479
118747509
118747649
118747916
118747959
118748033
11874805X
118748130
118748181
1187481811111
11874819X
118748238
118748246
118748440
118748661
11874867X
118748734
118748882
118749056
118749137
118749250
118749269
118749374
118749471
118749536
118749595
118749730
118749765
118749781
118749889
118749935
118750224
118750240
118750526
118750607
118750895
118750909
118750976
118750992
11875114X
118751344
118751379
118751395
118751433
118751476
118751654
118751840
118751972
118752065
118752138
118752154
118752197
118752219
11875226X
118752278
118752316
118752332
118752510
118752723
118752731
118752995
118753061
118753096
118753118
118753150
118753191X
118753223
11875324X
118753282
118753290
118753398
118753460
118753584
11875369X
11875372X
118753983
118754122
118754130
118754157
118754173
118754246
118754351
118754440
118754548
118754556
118754718
118754971
11875503X
118755145
118755161
11875517X
118755196
118755218
118755285
118755439
118755455
118755552
118755609
11875565X
118755722
11875579X
118755994
118756230
118756257
118756419
118756478
118756591
118756613
118756702
118756974
118757008
118757083
118757148
118757237
118757288
118757296
118757385
11875744X
118757539
118757563
118757571
118757598
118757733
11875789X
118758217
118758225
118758241
118758284
118758292
118758349
118758721
118758764
118758829
118758969
118759027
118759175
118759264
118759272
118759310
118759426
118759515
118759787
118759795
118759876
118759957
118759973
118760009
118760211
118760262
118760335
118760408
118760629
118760637
118760874
118760939
118760963
11876098X
118761072
118761129
118761234
118761242
118761331
118761579
118761676
118761706
118761714
118761765
118761773
118761889
118761919
118761927
118762109
118762117
11876215X
118762273
118762516
118762745
118762753
118762761
118762834
118762907
118762915
118763342
118763504
118763563
11876361X
118763776
118763881
118763946
11876425X
118764268
11876442X
118764438
118764446
118764586
118764802
11876490X
118765191
118765205
118765264
118765299
118765485
118765639
118765787
118765833
11876585X
118765876
118765892
118765914
118765965
118765973
118766015
118766139
11876618X
118766244
118766384
118766422
11876652X
118766570
118766600
118766643
118766708
118766732
118766856
118766910
11876702X
118767127
118767216
118767240
118767267
118767291
118767321
118767364
118767402
118767488
118767550
118767577
118767658
118767674
118767755
118767836
118767852
118767925
11876800X
118768018
118768115
118768166
118768182
118768204
118768239
11876828X
118768468
118768808
118768999
118769065
118769103
118769235
118769278
118769537
118769561
118769626
118769634
118769715
118769782
118769820
118769987
118770004
118770020
118770039
118770047
118770101
118770217
11877025X
118770276
118770330
118770403
118770659
118770713
118770772
118770829
118770934
118770950
118770977
118771019
118771035
118771221
118771337
11877137X
118771426
118771469
118771477
11877171X
118771779
118771795
11877185X
118771868
118771892
118771906
118771981
118772155
118772481
11877297X
118773062
118773240
118773275
118773283
118773402
118773666
118773674
118773917
118773984
118774344
118774875
118775391
118775723
118775782
118775812
118775960
1187759708
118776029
118776223
118776525
11877655X
118776592
118776649
118776665
118776673
118777106
11877722X
118777432
118777548
118777653
118777734
1187778206
118777963
11877798X
118778129
118778811
118778862
11877896X
118779486
118779605
118779737
118780328
118780395
118780514
118780743
118780786
118781278
118781472
118781529
118781537
118781936
118782169
118782444
118782797
118782975
118782983
118783009
11878305X
118783580
118783637
118784129
118784137
1187842389
118784412
118784455
118784749
118785214
118785222
118785273
118786199
118786768
118786822
118787888
118788191
11878854X
118788604
118788760
118788868
118789406
118789511
118789694
118789953
118790536
118791311
118791583
118791729
118791877
118791923
11879258X
118792652
118792849
118793551
118793713
11879406X
118794396
118794434
118794868
118795376
118795562
118795740
1187957569
118796224
118796267
118796305
11879650X
118796550
118796666
118796674
11879678X
1187968870
118797344
118797743
118797891
118798316
1187984485
118798561
118798634
118798715
1187987174
118799223
118799363
118799371
118799452
11879969X
118799711
11879972X
118799908
118800108
118800140
118800175
118800345
118800442
118800612
118800957
118801023
118801082
118801139
118801317
118801414
118801597
118802208
118802410
118802763
118802976
118803255
118803360
118803379
118803417
118803948
118804103
118804170
118804375
118804448
118804928
118805037
11880510X
11880524X
118805266
118805428
118805444
118805495
118805592
118805908
118805940
118805975
118806262
118806416
118806548
118806866
118807064
11880734X
118807358
118807501
11880751X
118807668
118807900
118807935
118808672
118808729
118808753
118808826
118808885
118809083
118809091
118809113
118809148
118809164
118809180
118809199
118809210
118809253
11880930X
118809369
11880944X
118809490
118809504
118809601
11880961X
118809660
118809679
118809741
118809776
118809784
118809865
118809954
118809970
118809989
118810162
118810472
118810499
118810553
118810685
118810723
118810758
118810871
118811045
118811142
118811207
118811371
11881155X
118811630
118811746
118811843
11881186X
118811916
118812181
118812203
118812211
118812386
118812394
118812408
118812556
118812602
118812610
118812696
118812815
118813005
118813374
118813501
118813633
118813676
118813722
11881382X
118813927
118814052
118814125
118814176
11881429X
118814311
118814370
118814516
118814591
118814672
118814931
118815083
118815172
118815199
118815229
118815261
118815288
118815342
11881544X
118815660
118815792
118815830
118815881
11881625X
118816489
118816535
118816713
118816764
118816829
118816888
118816969
118817019
118817043
118817078
118817086
118817124
118817167
118817205
118817248
118817272
118817426
118817434
118817469
118817558
118817639
118817647
118817965
118818090
11881818X
11881821X
118818236
118818244
118818406
118818414
11881852X
118818651
11881866X
118818678
118818724
118818740
118818759
118818775
118818902
118818929
118818988
118819054
118819100
118819135
118819321
118819453
118819488
118819623
118819674
11881978X
118819879
118819909
118819976
118820095
118820176
118820397
118820400
118820419
118820516
118820788
11882080X
118820958
11882113X
118821466
118821512
118821660
118821687
118821954
118822160
118822233
118822586
118822675
118822799
118822853
118822918
118822950
118822993
118823086
118823124
118823140
118823272
118823442
118823450
118823507
11882354X
118823647
118823744
118823795
118823809
118823817
118823841
11882385X
118823914
118823957
11882399X
118824007
118824090
118824104
118824287
118824406
118824465
118824570
1188246631
118824775
118824783
1188248200
118824821
118825003
118825046
118825119
118825135
118825178
118825194
118825224
118825429
11882550X
118825607
118825771
118825860
118826018
118826174
118826182
118826433
118826514
118826522
118826727
118826751
118826816
118826832
118826840
118826859
118827251
118827294
118827413
118827863
118828096
118828207
118828509
118828584
118828673
118828738
118828746
118828789
118828940
118829025
118829076
118829114
118829149
118829211
118829386
118829440
118829580
118829599
11882998X
118829998
11883004X
118830228
118830317
11883035X
118830589
118830600
118830635
118830678
11883083X
118831070
118831178
118831186
118831348
118831356
118831380
118831429
118831453
11883147X
118831542
118831674
118831852
11883195X
118831992
118832190
118832212
118832522
118832816
118832832
118832905
118833049
118833693
118833693111111
118833731
118833847
118833863
118834037
118834223
118834304
118834312
118834401
118834509
118835068
118835157
118835246
118835416
118835521
118835564
118835572
118835637
118835793
118835882
118835904
118835920
118836072
118836552
118836595
118836676
118836927
118837079
118837559
118837818
118837826
118837885
118838075
118838121
118838334
118838431
118838512
118838598
118838636
118838709
118838717
118838725
118838903
118838970
118839004
118839012
118839543
118840398
118840436
11884055X
118840576
118840592
118840703
118840819
118840835
118840843
118840851
118840886
118840908
118840967
118841041
118841130
118841203
118841238
118841394
11884153X
118841629
118841793
118841939
118842056
118842064
118842099
11884234X
118842404
118842455
118842501
11884251X
118842587
118842609
118842684
118842811
11884282X
118842919
11884296X
118843001
118843060
118843087
118843125
118843303
118843311
118843346
118843494
1188435019
118843567
118843672
118843702
118843729
118843796
118843826
118844008
118844016
11884413X
118844229
11884427X
118844369
118844407
118844423
118844555
118844563
118844709
118844717
118844725
118844792
118845020
118845063
118845179
118845225
118845241
118845268
118845314
118845322
118845349
118845527
118845535
118845543
11884556X
118845659
118845667
118845780
118845799
118846051
11884606X
118846078
118846736
118846752
118846760
118846787
118846833
118846868
11884699X
118847139
1188472097
118848321
118848437
118848801
1188489755
1188495496
118850245
11885027X
118850288
118850326
11885061X
118850822
118850865
118850946
118851187
118851209
118851667
118851985
118851993
118852051
118852132
118852299
118852302
118852337
118852485
11885268X
11885271X
118852760
118852868
118853279
118854585
118854623
118854631
118854704
118854925
118854976
118855085
118855220
118855328
118855336
118855352
118855387
118855409
118855417
118855492
118855549
118856413
118856510
118858246
118858785
118858793
118858858
118858998
1188590774
1188591681
1188593129
118859617
1188596667
118860011
118860038
118860224
118860445
118860577
118860666
118860798
118861301
11886145X
118861514
118861522
118861530
118862065
118862189
118862472
118862855
118863096
118863177
118863266
118863371
118863746
118863940
118863975
118864033
118864262
1188642642
1188642685
118864300
1188643568
118864615X
118864629
118864637
118864645
11886470X
118864742
118864939
118864947
118864955
118865528
118865889
118866087
118866117
118866850
118866869
118867660
118867997
118868438
118869035
118869493
118869612
118870785
11887148X
11887151X
118871862
118872184
118872230
118872249
118872958
118873350
118873547
118873601
118873768
118874152
118874322
118874683
118874853
118874934
118875027
118875426
118875442
118875736
118876198
118876449
118876473
118876759
118876783
118877232
118877666
118877925
118878395
118878638
118879030
118879057
11887909X
118879243
118879294
118879529
118879685
118880276
118880314
118880829
11888087X
118881086
118881175
118881361
118881469
118881787
118882759
118882937
118883070
118883135
118883321
118883674
118883690
118883720
118884174
118884409
118884719
118884727
118885081
118885243
118885332
11888557X
118885596
11888560X
118885995
118886843
118886878
118887157
118887203
118887645
118887688
118887815
118887823
118888048
118888234
118888536
11888865X
118888722
118889281
118889664
1188901753
11889031X
1188903489
118890425
118890581
1188907972
118890832
118890840
118890875
118890883
118890948
118891030
118891510
118891707
118891723
118891863
118891960
118891987
11889207X
118892258
118892282
118892363
118892398
118892495
118892517
118892533
118892592
118892711
118892789
118892827
118892894
118892908
118892932
118892940
118893041
118893157
118893823
118893831
11889384X
118893866
118893947
118894412
118894420
118895028
118895060
118895389
118895869
118896393
118896490
11889661X
118896954
118897713
11889787X
118897896
11889790X
118898779
118898833
118898841
118898892
118898965
11889899X
11889904X
11890020X
118900765
118901168
118901419
118901575
118901893
118902288
118903373
118903675
118903683
118903721
118903802
118903861
118904078
118904108
118904205
118904949
118905066
118905287
118905406
118905414
11890552X
118905724
118905740
118906054
118906186
118906194
118906291
118906755
11890678X
118907085
118907263
1189073072
118907549
118907565
118907700
118907956
118908006
118908219
118908308
118908316
118908383
118908391
118908448
118908529
118908650
1189088118
118908871
11890888X
118909061
11890907X
118909118
118909126
118909142
118909150
118909177
118909622
11890972X
118909738
118909886
118909894
118909908
118910256
118910809
11891118X
118911244
118911341
118911414
11891152X
118912186
118912577
11891295X
118912984
11891314X
118913417
118913581
118913786
118914782
118915061
118915630
118915851
118915983
11891622X
118916548
118916726
118916734
118916823
118916831
118917528
118917870
1189181878
118918249
118918400
118918540
118918559
118918605
118918753
118919121
118919296
118919474
118919512
118919601
118919628
118919687
118919717
118919946
118920154
118920405
118920448
118920774
118920944
118920979
118921002
118921223
118921282
118921290
118921525
11892155X
118921703
118921762
118921797
118921800
118922068
118922076
118922149
118922491
118923471
1189239213
118923935
118924036
118924060
11892432X
118924346
118924397
11892446X
118924613
118924664
118924958
118925148
118925296
118925687
118926179
118926535
118926888
11892706X
118927191
118927523
118927590
118927655
118928198
118928201
118928430
118928635
118928643
11892883X
118928872
118929003
118929445
118929496
118929844
118930095
118930397
118930826
118931180
118931482
118931504
118932047
11893208X
118932330
118932454
11893256X
118932640
118932756
118932772
118933116
118933825
1189338637
118933973
11893399X
118934007
118934295
118934406
118934422
118934589
11893466X
118935089
1189351285
118935283
118935364
118935429
118935437
118935461
11893547X
118935496
118935887
118936069
1189360950
118936123
118936131
118936301
11893631X
118936441
1189364883
118936565
118936573
118936670
118936786
118936999
118937006
118937200
118937588
1189378256
118938045
118938150
118938215
118938355
118938363
11893838X
118938428
118938479
118938509
118938541
118938576
118938665
11893953X
118939726
118939831
118940538
118940597
118940805
118940961
118941232
118941364
118941518
118942034
118942107
118942220
118942247
118942565
118943103
118943138
118943332
118943375
118943545
118943766
11894410X
118944231
118944258
118944517
118944738
118945041
11894519X
118945254
118945262
118945408
118945505
118945947
118946420
11894682X
118947508
118948016
118948032
118948156
11894844X
118949381
118950274
118950908
118951106
118951564
118951599
118951890
118952188
118952463
118952714
11895279X
11895282X
118952927
118952986
118953362
118953389
118953869
118953885
118953907
118953931
118954253
118954911
118955101
118955411
11895542X
118955799
118956078
118956086
118956434
11895783X
118957864
118957929
118957945
11895797X
118958291
118958461
118958739
118959271
118959298
1189594730
1189594854
118959638
1189599708
1189601443
118960520
118960881
1189616130
118961691
1189617080
118961845
1189618591
118961977
118962523
118962612
118962663
118962736
118963287
118963414
118963457
118963473
118963503
11896352X
118963538
118963813
11896416X
118965018
118965069
118965239
11896545X
118965581
118965603
118965611
118965778
118965832
118967118
118967282
118967312
118967363
118967371
118967878
118967940
118967959
118967967
118967975
118967991
1189679922
118968009
118968556
118968572
118969080
118969285
118969781
118970291
118970348
1189704943
11897064X
1189706814
118971026
118971069
11897131X
118971506
118971514
118971662
118971778
118972138
118973053
118973193
118973428
118973673
118973878
118973959
118973991
118974094X
118974408
118974432
118974602
118974696
118975331
118975366
11897551X
118975595
11897565X
1189757079
118975994
118976105X
118976214
1189764180
118976605
1189767155
1189768690
118977253
11897727X
118977296
118977458
118977482
118977547
118977997
118978055
118978179
118978381
11897842X
118978519
118978748
118979361
118979434
118979485
118979493
118979515
118979779
118979795
118980513
118980637
118981129
118981420
118981714
11898232X
118982354
118982427
118982486
118982508
118982516
118982591
118982656
118982729
118983148
118983172
11898344X
118983741
1189837471
118983776
118983814
1189838699
118984101
11898425X
118984276
118984284
118984403
118984438
118984527
118984802
118984896
118984950
118984993
118985248
1189852861
118985493
118985612
11898604X
118986147
118986155
118986368
118986414
118986457
118986538
118986570
118986953
118986996
11898716X
118987410
118987445
118987607
118988662
118988670
118988697
118989170
118990098
11899011X
118990136
118990985
118991175
118991663
118992341
118992589
118992856
118992872
118993003
118993011
118993380
118993429
118993550
11899400X
118994212
1189942453
118994336
118994514
1189946092
118995111
11899512X
118995774
118996193
118996215
11899638X
118996606
118996614
118996657
118996940
118997335
118997629
118997882
118997890
118998285
118998994
118999400
118999613
118999729
118999990
119000016
119000067
119000091
119000490
119000938
119000989
119001209
119001284
119001802
119002353
119002698
119002728
119002779
119002787
119003147
119003252
119003554
119004151
119004224
119004232
119004275
11900433X
119004623
1190046628
11900528X
119005301
119005859
119006014
11900609X
11900612X
119006138
119006202X
1190066599
119006839
1190069121
119006995
119007207
119007754
119008432
11900917X
119009250
119009579
119009692
119009722
119009730
11900979X
119010089
1190102943
119010844
119010925
11901095X
119011158
119011212
119011794
119011913
1190119331
119012197
1190122995
119013673
11901422X
119014394
119014696
119014920
119014963
119015099
119015307
119015579
119016117
119016567
11901663X
119016664
119016699
11901713X
119017148
119017156
119017199
11901727X
119017547
119017628
119017695
119017792
11901792X
119018160
119018225
119018241
119018276
119018411
119018454
119018772
119019449X
119019671
119019930
119020254
119020378
119020599
119020653
119020742
119020750
119020777
119020793
119020831
119021307
119021536
119021595
119021668
119021986
119022079
119022095
119022117
119022192
119022206
119022214
1190229129
119023415
119023652
119023830
119023881
11902389X
119024268
119024276
119024322
119025027
119025043
119025299
119025345
119025418
119025604
119025809
119025876
119026066
11902618X
119026449
11902649X
119026597
11902666X
119027577
11902764X
119028727
119029030
119029073
119029111
119029146
119029316
119029650
119029782
119030861
119030950
1190312867
119031892
119032082
119032147
1190322218
119032244
119032252
1190324946
1190325179
1190330008
119033089
119033240
1190332930
119033356
119033690
1190336944
119034352
119034514
119034611
119034662
119034700
119034808
119034840
119035286
119035316
119035618
119035804
119035960
119035987
119036460
119037017
119037025
119037408
119037416
119037637
119037955
119038161
1190386666
119038854
11903929X
1190395150
119040506
119040549
119040557
119040700
11904109X
119041553
119042452
119043416
119044293
119044331
119044528
119044587
119044625
119044676
119045370
119045664
119045796
119046016
119046032
119046083
119046156
119046180
119046202
119046490
119046601
119046636
119046814
119047063
119047071
119047322
119047462
11904756X
119047721
119047977
119048086
11904823X
119048256
119048302
119048361
119048604
119048833
11904899X
119049058
119049147
119049201
119049309
11904935X
119049376
119049384
119050072
11905020X
119050331
119050587
119050625
11905065X
119050714
119050730
119050749
119051141
11905115X
119051249
119051265
119051540
119052075
119052121
119052202
119052229
119052423
119052512
119052539
119052555
11905275X
119052792
119052814
119053039
119053063
119053071
119053616
119054078
119054280
119054868
119054892
119054914
119054930
119055163
119055171
119055899
119055902
11905602X
119056038
119056097
119056402
119056437
119056763
119056860
119056992
119057077
119057247
11905745X
119057492
119057514
119057980
119057999
119058006
11905809X
1190586657
119058952
119058979
119058987
119059053
119059126
119059223
119059401
119059673
119059851
119060140
119060248
119060256
119060302
119060361
119060442
119060515
119060671
119061015
119061341
11906135X
119061457
119061651
119061708
119061783
119061880
119062453
119063395
11906345X
119063700
119063727
119064065
119064081
119065169
119065193
119065223
119065231
119065320
119065339
119065371
119065533
119065630
11906586X
119065924
119066203
119066319
119066386
119066769
119066831
119067110
119067145
119067323
119067390
119067404
1190674092
119067854
119067900
119067994
119068184
119068206
119068516
119068540
119068656
119068729
119068982
119069075
119069229
11906961X
119069628
119069725
119069822
119069903
119070057
119070596
119070650
119070669
119070782
119070790
119071002
119071185
119071258
119071312
11907141X
119071525
119071541
11907172X
119071746
119072327
119072459
119072564
119072637
119072653
119072688
119072750
119072823
119072866
119073021
119073048
119073056
119073080
119073218
11907334X
119073420
119073838
119073854
119073870
119073889
11907396X
119074281
119074575
119074877
119074990
119075342
119075628
119075660
119075741
119075792
119075908X
119076020
119076039
119076047
119076187
119076373
11907673X
119076802
119077094
119077957
119078430
119078465
119078805
119078910
119078929
119079097
119079100
119079127
119079380
119079402
119079429
119079437
119079526
119079798
119080001
119080680
119080869
119081075
119081121
11908113X
119081504
119081830
119081903
119081946
119081962
119081989
119082152
119082276
119082284
119082292
119082667
11908273X
119082837
11908287X
119083175
119083744
1190838826
119084253X
119084309
119084396X
119084554
119084937
119084961
119085267
119085739
119085976
119086123
119086344
119086492
119087146
119087251
119087529
119087715
119087723
119087758
119087790
119087804
119087812
119087855
119087901
119087952
119088126
119088339
119088487
119088584
119088703
119088711
119088843
119088983
119088991
119089084
119089211
119089238
119089505
119089610
11908970X
119090104
119090937
119091186
119091291
11909133X
1190914999
119091712
119091925
119092069
119092255
119092298
119092727
119092816
119092999
119093022
119093049
119093170
119093731
119093766
119094053
119094061
11909407X
119094088
119094134
119094150
119094193
119094207
119094231
119094401
11909536X
119095521
119095548
119095572
119095645
119095661
11909567X
119095718
119095815
11909603X
119096137
119096153
119096358
119096366
119096374
119096439
119096498
119096625
119096692
119096730
119097117
119097168
119097257
119097338
119097370
119097427
119097435
119097516
11909763X
119097656
119097664
119097826
119097877
119097885
119097915
119097958
119098008
119098075
119098105
119098407
119098474
119098687
119098733
119099020
119099233
119099411
119099438
11909990X
119099969
119100045
119100053
119100134
119100460
119100517
119100592
119100959
119100967
119100975
119100983
119100991
119101009
119101211
119101424
119101475
119101491
119101505
119101513
119101661
119101793
119101807
119102161
11910217X
119102218
119102285
119102552
119102625
119102668
119102706
119102722
119102781
119102927
119103427
119103567
119103834
119103842
119103982
119104148
11910444X
119104687
119104792
119104806
119104814
119104822
119104830
119104849
119104857
119105357
119106035
119106108
119106124
119106558
119106566
119106604
119106612
119106639
119106655
11910671X
119107074
119107198
119107287
11910735X
11910766X
119107686
119107910
119108054
119108070
119108232
119108291
119108372
11910847X
119108607
119108615
119108623
119108704
119109077
119109085
119109093
119109182
119109905
119109964
119110679
119110792
119110873
119110946
119110962
1191110478
119111071
1191111431
119111144
119111152
1191111571
1191112101
119111462
119112027
11911206X
119112418
119113554
119113686
119114046
119114348
119114402
119114933
119115042
119115077
119115174
119115247
11911531X
119115328
119115336
119115344
119115611
119115654
119115840
119116065
119116189
119116197
119116219
119116243
119116820
119116936
119116944
119116960
119117630
119117711
119117762
119117924
119117940
119118092
11911819X
119118262
119118327
119118440
119119226
119119463
11911948X
119119579
119119595
119119811
119120224
119120445
119120690
11912081X
11912193X
119122154
119122448
119122480
119122715
11912355X
119123673
119124416
119124424
119124491
11912467X
119124688
119124726
119125099
119125188
119125269
119125277
11912534X
119125382
119125390
119125404
119125412
119125935
119126079
119126559
119126826
119126974
119127067
119127105
119127121
119127156
119127180
119127326
119127768
119128144
119128357
119128403
119128438
119128470
119128632
119128640
119128993
119129051
1191291146
119129477
119129515
11912954X
119129981
119130106
119130114
119130149
1191303314
119130599
119130769
119130793
119130807
119130831
119130912
119130920
11913103X
119131080
119131099
119131153
119131218
119131358
11913151X
119131536
119131552
119131579
119131773
119131854
119131919
119131951
119132001
119132044
119132079
119132109
119132311
11913232X
119132400
119132540
119132737
11913277X
119132796
119132834
119132850
119132966
119133075
119133156
119133237
119133245
119133318
119133385
119133458
119133563
119133881
119134365
119134462
119134543
119134624
119134675
119134802
119134837
119134950
11913506X
119135191
119135302
119135450
119135574
119135590
119135604
119135744
119135760
119135841
119135922
119136341
119136414
119136759
119136856
119136899
119137100
119137143
119137186
119137305
119137461
119137801
119138131
119138220
119138409
119138484
119138530
11913862X
119138778
119138794
119138816
119138875
119139073
11913912X
119139278
119139308
119139421
119139626
119139731
119139936
119140225
119140292
119140381
119140497
119140519
119140772
119140802
1191417530
119141949
119142201
119142260
119142341
119142473
119142503
119142511
11914252X
119142546
119142554
11914266X
119142732
1191427889
119143046
119143119
11914333X
119143496
119143593
119143631
119143968
119144131
119144484
119144530
119144565
119144581
119144735
119144751
119144778
119145170
119145286
119145456
119145464
119145472
119145480
119145499
119146231
119146401
119146436
119146509
119146738
119146762
119146789
119146827
119147130
119147386
119147513
119147831
119148358
119148749
119148919
119149141
119149435
11914946X
119149508
119149540
119149583
119149869
119150204
119150212
119150824
119151707
1191519333
119151979
119152132X
119152193
119152258
119152428
119152495
119152878
119152916
1191531473
11915319X
119153289
119153807
119153815
119153874
119153955
119154048
119154412
119154544
119155087
119155117
119155281
119155702
119155885
119155893
119155907
119155982
119156059
119156113
119156180
119156482
119156938
119156962
119157004
119157152
119157195
119157225
119157357
119157543
119157845
11915790X
119158000
119158035
119158116
119158205
119158337
119158604
11915921X
119159325
119160315
119162229
119162237
119162288
119162318
119162326
119162369
119162547
119163578
11916387X
119164000
119164043
119164051
119164167
119164175
119164272
11916485X
11916549X
11916552X
119165619
119165678
119166038
119166097
119166100
119166119
119166127
119166232
119166852
119167085
11916714X
119167158
119167328
119167336
119167646
119167883
119167913
119168200
119168545
11916910X
119169460
119169762
119169835
11916986X
119170442
119170574
119170612
119170647
119170809
119170817
119170973
119170981
1191713075
119172380
119172399
119172410
119172437
119173115
1191731952
119173204
119173271
119173441
119173492
119173522
119173565
119173581
119173611
119173654
119174057
119174081
119174340
119174391
119174405
119174456
119174855
119174871
119175002
119175282
119175371
119175649
119175797
11917622X
119176440
119176661
11917667X
119176769
119176874
119177234
119177765
119177773
119177803
1191779882
119178028
119178249
119178273
119178494
1191787869
119178788
119178893
119178974
119178990
119179083
119179105
11917913X
119179180
11917944X
119179512
119179539
119179725
1191801667
119180448
119180464
119180553
119180561
119180839
119180987
119181304
119182084
119182092
119182203
119182270
119182696
119182882
119183005
119184478
119184605
119184672
119184788
119184796
11918480X
119185016
119185024
1191858693
11918611X
119186160
119186179
119186241
119187043
119187140
119187159
119187167
119187825
119188414
119189356
11918950X
119189712
119189860
1191901955
119190656
119190842
119191172
119191644
119192136
119192780
119192845
119193140
119193485
119193531
119193604
119193744
119193760
119193922
119194147
119194171
119194481
1191945294
119194643
119195224
119196182
119196190
119196387
119196425
119196484
119196743
119196980
119197146
119197758
119197766
119197774
119197790
119198592
119198894
119199343
119199963
119200260
119200376
119200422
11920083X
119200848
11920102X
119202123
11920214X
119202239
119202948
119202972
119203006
119203022
119203111
11920438X
119204800
119204819
119205122
119205173
119205386
119205459
1192059794
119206323
119206366
119206439
119206803
119206889
119207125
119207192
119207591
119207931
119208199
119208768
119208814
119208822
119208857
119209705
119209888
11920990X
119209926
119209950
119210126
119210134
119210223
119210665
119210738
119210746
119210991
119211777
119212137
119212552
119213265
119213451
119213559
11921377X
11921394X
119214024
119214040
119214091
119214261
119214385
119214768
119214822
119214865
119214997
119215039
119215098
119215128
119215152
119215217
119215268
119215292
119215411
119215454
119215705
11921573X
119215748
119215845
119215985
119215993
119216000
119216019
119216248
119216469
119216485
11921654X
119216590
119216612
119216752
119216833
119216841
119217856
119217953
11921850X
119219050
119219433
119219441
11921945X
119219522
119219549
11921962X
119219662
119220172
119220180
119220423
119220474
119220504
119220679
119220687
119220857
119221276
119221292
119221578
119221586
119221594
119221888
119221896
119221977
119222051
119222620
119222698
119223619
119223864
119223902
119223988
119224143
119224305
1192244583
119224488
119224496
119224607
119224631
119225336
119225468
119225743
11922576X
119225808
119225891
119226030
11922612X
119226308
119226448
119226529
11922657X
11922660X
119226952
119227428
11922772X
119227800
119227843
11922805X
119228432
119228874
119228971
119229307
119231301
119231360
119231379
119231433
119232324
119232359
119232367
11923243X
119232456
119232464
119232960
119232987
119233002
119233177
119233185
119233355
119233673
119233878
119233886
1192339932
119234084
119234211
119234238
1192344227
119234696
119234718
119234726
1192347382
119234904
119235633
119236613
119236656
119236729
119237555
119237709
119237814
119237822
119237938
119237954
119238004
119238772
11923923X
119239620
11923968X
1192397347
1192398106
119239949
11923999X
119240017
119240025
119240076
119240084
119240149
119240181
119240238
119240327
119240467
119240645
119240963
11924103X
119241080
119241099
119241161
119241196
119241269
119241498
119241668
119241811
119242095
119242117
119242265
119242303
119242419
119242753
119242796
119242842
119242850
11924294X
119242990
119243016
119243229
119243555
119243733
119243938
119243946
119244039
119244128
119244136
119244144
119244160
119244187
119245299
119245353
119245361
119245523
119245582
119245612
119245736
119246031
119246082
119246147
119246236
119246244
119246325
119246422
11924652X
119246619
119246856
1192471474
11924750X
119247631
119247925
119248255
119248395
119248689
119248735
119248808
1192488423
1192493982
119249464
119250071
119250225
119250624
119250780
119250802
119251191
1192521420
119252767
119252899
119252910
119253461
119253585
119253607
119254069
11925414X
119254549
119254565
119254573
119254719
119254778
119254883
119254964
119255170
119255243
119255588
119256673
119256681
119256746
119256894
119256991
119257149
119257270
119257300
119257335
119257815
119257882
11925848X
11925851X
119258536
119258544
119258633
119258846
119259842
119260379
119260417
119260514
119260751
119260905
119261030
119261200
119261634
119261669
119261685
119262134
119262142
11926224X
119262347
119262606
119263130
119263297
119263343
119264129
119264307
11926434X
119264692
119265117
119265141
119265176
119265516
119265540
119265753
119265850
119265893
119266075
119266369
119266423
119266806
119267306
119267608
119267616
119268027
119268116
119268256
119268361
119268493
119268507
119268558
119268744
119268825
119268868
1192691679
119269473
1192694864
119269899
119269961
119270161
11927017X
119270269
119270382
119270552
119270595
119270609
119270730
119270862
11927096X
119271125
119271265
119271540
119271672
119271752X
119271818
1192718658
119271869
119271958
119272318
119272342
119272938
119273136
119273233
11927325X
119273292
119273314
119273322
119273942
119274019
119274027
119274035
119274043
119274051
11927406X
119274574
119274809
119274957
119275066
119275074
119275538
119275600
119275988
11927650X
119276763
119276771
119276836
119276984
119277131
11927714X
119277158
119277239
11927745X
119277468
119277476
119277824
119279495
119279509
119280035
119280043
119280063X
1192803906
119280752
119281007
119281236
11928135X
119281635
119281759
119281864
119281945
11928216X
119282291
119282305
119282313
119282380
119282453
119282747
119283255
119283328
119283697
119283891
11928426X
119284782
119285061
119285347
119285789
119285819
119285851
11928586X
119286440
11928653X
119286653
119286858
119286866
119287072
11928717X
119287501
119287595
119287641
119287668
119287676
119287684
119287927
119287935
119287943
119288060
119288141
119288338
119288575
11928880X
119288877
119288931
119288958
119289458
119289717
119289903
119289954
119289970
119290332
119290383
119290391
119290480
119290529
119290642
119290677
119290979
119291223
119291320
1192917294
119291916
119291924
119292726
119292734
119293439
119294001
1192942310
11929432X
119294400
119294419
119294516
119294605
119294648
119294788
119294818
1192949145
119294923
119294931
119295024
119295040
119295067
119295083
11929558X
119295598
119295601
119295660
119295768
119295954
119296136
119296144
119296691
119297027
119297159
119297175
119297876
1192983920
119298805
119298821
119298953
119299011
119299631
119299755
11930029X
119300419
119300699
119300923
119300958
119301016
119301172
119301326
119301334
119301342
119301431
119301695
119301733
119302004
119302055
119302217
119302403
119302500
119302926
119303272
119303299
119303337
119303345
119304198
119304309
119304562
119304643
119304899
119305038
119305046
119305453
119305658
11930600X
119306298
11930645X
1193065399
1193066913
119306751
119306824
11930712X
119307456
119307677
119307812
119307820
11930788X
119308339
119308371
119309270
119309750
119309769
119309874
119310007
119310384
119311348
119311437
11931147X
119311488
11931181X
119312646
119312697
119312700
119312883
119312972
119312980
119313170
119313294
119313782
119313898
1193140412
119314045
11931407X
11931410X
119314282
119314304
119314509
119314517
11931455X
1193146089
119314622
119314630
119314878
119314991
119315033
119315076
119315262
119315297
119315378
1193155800
119315645
11931584X
11931603X
119316277
119316609
119316900
11931732X
119317427
119317559
119317966
119318288
119318296
11931830X
119318326
119318350
119318407
119319039
119319101
119319136
119319667
119319780
119319837
119320010
119320479
119320495
119320509
119320762
119320827
119321157
119322528
119322552
119322579
119322609
119322641
119322757
119322846
119322870
119323257
119323729
119324377
119325047
11932508X
119325616
119325969
11932654X
119326566
119326698
119327155
119327163
11932718X
119327430
119327678
119328429
11932864X
119328674
119328852
119329018
119329190
119329212
119329255
119329328
119329719
119329727
119330210
119330385
119330598
119330601
11933061X
119330628
119330733
119330865
119330903
119330962
119331179
119331233
119331241
119331268
119331403
119331446
119331608
119331748
119331950
119332027
11933206X
119332116
119332175
119332213
119332396
11933240X
11933285X
119333120
119333244
119333287
119333406
119333457
119333708
119334100
119334372
119334461
119334690
11933481X
119335093
119335484
119335514
119335603
119337126
119337665
119337738
119337746
119338262
119338351
119338440
119338688
119339366
119339757
119340569
119340836
11934128X
119342839
119343223
119343398
119343673
11934369X
119343797
119343886
119343932
1193441412
119344165
11934467X
119345188
119345587
119345595
119345609
119345617
119345684
119345692
119345773
119345900
119346370
119346427
119346478
119346486
119346702
119346796
119346923
119347032
119347164
119347393
119347822
119348020
119348055
119348071
119348098
119348136
119348144
119348209
119348497
119348500
119348551
119348594
119349159
119349264
11934971X
119349736
119349841
1193499690
119350290X
119350556
1193507286
119350823
119351390
119351439
119351668
119352125
119352141
119352281
119352435
1193524660
1193524865
119352494
119352877
119353091
119353148
119353156
11935330X
119353377
119353996X
119354055
119354659
119354667
119354675
119354780
119355795
119355817
119355841
119356333
119356864
119356899
119356961
11935716X
119357550
119357658
119357666
119357682
119357801
119357925
119358522
119358549
119358557
1193587727
119359111
119359170
1193592054
1193592410
119359510
119359529
119359847
119360233
119360241
11936042X
119360500
1193605571
119360691
119361108
119361248
119361620
119361787
119362198
119362317
119362333
119362570
119362708
119362740
119362880
119363089
119363216
119363488
119363577
119363631
11936364X
119363658
119363828
119363933
119364433
119364786
119364921
11936526X
119365359
119365375
119365413
119365634
119365707
119365782
119365839
119365863
119366231
119366843
119366851
119367270
119367378
11936770X
11936798X
11936817X
119368242
119368420
119368544
119368692
119368722
119368749
119368781
119368889
119369117
119369222
11936932X
119369397
119369508
119369516
119369575
11937014X
119371251
119371391
11937143X
119372185
119372258
119372428
119372576
119372657
119372762
119375494
119375664
119375737
119375745
11937577X
119375869
119376296
119376377
11937644X
11937689X
119377365
119377373
119378264
119378272
119378787
119378981
119379929
119380595
11938129X
119381311
11938132X
119381338
11938163X
119382792
11938308X
119383225
119383772
119384353
11938437X
11938440X
119384418
119384817
119385058
119385090
119385996
119386798
119387492
11938759X
119387832
119387921
119388057
119388472
119389592
119389746
119389797
119389819
119390469
119390671
119390728
11939085X
119391171
119391198
119391252
119391902
1193930499
119393271
11939331X
119393840
119394006
119394065
119394340
119394359
119394367
11939460X
119394960
119394987
119395541
119395657
119395878
119396254
119396262
119396270
119396327
119396521
119397463
119397609
119397668
11939796X
119398362
119398370
119398486
119398508
119398524
119398532
119398559
11939877X
119399016
119399024
119400502
11940060X
1194011268
119401177
11940172X
119401770
1194019722
119402440
1194025242
11940284X
119403129
119403358
119403595
11940379X
119403838
119404257
119404680
119404923
119404990
11940513X
119405148
119405156
119405288
119405393
119405717
11940608X
119406365
119406373
119406586
119407094
119407426
119407787
11940818X
1194086756
119408945
119409291
119409534
119409607
119410214
119410621
119410648
119410656
119410753
119411156
119411172
1194111823
119411970
119412004
119412608
119412721
119413078
119413140
11941323X
119413310
119413574
119413663
119413787
119413795
119414198
119414325
119414457
11941466X
119414732
119414740
119414759
119414880
119415364
119415569
119415615
119417111
119417529
119417537
119417782
1194182178
119418622
11941872X
119418746
119418827
119419149
119419173
119419467
119419696
11941984X
119419971
119420031
11942004X
119420570
119421046
119421143
1194211755
119421283
119421933
119421941
119423049
119423227
119423545
119424134
119424320
119424339
119424584
119425157
119425300
119425319
119425408
1194265197
1194270174
1194270840
1194271502
11942715X
119427192
119427230
119427494
119427508
119427605
119428059
119428067
119428075
119429780
119429942
119430061
119430193
119430290
119430479
119430606
119430827
119431173
119431246
119431572
119431793
119431831
1194319955
119432072
119432390
119432412
1194324835
11943251X
119432633
119432765
1194328911
1194329446
119433133
119433591
119433818
119434067
119435098
119435241
1194353290
119435438
119435446
119435543
119436221
11943640X
11943654X
119437740
119437961
119438070
11943816X
119438615
11943881X
119439093
119439492
119439557
119439689
119440288
119440415
119440717
119441012
119441128
1194412823
119441365
119441446
119442027
119442159
119443023
119443252
119443295
119443325
119443759
11944447X
119444496
119444739
119445603
119445727
119446006
119446197
119446669
119446685
119447096
119447207
11944755X
119447630
11944805X
119448491
119448548
11945047X
119450542
119450577
119451271
119451484
119452316
11945243X
119452502
119452758
119452898
119453207
119453215
119453444
119453495
119453916
119454017
119454041
119454068
119454076
119454130
11945436X
119454386
119454424
11945467X
119454831
119454874
119454904
119454920
119454947
119455048
119455064
119455331
119455676
119455722
119456230
119456958
119456966
119457679
119458128
119458136
11945842X
119458438
119459337
119459612
119459620
119459639
119459647
119459698
119459809
119460327
119461536
119461919
119462052
119462257
119462443
119462478
119463075
11946344X
119463695
119464136
11946473X
119464985
119465078
119465108
119466201
119467364
11946859X
119469138
11946926X
119469901
119470152
119471205
119471345
119471450
119471469
119471507
119471701
119471841
119473267
119473313
119473674
119473720
119473976
119474123
119474670
119475111
119475294
119475375
11947607X
119476517
11947669X
119478285
119479273
119480123
119480565
119480751
119481057
119481081
119481111
119481138
119481375
11948174X
119481944
119482223
11948224X
119482541
11948255X
119482568
119482592
119482630
119482681
11948269X
119482754
119482835
119483017
119483033
119483149
119483157
119483270
119483386
119483475
119483548
119483556
119483726
119483734
119483769
119483831
119484161
119484269
119484315
119484331
119484447
119484471
119484501
119485427
119485443
119485451
1194862098
11948630X
119486342
119486377
1194865429
1194868940
11948711X
119487225
119487519
119488361
1194888208
1194889298
1194890776
119489244
119489430
119489449
119489503
119489546
119489627
119489775
119489783
119490005
119490080
119490501
11949051X
119490595
119490706
119490870
119491133
119491311
119491583
119491737
11949180X
119491818
119491842
119492083
119492407
119492407902
119492822
119492873
119493012
119493144
119493357
11949342X
119493446
119493721
119493780
119494329
1194943551
119494361
11949437X
11949454X
119494574
119494809
119495066
119495279
119495333
119496003
119496038
119496372
119496402
119496410
119496429
119496623
119496631
119497409
119497514
119497573
119497875
119499150
11949938X
11949941X
119499436
119500574
119500949
119501163
119501201
119501325
119501538
119501651
119501805
119502631
119503409
11950359X
119504065
119504170
119504219
119505207
119505460
119505657
119505932
119506467
119506483
119506653
119506661
119506742
119506998
119507234
119507749
119507900
119507986
119508109
119508117
119508311
119508486
119508575
119508710
1195087306
119508753
119509326
119509644
119509695
11950975X
119509814
119509849
119509881
119509903
119509954
119510057
119510413
119510421
119510480
119510596
119510618
119511126
119511304
119511363
119511657
119511819
119511827
119512017
119512122
11951222X
119512505
119512920
11951303X
11951396X
119514206
119514427
119515547
119515822
119515857
1195167717
119516802
119518074
119518082
119518155
119519089
119519259
119519437
119519577
119519585
119519607
119519615
119519763
1195197780
119519798
119519801
119519895
119520265
119520273
11952032X
119520389
119520494
119520605
119520796
119520893
119521024
119521032
119521040
119521067
119521288
119521296
119521490
119521911
119522160
119522373
119522632
11952273X
119523353
119523604
119523779
119524716
119525348
1195254504
119526352
119526603
119526832
119526913
119527170
119527227
119527413
119528312
11952905X
119529556
119529580
11952998X
119530090
119530767
119531143
11953116X
119531720
119531933
119532212
119532476
119534630
119534665
119535459
119535505
119535513
11953598X
119536188
119536234
119536625
119537265
119537303
11953732X
119537354
119537362
119538162X
119538652
119538784
119538873
119538946
119538954
119538989
119539268
119539543
119539659
119539926
119540355
119540363
119540436
119540509
119541548
119541556
119541726
119542250
119542307
119542781
11954279X
119542803
119542978
119543052
119543559
119543907
119544172
119544202
119544237
119544466
119544857
119545012
119545098
119545217
119545373
119545667
119545934
119545950
119546108
119546159
119546213
119546221
119546256
119546736
119546825
119547066
119547252
1195474113
119547457
1195476760
119547678
119548399
1195490224
119549085
1195497741
119550016
119551012
119551322
119551845
119551861
119551926
11955318X
119553228
119553538
119554151
119554240
11955450X
119554674
119555247
119555425
119555433
119555549
1195556373
119555913
1195560001
1195562152
1195562365
1195568274
119556863
119556901
11955691X
119557703
119557711
11955772X
119557762
119557819
119558246
119558653
119558920
119558955
119558963
119558971
119559501
119559986
1195661630
1195665067
1195667108
1195726767
1195733372
1195802722
1195821220
1196027722
1196034427
119609630
11961197X
119614270X
1196142874
1196229112
1196229996
1196236119
1196239088
1196239606
119628759
119630532
119636107
1196378738
11963787386
119639440
1196560897
1196561397
1196561427
1196562059
119656760
1196575487
1196644721
119666634
1196818355
1196878773
1196893845
119690586
1196910197
1196913889
11970000X
1197010947
119701103X
1197011854
1197012044
1197028153
1197060642
1197061673
119706369
1197088598
1197089497
119713985
119715017X
1197151230
1197152466
1197161058
1197161309
1197174664
119718782
1197244077
1197251545
1197252290
1197252827
1197268359
119731007X
119733536
119736799
119746697
1197551603
1197551751
1197578722
1197639101
1197639136
1197646493
11976556X
1197726608
1197728775
1197733566
1197814469
1197815686
119784323X
1197845534
119791676
1197917128
119796864
119821214
1198271310
119827417
1198274484
119828359
119831600
119834731
1198353589
1198354224
119858703
119864762
119868601
1198732407
1198877685
119897270X
1199035882
1199120200
1199120235
1199120979
1199127280
1199283924
1199296619
1199298891
1199402877
1199407488
1199420182
1199442712
1199442984
1199453242
1199468290
1199557285
1199559083
1199559555
1199574120
1199618942
1199622141
119962246X
1199641650
1199654124
1199658235
1199662097
119966474X
1199668710
1199966118
1199998249
120002434
1200055470
1200056868
120006480
120007215
120008009
120008017
120009811
120010607
120012456
120013428
1200138988
1200148320
120018772
120019485
120020114
120020947
120021153
120021706
120021889
1200222075
120023482
1200240073
1200256964
120025744
120027046
120029359
12002988X
120031027
120031043
120031582
120033739
120034905
1200359666
1200368231
120039362
120041030
120041871
1200420659
1200434331
120044994
120045753
120046431
120047365
120047810
120048043
120048175
120048299
120048302
12004966X
1200504623
120050897
120051354
120051443
1200518292
1200520653
120054450
120055708
120055775
1200567463
1200571061
120058367
1200588290
1200590686
1200591437
120060663
120061317
120061805
120062569
120062577
120062607
120063913
12006488X
120065886
1200674197
120068281
120068923
120070049
12007382X
120075628
120076144
120077329
120077752
120078724
12007916X
120080176
120080184
120085739
120086034
120086050
1200874404
120088711
120091755
120091860
1200933621
120093993X
1200980379
120100096
1201001447
120101947
120104075
1201042968
1201044324
1201055288
1201057140
120107635
120108739
120108763
1201096863
1201097932
120113384
120113651
120113740
120113775
120113848
120114017X
1201141761
1201143268
120115077
120115727
120115743
120119625
120120305
120120917
120122642
120122782
120122944
120122995
120125374
120125676
120127067
120127660
120128314
120128896
120129259X
120129450
120130505
1201313058
120131382
1201314763
120132257
120132389
1201324114
120132656
120133369
120134314
120134578
12013554X
120135590
120135914
12013666X
1201383498
120138409
120138530
120138603
1201387558
120140292
120141655
12014168X
1201424593
120142716
120142783
120142870X
1201429102
12014378X
120144174
12014607X
120147149
120147386
120147475
120147645
120149052
120149060
120149401X
120150514
120151235
120153475
120155400
120156881
120157845
1201579015
120158256
1201584671
1201595541
120159767
1201601525
120161990
12016275X
120162849
120162903
120163470
120163489
12016356X
12016745X
120167646
1201688639
120170086
120172399
120172488
120173921
1201744970
120174898
120175681
120176378
1201764394
1201767792
1201769442
1201770904
1201771498
120177889
1201827663
1201829690
12018544X
120188074
120188828X
120189895
120190966
120192403
120195186
120195666
120196301
120198371
120201747
120201763
120201828
120201933
120202226X
120202341X
12020245X
1202029353
1202031110
120204193
120207184
120207230
120208709
12020925X
120212560
120212587
120214733
1202148689
1202158366
120215861
120218720
120219719
120225743
120226057
120227371
120227592
120227797
120228092
120228122
120230208
120231174
120231336
12023355X
120234882
120235366
120235803
1202359701
120236974
1202378102
1202382797
120239906
120239949
120242532
120242958
120243296
120244373
1202447066
1202454208
1202462146
120246310X
1202465714
1202471870
120248409
120248425
120248530
120250330
120251698
120251701
120252074
1202521320
1202528805
120253135
1202533272
1202539467
12025414X
1202542085
1202544231
120255669
1202558704
1202559646
120258021
120258315
120259168
120259540
120260581
120260603
120261294
120262398
1202633404
120264854
120265036
120265567
1202680887
120269821
120269880
120271354
120271818
120272016
120272806
1202741673
120274310
120274337
1202748767
120274902X
12027499X
120275015
120275023
120278782
1202802931
1202825540
120283409
1202838227
120284472
1202852610
120285371
120285428
120285444
120285592
120285983
120287331
1202879969
1202880312
1202883168
1202886981
120288816X
120289067
120289245
120291312
120295881
120296373
120296713
1202971083
1202971725
120297299
1202973159
1202980708
120298139
120299296X
1202998607
120301075
120301210
12030127X
12030225X
120305038
120305674
120309203
120309602
12031083X
120312689
120313073
120313170
120313855
120315874
1203215754
120323842
120323869
1203246595
120325136
120326264
120330784
120330806
1203309937
120336227
120337207
120337509
120337746
1203384211
1203401442
1203409575
120341131
1203412509
1203414579
120341808
120342081
120346427
120348543
120352079
120352125
120352303
120352680
120353709
120354187
120354381
120354683
120355159
120358379
120359049
120359308
12035957X
1203631707
120366533
1203669445
1203673671
120367637
1203677774
1203678282
12036817X
120369117
120371715
1203727542
120374684
120375222
12037532X
120375419
120375451
120376490
120377047
120378949
12037904X
120379120
120379317
120380722
120381419
120381788
120383276
120383845
120384744
120387158
1203883366
1203889372
120390434
120390698
1203909306
1203909853
120392925
120395932
120398370
120400073
1204029814
1204031509
120406931X
1204100497
120412357
120413647
1204137366
120413877X
120413957
1204154120
120417677
1204210837
1204212562
12042360X
1204262802
120427338
120428881
120429101
120429365
1204298661
120430002
120432587
120433591
12043461X
120435837
120438275
1204383065
1204385157
1204390029
120439921
120441756
120444127
1204456526
1204457018
120447894
120448289
120448793
12044898X
1204496358
12044965X
120451085
120451115
120452499
120454874
120456559
120456648
120456974
120456982
120457571
120458667
1204588236
120459191
120459930
1204610959
120462680
12046473X
120464772
1204670242
120467623
1204681546
120469383
120470136
120470179
120470942
120471817
120478455
120479028
120482207
120484501
1204873305
1204877106
120488752
120489589
120490374
120491044
120491796
120491974
120493039
1204947694
120496216
120496224
120497077
120498073
120500108
120500517X
120501406
120501783
120502178
1205025022
1205036881
1205039163
120504588
1205050663
120506904
1205080716
1205094822
1205096922
1205097104
1205097236
120509903
120510235
120510693
120511932
120514435
120514966
120516276
1205163999
120516772
120516942
120518015
12051849X
120518716
120518724
120518910
120519496
120520028
120521628
120522772
120523485
120523531
120524333
120524899
120526107
120526654
120526670
120527030
120527324
120529521
120529823
120531933
120532247
120532972
120534819
1205349510
1205350195
1205350810
120536625
1205376259
120537656
1205377964
120538121
120538636
1205400257
120540622
1205413812
1205425330
120543125
120543311
1205477683
1205478337
1205479678
120548955X
1205490841
1205493883
12055044X
120550970
12055240X
12055447X
120555999
1205567305
120556790
120556901
120557126
120559005
120559595
120559625
120560240
120560623
120561530
120562952
120562987
120564068
120564998
1205674756
12056758X
120568414X
120568683
1205690026
120569124
120569337
120570149
1205702857
120570653
120572427
120574330
120575477
1205768041
1205771530
120578069
120578859
120578913
120579200
120579936
120580896
1205809686
120581101X
120581523
1205823042
1205827803
120583453
120584638
120587513
120587823
120588196
120588625
1205888179
120588870
120590379
120590735
1205917268
120591863
120595451
120596679
120596989
12059756X
1205998950
12060003X
1206008296
1206008873
120604779
120605910
12060812X
120608510
1206111917
1206124008
1206139463
1206140062
1206145684
1206154756
120615983
120616491
120616963
12061717X
120618761
120618842
120620529
120620588
120620634
1206210451
120621517
1206216719
120622068
1206221445
120622300
120624494
1206255471
1206256397
120625999X
120626179
1206269367
1206298340
1206300531
120630400
120632497
120632578
120632659
120632683
120632705
120632756
120632799
120634139
120634147
120634341
1206350245
120635224
120635577
120635984
120636727X
120636867
1206376805
120639025
120641569
1206430524
1206432896
1206438185
120645955
120651335
120651513
120652439
120653389
120654652
120654938
120655713
120656779
120657201
120657252
120657961
120658224
1206594535
1206595523
120659689
1206600160
1206600624
1206601396
1206604050
12066044X
120660504
1206611049
120661187
1206616466
120662248
120663015
120663449
1206649720
120666553
120667029
12066738X
120668955
12066898X
120669927
120670100
120670151
120670216
120670348
1206710020
120671263
120671697
120673088
120673371
120674408
12067887X
12068201X
120686333
120688476
12068926X
1206896124
120689618
1206902434
120690713
120691248
120693623
12069364X
120695855
1206962941
1206962984
120697157
12069719X
120697351
120699249
1207002798
120700794
1207009008
120703815
1207094471
120709813
120711389
1207115266
120714191
120716240
12071728X
1207172987
120717581
120718774
12071941X
120719495
120719541
120722151
120726327
120727072
1207290769
120729776
120730707
120731398
120731770
120732130
1207339636
1207340030
120734079
1207343722
1207345229
12073513X
120735290X
12073589X
120736101
120737248
120738279
120739771
1207401773
120741753X
1207419419
120742004
120742179
12074242X
120743140
120744996
120745305
12074726X
120747510
120747731
1207477362
1207478806
120748185
1207482579
120748703
120752727
120754169
120754533
1207559091
120757451
120757494
1207577154
120761270
120761599
120761815
120762633
120764253
120765799
120766353
120766639
120767260
120767341
120768623
120770628
120770717
120770830
120772050X
120772582
12077268X
120773198
120775530
120776197
120776251
1207773654
1207794651
120780402
120781980
1207845760
1207850276
120786087
120786788
120786826
120787016
120788300X
120792311
12079246X
120792478
1207932663
1207932922
1207934534
120793644
1207945382
120797593
12079859X
1208015346
1208015559
120802147
1208032313
12080414X
120804255
120807173
120810883
120811138
120811634
120812479
120812843
120816849
120817993
120818752
120819023
120822385
1208225588
120823179
1208231898
120824086
1208241338
1208242032
1208248065
1208255851
1208256513
120828014
120828871
12082888X
120829622
120830329
1208310585
1208315277
1208319574
120833901X
1208342738
1208358952
12083846X
120838656
1208403192
1208405055
120840812
1208409999
1208417606
120845873
1208458906
1208464884
120847167
120847418
12085306X
120853523
120853787
120854228
12085435X
12085452X
120857316
120857782
120858223
120858339
120858428
120858703
120859858
120859874
120862352
120862387
120863421
120864010
120864291X
120865009
1208655507
120865602
1208665944
1208668145
120868148
120868180
1208704958
1208705172
1208710133
1208711520
1208712683
120871610
120871874
1208736353
120874407
120874504
120875314
120875438
120879336
120879883
1208799266
120880006X
120880024
1208801414
1208801619
1208803204
120880458
120880751X
120882434
120882604
120882612
120882906
1208841963
1208843001
120888483
120888858
120889277
120890143
120890259
120890275
1208922025
120893533
120893991
120896028
120898578
120898799
120898845
12090375X
1209083825
120908565
1209086697
120909022
120910039
120911787
1209138573
1209143429
120915200
1209159058
120916387X
120917247X
1209203472
120920424X
1209206250
1209212889
120921731
120921928
120922568
1209243040
120925893
1209286998
12092921X
1209311291
120932261
120932393
120932938
120934701
120935171
120939835
120939959
120941481
120942283
120943484
120943824
120944049
120947447
1209493039
12094958X
12094989X
120950561
120950871
120951231
120954974
120955008
1209550938
120955563
120956055
1209570238
1209584891
1209585030
120960850
120961032
1209620820
120962616
120963965
1209642018
120965208
120966433
120966581
120966662
120966867
120967510
120967634
12096886X
1209707322
120970848
1209708728
1209713977
1209714272
12097259X
120973421
1209751127
1209756293
120977400
120977486
1209783185
120978393
120981459
120982129
120983524
120985896
120987228
120988100
1209893088
120990859X
1209908603
120993902
120994011
1209977893
120997886
120997967
120998315X
1209984067
1209984377
120999250
121001105
1210079828
121010406
121012751
121012824
121013499
121013626
121017095
121020738
1210209209
121022935
121024067
121024210
12102430X
121025470
121026566
1210278693
1210279975
121029794
121030571
121030598
1210306468
121031926
121033937
121034186
121036197
12103626X
121039420
121039919
121042103
121042413
121043924
121044742
1210459728
121046443
121048128
121050157
12105019X
121050343
1210503430
12105053X
121050971
1210510499
121052273
1210523981
121052672
121053784
121057623
1210578840
1210585480
121060292
121060748
121061116
121062821
121064093
1210661896
1210664860
121066762
121070042
121070638
121071286
121072436
121073947
121074242
121076083
121076326
121076458
121076466
121076601
121076814
121079295
121080765
121081079
121081257
121081354
1210815354
121082059
121086259
121087018
121087263
121087913
121088478X
121088481X
1210884887
121089975
121090175
121092313
121093875
121094634
121096327
1210965992
121098230
121100480
1211023680
12110253X
121104036
121104060
1211047253
12110883X
121108899
121108902
121108953
121108988
121109003
1211119211
121112365
121112519
1211131246
1211134520
12111418X
1211186180
1211203832
121121704
121122344
121123731
121124428
121129500
121130053
121130819
121133583
121133729
121133818
1211357198
121137066
121138577
121138755
12113900X
121139077
1211420035
1211425983
1211437299
121145093
121146227
12114674X
121146839
121147894
121149862
121150402
1211508641
12115145X
121151972
121152251
121153576
121154254
121155862
121156095
121158209
1211582167
1211584151
1211584933
121158640
121159930
1211600955
1211601471
1211604888
1211608530
121161315
121162680
1211631958
121164233
121165132
121166597
121166945
1211673995
1211680541
121169480
121169502
1211701387
1211705102
121172430
121174050
121175839
121176592
121176819
1211769186
121176932
121176967
121177386
121177882
12117798X
121181758
121182274
121182924
121184986
121185079
121185117
121185168
121185249
121185354
121189163
121191923
12119194X
121192644
121194647
121196607
121196836
121197808
121197832
121204243
1212046633
121204908X
121205452
121205592
1212067940
1212068777
1212069722
1212070410
1212072367
121207293
1212073231
1212074343
121207609
1212078578
1212080041
1212083849
1212118456
1212121546
121212564
1212135210
1212136918
121214869
1212156161
121215628
121215784
12121740X
121218473
121219361X
1212210298
121221164
1212211928
1212215710
1212218574
1212222474
121222322
1212225430
1212234553
1212245377
12122516X
121225542
1212262867
12122662X
121229548
12123035X
121230724
121231801
121231941
121232697
121232867
121232905
121235688
121239438
121239985
12124024X
1212403495
121240363
121242315
1212472004
121248534
121256049
121256413
121256537
12125769X
121259412
1212596013
12126405X
121265102
121267008
121267113
121269884
121271714
121272990
121274276
121274977
121278042
121278999
121279421
121279448
121279731
121280071
121280276
121280365
121284697
121284867
12128526X
121286282
121291243
121295435
121295575
121296016
121299813
121303934
121305415X
121307255
121307875
121309169
121309266
121312615
121313026
121316831
121320936
121320987
121326993
12132866X
1213311187
1213319943
1213321123
1213323460
1213323509
121335712
1213379156
121338088X
121340546
121340562
121341348
1213416728
121341771
121342670
121343588
121348024
121348830
1213491010
1213491657
1213492351
121349608
121349705
121350223
12135184X
1213548403
121355022X
121360202
121363260
121363783
121364062
121367290
1213689171
121371115
121373940
121374491
12137467X
121375374
121376230
121379302
121380084
121380378
121380998
121381463
1213818478
121383261
1213835208
121384505X
121384691
1213847206
121384837
121385531
121386767
121390926
121391034X
121391437X
12139199X
1213926521
1213930111
121394271
121394476
121395154
121397327
121397890
121397939
121398676
121400026
121401030
121401715
121402606
121403718
121404587
121405729
121409570
12141146X
121414655
121415317
12141647X
1214187234
121418766
121419169
1214201946
121420876
12142359X
1214250823
1214250904
1214251188
1214264174
121426858
121428311
1214326854
121433072
121433251X
1214335403
121434885
1214459110
121446611
121447839
121449890
12145178X
12145519X
121455629
121456013
1214596908
121460347
12146038X
121460800
1214653812
121466086
121466612
121467155
1214673244
121467694
121467791
1214680208
12147030X
121471241
121471438
121471527
121472108
121472248
121473139
121474585
1214749682
1214754856
1214755585
1214758703
1214759866
1214761712
1214764061
1214765335
121476561
1214765939
121477657
121478726
121478742
12148047X
1214826644
1214832342
121483258
1214837417
121483754
1214843158
121484491
1214846432
1214848559
121484866
1214848796
1214848907
1214849482
1214850685
1214851649
121487393
121488047
121488608
1214893015
121489744
121490470X
121490475
121490912
121490939
121491153
1214913512
121491456X
1214920713
1214922910
121492524
121494098
121494489
121494799
121494802
121494853
12149487X
121494926
121495116
12150011X
12150025X
121503070
121504638
1215048750
121507009
121507033
121508544
121509087
121509508
1215112203
121511308
1215114613
1215117507
1215121954
1215123558
1215127022
1215127448
1215128304
1215134908
121513629
1215137427
12151501X
121515036
121516245
121517829
1215212011
1215213433
121521486
121522933X
121523020
12152311X
1215231350
1215234899
121524477
121526917
1215271468
1215272049
1215273398
121527387
121527433
121527492
1215275641
1215280955
121528138
1215281579
1215282753
1215283016
1215287305
121529193
121529258
121531228
12153278X
121533026
121533174
121536130
121537420
1215379692
121539393
121543692
121543838
121544303
121544540
121546446
121547701
121549739
121551318
121553329
121554635
121559416
121559890
1215614152
12156326X
121563685
121568326
121572447
121573931
121574148
121574253
121574717
121575179
121575187
121575209
121575233
121575268
121575292
121575330
12157539X
121575411
121575438
121575454
121575462
121575489
121575535
121575586
121575594
121575608
121576922
121577198
1215784953
1215788916
1215791933
121579204
121579301
121582175
121584674
121585468
121585697
121585964
1215869703
121587827
121588580
121589838
121590291
121593681
121593800
1215950381
1215950438
1215951590
121596028
121596214
121596796
121596869
121599418
121600335
121603385
121604373
121605043
1216055262
121607801
121607933
121607984
121609626
121611205
121611574
121612104
1216127557
121612864
1216141711
121614778
121615804
12161879X
121619664
121619788
121619796
1216200203
121620166
1216206309
121620905
121621103
1216214247
121621642
121621731
121625435
121626210
121626954
1216269599
12162840X
121633705
1216345163
121636003
121642402
121642895
121644898
121646894X
121647978
121648753
121649830
121650723
121651401
121652483
121653293
121654990
121656357
121656861
121656969
121657728
121657957
1216586098
121659038
1216590702
1216591938
1216592284
1216592365
1216593485
121661970
121662195
121663728
1216644438
1216645914
1216647305
121665429
1216659214
121666360
1216665907
121669904
121671623
121672662
121673634
121676854
121677249
121677435
121679527
121680525
121681092
121681335
121681807
121681882
121682226
121682234
1216830460
1216840555
1216842043
121684288
121685403
121685640
121686876
121689573
1216904952
121691292
121691551
121691918
121693082
121693112
121695824
121696227
1216964319
1216964769
121700577
1217020039
121702367
1217029761
121705668
121706850
121706982
121707016
1217081186
121712834
121715795
121719464
12172168X
121721853X
1217221263
12172218X
121722694
121724611
121726584
121727017
121732606
1217345906
121735540
1217357734
121736458
121738051
121738116
121738256
121738558
12174244X
12174258X
121742881
121742997
1217446842
1217448160
121746569
12174793X
12174809X
121750159
121750957
12175166X
121751783
121759784
1217622594
1217626239
1217664289
1217674373
121767647
121769143
121769828
121769976
121770710
121772276
1217724028
121773000
121773035
121774376
121774775
121774858X
121774872
1217793054
1217798498
1217819401
121784754
121784894
121785416
1217855297
1217857109
121786951
121787621
121787710
121788563
121794113
121797961
12179895X
121799174
121800296
1218023694
1218087609
121812545
1218129204
121814343
121815250
1218184183
121818446
1218189479
1218190302
121819118X
1218192216
12181940X
1218194324
1218196009
1218198133
1218198214
121820629
121821153
12182411X
121825256
121825728
121825922
121830381
121831620
12183350X
12183378X
121834484
121834670
121835561
121835901
121836568
121839419
12184028X
121840433
12184045X
121840476
121841944
121844137
121844323
121847616
121853160
121853896
121854791X
12185549X
1218558571
121855880
1218562064
1218562226
121856429
121856453
1218565268
1218565810
1218566477
121856933
121857506
1218612436
1218616474
1218631732
1218633336
121863921
121864995
121868451
121868524
1218704551
1218720379
121872564
1218729635
1218733306
12188323X
121883566
121886808
121888525
1218927003
121892816
121897532
121898385
1218984953
121900126
121902528
121902587
1219028673
121903559
121905578
121907031
121907147
121908437
1219086762
121910601
121910695
1219109525
121911683
1219154490
1219170933
1219172960
1219175897
121917819
121918319
121919099
121925390
121925579
1219259845
121926028
121926583
121927571
121927628
121932680
121935892
121939022
121939286
121939618
121949168
121954218
1219608211
1219609420
1219613371
121963969
121966151
121966208
12196681X
12196812X
1219683256
1219684058
121969142
121969797
121969894
121969908
121970019
121970647
121976297
121977005
121977250
1219776211
121977765
121978141
121978230
12198429X
121984443
121984583
121985334
1219858838
1219880817
1219882402
121988384
121988767
1219892602
1219930792
1219933643
1219938491
1219942510
1219970646
121997073
1219971057
1219986623
121999998
122005392
1220107204
1220124311
1220128961
122013174
122014405
12201751X
12202091X
122022289
122023854
1220256552
12202592X
122026020
1220261661
122026829
122026896
122026993
122029267
12202933X
122029542
12203225X
12203256X
122033086
12203337X
122034333
122035291
1220367109
1220379212
122039009
122039637
122039653
122041771
122043219
122044274
1220454184
1220463884
122046617
122047451
122047834
122048148
122052978
122053478
122053737
122053899X
12205427X
122054849
122055535
122056922
122057635
122057716
122063562
122063759
122064925
122064992
1220650242
122065308X
1220658170
122068017
122068343
1220686905
122069676
122069692
122069935
122070011
12207016X
122070569
122072618
1220731994
122074335
122076354
122078608X
1220802468
1220807850
1220808261
122082079
12208473X
122086228
122087577
122087771
1220877859
122087836
122088123
122089944
122091698
122091701
122092309
1220949558
122096606
122096622
122099974
122100573
12210174X
122101774
122101812
122102053
122102762
122102800
122104803
122106792
1221096907
122111435
1221137832
122113793X
122115856
1221158929
122116577
1221168673
122117883
12211793X
12211874X
1221205536
1221227289
122123905
122123948
122125835
12212670X
122127285
122128021X
122128265
122128311
122129393
122130928
1221313908
1221314904
122131835
122133269
122133323
122133560
122133633
122133773
122133803
122133935
12213432X
122135563
1221381954
122138503
1221412531
122143728
122144694
122144708
122147510
122147545
122147588
122147685
122155351
12215830X
122161882
122164369
122166337
1221681710
122172620
122173686
122174194
1221744577
122174674
122175937X
1221773992
122179862
122179870
1221807773
1221826921
122182731
122183142
122183339
12218355X
122183657
122183711
122183797
122184831
12219098X
122192877
122192931
122192958
122195841
122196864
122197674
122200993
122203402
1222067153
122208196
122210670
122211138
122211839
1222139014
122214498
122214609
122215869
122215923
122215974
122215990
122216105
122219260
1222199599
1222202301
122221303
1222215039
122222342
122222504
122226046
122228413
122229479
122229827
1222301342
1222308363
122231864
122233875
1222368137
122237269
12223748X
122239644
122241126
122242017
122243617
122245083
122247272
122248236
122249461
12225130X
122251741
122253582
122254023
1222555727
122255822X
1222558904
122256632X
122256883
122258606
122260317
122261623
1222621894
1222624338
122262743
122263405
1222637952
1222638487
122266994
12226746X
122268179X
1222695715
1222695782
1222697955
1222703734
1222709236
122272366
122272404
122273206
122273354
12227542X
122277260
1222774313
1222779005
1222785803
122279298
122279581
122281667
122282167
122282183
122284534
1222923114
1222923769
1222924080
1222941155
122294505
1222983311
1222984202
1222990954
1222995018
1222995832
1223030652
1223034550
122304063
1223052583
122306724
1223101371
122310594
12231137X
122312015
1223122018
1223122522
1223123677
1223124975
1223125432
1223127680
1223127893
1223129977
1223130975
1223131041
122313291
122313305
122313763
12231378X
122314484
122315057
1223154041
122320166
122320824
1223208427
1223208516
1223208591
122324161
122326644
122327853
122327926
122327969
122328027
122330781
122332318
122334655
122335236
122336143
122338456
12233891X
1223396789
122340469
122340574
122341597
122345886
122345916
12234653X
122347030X
122347579
1223477266
1223486745
122353099
122354192
1223565297
1223574571
122357620
122358333
1223624404
12236273X
1223639037
122364511
122368142
122370686
122378180
122381556
122386086
122386205
122386515
122387600
122388151
122389204
122392477
122393686
122394275
122396316
122397835
122398416
122398521
122398564
1223988651
122399218
1223995283
122400259
122403568
122409833
122413768
122414829
122419669
12241974X
1224197747
1224198891
122422481
122423380
1224240502
122425006
122425510
122427025
122427270
122427699X
122431383
122432940
122434501
12243465X
122437284
122439287
122439902
122440307
122448162
122448200
122448545
1224490177
1224497678
1224516591
122452453
122454561
1224554280
122455471X
122456475
1224566858
1224574796
122458087
122461029
1224614399
122464400
122464419
122467272
1224695380
1224699017
122470087
122470273
122470354
122470427
122471248X
122475003
122475720
122477065X
12247872X
122478835
12247970X
122479769
1224809149
12248116X
1224813049
122481658
122482301
122483251
122483871
122484169
122484207
122485254
122486471
122486609
122488997
1224896416
122491114
1224919386
122493788
12249699X
122497457
1224975111
122498216
122498445
1224986571
1224986814
122498984
1225000807
122500148
12250061X
1225006996
122503120
122503260
122503430
122504429
122504674
1225046912
122504739
1225051525
122506243
1225078806
122514505
122514718
122514750
122514939
122515919
122516125
122516192
122516214
122516672
122516680
122517164
122520416
122521056
122521420
122524497
122524624
122526864
122527038
122527127
122527461
122528913
122531590
122532414
122532449
122533399
1225340861
1225362334
122536711
122536797
122536843
1225368782
122537832X
1225388333
122538978
122538986
1225407389
1225407435
1225409810
1225423317
1225435242
122543572
1225439035
122544137
122544889
122545249
122545397
122545877
122546334
12254644X
122547772
122548922
1225498562
122550528
1225506441
1225515084
1225518571
122551923
1225521335
1225522544
1225540127
122555864
1225561213
122556348
122556496
122559584
122560841
122561023
122561678
122561791
122564294
122568249
1225696690
1225702739
122572297
1225729947
1225737788
122574273
1225754135
1225754844
1225756812
122575717
1225762006
1225766672
122577795
122578120
122578295
1225802733
1225803357
122580788
12258080X
1225814790
122582012X
122583728
1225854644
122587243
122588002
1225898528
1225900956
1225941040
1225941288
1225969530
1225973406
1225973929
122598598
122600436
122604792
122605756
12260671X
122607031
122607864
122609859
1226120806
122612620
122613139
122613317
122613643
122614380
122614437
122614445
122615220
1226163629
122616618
1226173624
1226180833
122618203
122618297
1226187218
122619005
12261948X
122620232
122620283
122621018
122622634
1226235832
122623843
1226238556
122624262
122624661
1226247946
122625323
12262551X
1226255515
122625951
122626079
1226261574
12262629X
1226268560
122628233
122629337
122629868
1226301002
12263358X
122636511
1226365760
1226370799
122638654
122639170
122641108
122644928X
1226459927
122646134
122646665
122646703
1226468144
1226480918
122649303
122650417
12265322X
122653262
122657713
12265935X
122659589
122660811
122661338
122661354
122666283
122666429
122670191
122670396
122675274
122677226
1226776361
1226780172
122678672
122679008
122679563
122680154
1226817599
122683498
122684907
122685164
122685814
122688287
122689437
12268947X
122690184
122690516
12269063X
122691687
12269466X
1226955568
1226963978
122697189
1226974988
122697618
122698207
1226982409
122698436
122700317
122700368
122701860
122702259X
122702293X
122702939X
122703448
122703693
12270472X
122705440
122707230
122707338
122707494
122707753
122711351
122711475
1227129556
122715470
122716078
122716337
122716752
122719263
122719905
122720210
122721853
122721888
122724488
122725344
122725387
12272545X
122725573
122725867
122727908
122728114
122729064
122729080
122729110
122729994
122731832
12273209X
122733479
12273422X
1227344074
122737059
1227371993
122737873
122738640
122738667
1227398875
122741269
122743997
122744225
122745426
1227471661
1227478046
122747836
122747968
122749715
122750063
1227509936
1227525915
1227529368
122753240
1227551096
122755316
122755707
1227638310
122765400
122765559
122765672
122767845
122767969
122768671
122769406
122769422
122769449
122771982
122772202
122775066
122775082
1227757433
1227780923
122779231
122780132
122782968
122784553
122784995
122785037
1227888260
122789008
122790696X
1227911122
122795199
122795970
122796780
122797736
122798171
122800834
122801121
1228017727
1228019436
122807731
1228090866
1228093628
122810937
122811402
1228121842
1228124647
122812751
122812964
122813081
1228145261
1228154821
1228154848
1228156530
122817028
122818032
122818318
12281844X
122818822
1228192707
1228198780
122820096
122821491
122821556
122822838
122824288
122824458
122826396
122826841
122827155
122827287
122827465
122827503
1228294461
122830148
122830644
12283254X
122833058
12283478X
122835654
122836189
1228365261
1228365423
122836737X
122837665
1228382700
1228387265
1228390754
122839315
122839374
122840119
122840585
122840887
122841220
122841344
122843673
1228442347
122845447
122845676
1228459320
1228463107
1228463719
1228464677
1228467501
1228477221
1228492433
122850610
122851382
122852044
1228541817
12285425X
1228547076
122859197
12286199X
122862457
122863437
1228634750
122865707
1228657971
12286638X
122867130
122867696
122870565
122870921
12287658X
122877446
122879414
122879724
122879732
122879805
122886879
122888545
122891325
1228925674
1228926107
122892836
122893557
122894383
122894413
122894529
122894561
122894618
122897552
122897749
12289801X
122898982
1229007644
122900782
122901185
1229014063
122902629
1229030360
122903641
122904443
122910753
122910869
122911164
122912535
122915208
122916506
122916689
122918274
122919394
122919408
122919815
122920317
122921429
122924770
122927486
122927508
122928105
122928172
122931270
122931378
122932528
12293265X
122936310
122944941
122945468
1229466304
1229467882
1229473947
122947711X
1229479481
122948688
122951247
122951869X
122951905
122952472
1229535349
122955260X
1229555641
1229559655
122956109
122957474
122957601
122960173
122960866
1229634762
1229666117
122967208
122967259
122967860
1229682465
122969294
122969340
122970268
12297235X
122972767
122973194
122973542
122975421
122979273
122981197
1229851860
122987098
122989899
122990366
1229926224
1229929711
122995015
122995678
1229998446
123001188
12300215X
1230031154
1230032371
123005353
123009138
1230096507
123010179
123012163
123013275
12301381X
123013844
1230147535
1230147578
1230166939
1230169954
123022029
123026253
123026520
123030269
12303065X
123031176
123031648
12303311X
1230346813
1230347976
1230356312
123036496
123038367
123040876
1230414711
123042291
1230439889
123044642
123045096
123045916
123045932
123046033
123046157
123050499
123051827
123053536
123053803
1230574433
123058503
123063779
12306385X
123069580
123069963
123071720
123072344
123075912
123076269
123078377
123079039
123079705
123081076
123081955
123084520
12308525X
123088498X
123088542
1230885900
123089700
123090555
123092434
1230927174
1230931120
123096642
123098912
1230993819
1230999248
1231007621
12310131X
123102820
1231037350
123106397
123106400
123107105
1231085231
123109817
123109981
12311053X
123111188
1231113227
1231118504
123112869
123117828
123117879
123119251
123120802
12312218X
123123992
123125715
123125987
1231270071
123128072
1231291362
123130174
123130239
123130247
123132568
123133998
1231367881
123137829
1231402032
1231404841
12314079X
123140854
123141354
123141680
1231444177
12314471X
1231450975
12314535X
1231468343
1231470828
1231486104
1231498773
123150205
1231503963
123154405
123154480
123156874
12315698X
123157110
1231573473
1231573899
123157730
123159563
123160855
123162157
123162211
123166144
123167418
123168597
123168996
123170575
123171520
1231754141
1231758945
123178983
123179246
123180740
123180923X
123181097
1231813911
12318231X
1231837284
1231839198
1231853026
123187249
123189292
123189705
12318987X
123190142
123191165
123191823
1231926589
123196299
123197066
123197384
123200296
1232004936
123201098
123201209
123201772
123201902X
123202205
123202507
123202809
1232032271
123205603
123206472
123208041
123210445
123210569
123210585
123210801
12321081X
123210860
123211239
1232114820
123211972
1232122157
1232122262
123212286
123213843
123214513
123214548
123215730
12321596X
123219795
123220807
123221153
123221331
12322134X
123222036
1232223859
123222990
123224373
123226341
123227461
1232278041
123227992
123228719
123229928
123230403
123230543
123234360
123234506
123234611
1232353205
1232354600
1232357642
123236207
1232364576
1232364886
123236701X
123236703
1232369047
1232376353
123242827
123243491
123243696
1232438944
123244269
123245141
1232455911
123248027
123248175
12324885X
123249058
123249945
123249961
123250439
1232508292
123250986
12325101X
123251435
1232531286
1232534382
1232550531
1232551821
123259835
123264456
123264502
123272432
123274222
123274834
1232748404
123274842
123274869
123274877
123274885
12327494X
123274966
123274974
1232759872
123276217
123278589
123279119
123281156
123283434
123284112
123284279
123284384
123285836
123288835
123289092
123290368
123291682
1232948861
12329522X
1232961248
123298415
123305187
123306175
12330637X
123306531
123307279
123307287
123308496
12330850X
123309727
12331755X
123317657
123319463
123320755
123320836
1233208373
123320879
123323525
1233246658
123325110
123326036
123326710
123328209
123329302
123329353
123329396
1233315862
1233317156
123332494
123332931
1233336991
123334233
1233346490
1233381156
123338700
1233390422
1233391011
1233391666
1233392417
1233393766
1233399543
123341663
123341906
123344727
123345278
123347106
123348293
123349249
123350239
1233505068
1233507664
123351774
123351790
123353602
123353947
123354013
123355494
12335868X
12336003X
123362954
123363144
123363608
123366631
123366690
123366801
123366909
123366941
123367026
1233692518
1233696963
1233713221
123372399
123373085
1233745719
123374987
123375495
123376165
123376416
123377234
123377749
123378257
123378311
123378915
123380103
123386772
123387116
123387388
1233922084
1233924877
123394473
123394708
12339516X
123396212
12339760X
123398398
123398487
123398576
123398746
123398975
1233996967
123399718
123400058
123401283
123402492
123403499
1234035332
123404746
123405998
123406072
123407583
123411025
123411149
123414091
1234160307
123418496
123419093
1234192896
123419794
123420474
123420784
123421489
123421764
123422302
123425824
123425913
123430097
123430305
123431557
123431603
123431611
123432014
123434343
123434416
123435102
12343873X
123439280
123440653
12344084X
123440866
123440874
123440912
123441129
123442842
123448018
123448107
123449227
1234493403
123449413
123450586
123450594
123451647
123453259
12345591X
12345686X
123458846
123459354
123459739X
123460166
1234606283
123461863
123465478
123465788
123467497
123468744
123469619
123473578
123473918
123474450
123476194
123481252
123481511
123485118
123486513
123487269
123487706
123488613
123489385
123490510
123490952
1234940949
123494516
1234955741
123495911
123497175
123499682
1234997126
123504406
123504570
123504937
123505437
123509297
1235114082
1235116603
1235116689
123511984
12351245X
1235124797
123513995
123514053
123518547
123520525
12352217X
123522234
123522730
123524512
123526132
123526434
123532434
123532663
123535298
123535700
1235361101
123539706
123541808
123547253
123547938
123549345
123552621
1235534529
1235549755
1235549801
123555051
123555604
123555760
12355604X
123556740
123557038
123558077
123558298
123559944
123560187
123560799
123560802
123561655
123561779
123561949
1235626652
123564077
123565375
123569699
123569818
123572042X
1235733106
123573637
123575303
1235761053
1235761169
1235764400
1235774066
123578930
123578981
12357904X
123579961
12357997X
123580706
1235817105
123581915
123583969
1235854477
1235854590
1235855155
123585857X
1235858715
123587638
123588944
123589908X
1235899861
1235900657
123591627
1235936015
123596173
123597161
123597889
123600855
123602084
12360219X
123602955
12360432X
1236052145
1236053192
1236054903
1236056981
123606527
123607728
123609410
123610311
123610761
123611598
123613523
123615372
1236156269
123615658
123616999
123617375
123617731
12361998X
1236205588
12362083X
123621615
123621917
123623499
123626099
123626668
123627192
123627400
123629160
123631327
123631734
123632129
123634210
123634857
1236352270
123636205
123636698
1236372441
123637570
12363797X
123640075
123642329
123642833
123643309
123643546
123643775
123646057
123646979
123649234
123652693
1236566440
1236646681
1236649850
123665000
123665434
1236669983
1236671007
123668697
123671299
1236725913
1236732545
1236733487
1236740335
123676673
123677181
123678552
123681529
123684463
1236869915
1236872983
1236874870
123688205
123689120
12369065X
12369082X
123691621
123691788
1236929411
123695839X
123696313
123696321
123696429
123696801
123697212
123697247
12369793X
123698952
123699274
123699339
123700604
123700841
123701341
12370376X
123703794
123705533
123705649
123707021
123707609
1237088755
1237090628
123710960
123714907
123715091
123718554
123720443
123722381
123722683
1237227046
1237230675
1237250668
123728936X
1237289718
1237291283
1237298326
1237305934
1237310091
1237313058
123736463
1237366763
123737796
1237389712
123741378
123742514X
123742935
123743664
123744768
1237451299
1237455278
1237455480
123745861
123746361
123746388
1237477441
123748313
123749956
123751837
123752647
123752795
123754089
1237550319
1237554020
123755859
123756138
123756170
123756219
123756278
123756286
123757924
123758866
123762777X
123763088
1237637716
1237644305
123765081X
123765188
1237655420
1237656060
1237666341
123766796
123768969
123769078
123769094
123769116
1237730295
12377361X
12377375X
123773806
123773881
123777143
123777490X
1237775213
1237776406
123778255
123778964
1237791057
123781388
123781442
123781531
123781582
1237828848
1237843472
123784727
123784751
123785944
12378767X
123793459
1237936497
123793815
1237941830
123794862
123798213
123798256
123798566
123800544
123800552
123800587
123800617
123800625
123801133
123801168
1238027237
123803365
1238056253
123808219
123810178X
12381023X
1238109349
123811201
123811279X
1238124208
123813018
12381684X
1238172970
123817900
123817927
123817943
123817978
123817994
123818001
123818796
123819237
123821479
123821703
1238265235
123827093X
1238276032
1238277136
1238283160
1238287670
123829283
1238319203
123832241
123833752
123836085
123838482X
123839416
1238401856
1238403263
123840538
1238406432
123841984
123844266
123844746
123845947
123847966
123848482
123849608
1238505910
123851564
123856558
123856760
123858895
123862051
123862515
123862612
123865942X
123866995
123868513
123869498
1238715591
123872308
123872472
123875668
12387579X
123875811
123878640
123878993
123879515
123880009
123880645
123883717
123884217
1238844472
123886759
123888271
123889413
12388957X
12389011X
123890853
123892503
123892538
123892600
123895340
123895669
123897483
123897580
123898781
123898986
123900212
123900336
123903211
123904714
123905494
1239083211
123909554
123909740
123910277
123910668
123915147
123915206X
1239167768
1239198663
1239208243
123920874X
1239209185
123922909
123924715
123924839
1239250959
1239251394
1239251904
123928869
123933552
123934869
123938678
123939666
123939771
123941679
123944503
123944562
123944570
12394676X
123948622
123949793
123950120
123951402
123952670
123954908
123955572
123956099
123956374
123961270
123961742
1239618700
123962277
123965500
1239667884
123967236
123967767
123967775
123968100
1239685661
123968679X
1239697147
123970881
123972027
123974674
123974747
1239755902
123976006
1239775075
12397805X
1239783418
123978920
123980933
123981042
123982812
1239832400
123983444
123984896X
123987520
123988691
123989035
123989582
123990041
123990866
123990882
123991226
1239913877
123992419
12399327X
1239941366
123994152
1239946619
124002684
124004369
124005985
124006094
124007007
124007201
1240149611
124016002X
124017657
124017932
124017967
124018661
124021727
124021913
124023681
124024416
1240253621
124026451
124026613
1240266642
1240268041
1240273428
1240274297
1240279892
124029027
1240308299
1240325592
124033110X
124033121
12403330X
124033652
124034381
124034950
124036422
124039847
124040063
124040977
124041876
124041973
124044646
1240528795
124056954
124057640
124058280
124059236
124059430
124060552
124062814
124063802
124064183
124065910
124067352
124068316
124068685
124068898
124071310X
124071996
12407216X
1240733356
124073573
124075320
124077145
124077668
12407796X
1240789718
124079229
124084540
1240873409
1240900732
124091881
1240933347
124094740
124096700
124096980
124098800
124098886
124099157
124100465
124101380
124103367
1241049831
124105076
1241066388
124108970
1241090726
124109837
124111238
1241134677
124115888
1241159254
124116264
124119808
124121233
124121543X
12412173X
124122558
124123260
124124887
12412741X
124127894
124127916
124128033
124128122
1241287015
124130038
124130100
124131468
124132065
124132464
124133673
124133908
124134440X
1241355770
1241373604
124137512
124137733
124141722
124142796
124144055
124144233
124146139
124149936
124152899
124154174
124154883
124155766
1241578095
124157890
124160743
124163351
1241639671
1241698732
124170617
1241760934
124177522
1241779252
124179525
124180086
124183719
124184219
124184332
12418653X
124187080
124188745
124190154
124192149
124192734
124192807
124194052
124194257
124194419
1241972842
124197396
124197795
1241981000
124198643
124198864
124199100
124203000
1242035737
124204236
124204252
124205372
12420628X
1242065768
1242066772
124211054
124216617
1242168761
124217796
124217923
124218539
1242196641
124219772
124220053
124220800
124220983
124221149
124221726
124222188
124222560
124223796
12422394X
124224881
124228186
124228259
124228887
1242295984
124229859
124231500
124233074
124233139
124240216
124240976
1242418830
124242324
1242431446
124243576X
124244017
124245641
124246966
1242471170
124247253
124247814
124248632
1242506756
1242512942
1242516328
124251889
124252001
124253598
124254608
124255760
124257038
124257194
124257968
124258336
124259227
1242600825
124260713
124260993
1242642986
124265790
1242672850
1242673156
1242685049
1242686827
124271499
124273602
124273629
124276830
124277179
124279813
124279880
124280072
124280420
124281583
124283209
124283950
124284442
124286852
124287646
124287832
124288502
124292100
1242938966
124294081
124294186X
124297633
1242992480
124300006
124300343X
12430561X
12430589X
124306500
124307418
1243090553
124310497X
1243114126
124311903
124312128
1243127864
124314198
124317715
1243182679
1243185066
124318649
124318657
1243194243
1243195711
12432018X
1243203862
124320430
124320511
124321259
1243213175
124321404X
124324274
124325173
124325645
1243268913
124327303
1243274336
124327494
124330029
124331920
124332250
124335683
124336426
124336752
124337635
124338259
124338275
124341845
124342264
124344119
1243447052
124346340
124346529
124347231
124349242
124349587
124349633
124350046
124350186
1243520531
124352197
1243525991
1243533005
124353363
124353797
124353932
124357725
124359760
124360971
124361374
1243623780
124362796
124363423
124365671
124365736
124366783
124367070
124367399
1243682795
1243683538
124369413
124370551
1243711353
124371205
12437137X
124373402
124373437
124374484
124374522
1243749857
124375146
124375197
124375448
124375634
124375707
1243759437
124375952
124376029
124376061
1243763175
1243763795
1243767154
124376770
124376800
124377025
1243770457
124377130
124377653
1243782870
124380220
124380735
124381022
124382053
12438286X
124384617
124386113
124391214
124391931
124391982
124393454
124394612
12439647X
1243978783
1243978791
124398499
124401120
124401651
124402720
124403611
124405312
124410073
124410308
124412394
124412890
124415164
124415717
124415814
124416381
124417493
124419348
124423795
1244238368
124424340X
124426549
124426751
124427103
124427308
1244274801
124427650
124428118
12442838X
124434665
12443858X
1244387983
124438849
124439535
124440533
124441491
124441580
1244418757
124441947
124441963
124442013
124444229
124444660
124445802
124446833
124447562
124448615
124449158
124449174
124449743
124452558
124454364
124454569
124455336
1244557242
124456839
124457037
124458440
124459455
1244598801
124460291
124461549
124466575
124468675
124470246
124472249
124473172
124473342
124475051
12447750X
124479227
124479553
12448039X
124480659
124480993
124482678
124483151
1244888613
1244930873
1244933139
1244933341
124500366
1245034049
124503780
124505872
124506925
124506933
12450700X
124508103
124508502
124510817
1245127721
124514138
124514146
1245158945
12451605X
1245162764
1245164643
124519822
124521428
124521444
124521886
124528767
124529410
124529984
1245304089
1245304127
12453628X
124539181
124541318X
124542530
124550517
124550940
124552234
1245522469
1245534548
1245539116
124554261
124555136
124555322
1245563645
1245573950
1245586521
124559271
124560504
124566428X
124568572
124571484
124574157
124577776
12457887X
124579124
124582176
124583512
124585566
124585949
124587038
124587801
1245892266
1245893572
1245896059
1245897322
124593542
12459364X
124593895
124593970X
124594123
1245958518
124596118
1245965476
1245966952
124596827
124599168
124603645
1246044935
124604803
1246049562
124607977
124611141
124614442
124615368
124617875
124617956
124618316
124619630
1246205483
124622739
124623654
124625738
124626688
124632556
124635687
1246374811
124637558
1246386313
1246387387
124640621
124640923
1246411083
124643000
1246436272
124643647
124645402
124646530
12464659X
124646654
124647596
12464872X
1246488124
1246488701
1246489104
1246489325
1246491354
1246492369
124649874
124650716
124651186
124653014
124653278
1246533189
124654436
124654444
1246545330
124655750
1246567717
124660061
124666477
124667619
124668623
124668992
124671098
1246711346
124671640
124671683
124671772
124671802
124671845
1246722526
124673279
1246758636
124675892X
124677517
1246796090
124680216
124680453
124682421
1246825767
1246827859
124683614
1246854325
1246856913
124686826
1246902095
1246903350
1246905558
1246914697
1246915391
124692400
1246954192
124697534
124698123
124701892
124701914
1247024881
124704425
124704832
124706363
1247071103
1247073513
12470770X
124708196
124708498
124708617
124708897
124710751
124712533
124715923
124715931
124717357
124717950
124718264
124721370
1247242404
124728286
124729673
124730884
1247320626
124732544X
124733298
124733875
124738060
124738796
124739393
124739695
124739784
124746004
124747469
124747612
124748279
124748317
124749038
124750524
12475208X
124755151
124756824
124756913
1247574938
1247575004
1247577694
124759009
124760805
124761275
1247639681
124764363
124764940
124765602
124766412
124769810
124770452
124770762
124772420
124772730
124773117
1247739473
1247744930
124778348
1247783731
124780873
124783457
1247862429
1247862526
124788084
124788092
124789277
124789498
124790542
124790607
124791174
124791484
12479209X
12479212X
124794920
124796281
124803091
124803385
12480425X
124804284
124804438
124807496
124807534
124807585
1248089715
124812856
12481400X
124815499
1248178750
124818196
124818226
124818722
124819303
124820964
124821316
124821774
124822258
1248267664
1248270207
1248273273
124831249
124831788
124832148
1248326601
1248335791
124834078
124834191
124835031
124836380
124838197
124839169
1248487478
124848780X
1248488962
1248503600
124852556
124852807
1248539834
1248540905
1248541049
1248547586
124855946
1248573471
1248573587
124858686
124860109
124860672
1248607155
1248609735
124861008
124861237X
1248612760
1248613341
124863310
124863418
12486855X
124869122
124870422
124871445
124871984
124872018
1248720385
124872061X
1248734025
1248747569
1248778820
1248788451
124879004
124879632
1248802764
1248811305
1248819233
1248820150
1248824350
124884571
1248906225
1248920236
1248922964
124892299
1248928334
1248930703
1248931327
1248931866
1248932110
12489416X
124894208
124894291
1248945115
1248945174
124894526
124897754
124899269
124903010
124903045
124903258
12490498X
1249079616
1249105617
1249108594
124912168
1249121922
124912346
124912680
12491571X
124916260
124916597
1249172128
124918336
124920675
124922023
1249223113
124925987
124928544
124933645
124933769
124934889
124934978
124940889
124940943
124943888
1249453348
1249453534
12494695X
124946976
124947522
124947980
12495054X
1249515734
124952178
124952259
124953018
124956408
124962971
124963722
124965555
12496706X
124967418
124969097
124971351X
1249725143
124974058
1249747155
124975798
124978204X
124979017
1249790859
1249791588
12497922X
1249805244
124982263
1249849276
124988490
124989535
124989578
1249936985
1249957753
124995780
124996671
124996965
124997767
124999158
124999832
124999972
125000049
125000111
1250029619
125004265
125011008
1250211670
1250287650
125030234X
1250304830
1250310458
1250344352
1250348366
1250366380
1250376858
1250382696
1250383250
125041543
125041608
125043193X
1250461944
1250478316
1250523370
1250539935
1250541115
1250541271
1250548039
1250556791
125067135
125068115
125069549X
1250703816
1250709466
1250736870
125073844
1250761344
1250771722
1250796571
12508613X
1250871409
1250880416
1250951879
1250957567
1250961912
125097352
12511379X
125118996
1251345581
125135694X
1251388248
1251403956
1251429335
125144326
1251444679
1251450679
1251458653
1251492045
1251496075
1251511023
1251512291
1251525016
1251525113
1251525431
1251526772
1251527922
1251529836
1251530141
1251533299
125158297
1251598099
1251598919
125165803
125174462
1251771076
1251774407
1251816460
1251874142
1251931170
125201371X
1252022026
1252031181
1252037341
1252040695
1252045565
125207603
125211171
125215924
125219997
1252335784
1252335938
1252337183
1252346328
1252360711
1252374240
1252431058
1252435592
1252470630
1252471505
125252837X
1252554214
125261160
1252630697
125268599
1252699352
1252699948
1252699999
1252704240
1252713363
1252721145
125280623X
1252811438
1252814151
1252824041
1252825943
1252832885
125283599X
125284137X
1252878907
1252961308
125302894
1253053014
125308507
1253116989
125313055
1253177538
1253184143
125320787
125322787X
1253228590
1253266603
1253293023
1253320578
1253336334
125337221
1253413835
1253433658
125347074X
1253497303
1253524130
1253530122
1253537356
1253542155
1253550654
1253566216
1253589690
125359077X
1253628564
1253636273
1253642745
1253686572
1253691584
1253693412
125382952
1253908966
1253909962
1253911428
1253911738
1254000089
1254000488
1254001697
1254008756
1254036229
125406452
1254199810
1254206019
1254250204
125428477X
1254285962
1254544011
125454836X
1254554807
12545595X
1254572740
1254588086
1254626506
1254635580
125464533
1254678522
125472986
125473591
125481403
1254822232
1254852166
1254858598
125496621
1254974989
1254994122
1255055383
1255059702
1255059931
1255079916
1255080787
1255103175
1255154276
1255204605
125521502X
1255223227
125524934X
1255285109
125531192
1255311924
1255327359
1255328274
1255330228
125564724
1255736283
1255740620
1255744677
125575548
1255811625
1255815930
1255866608
125594372
1256053503
1256061522
1256063142
1256070424
1256107344
1256141992
1256161829
1256181293
1256186945
125621906
1256294020
1256307416
1256373540
12564289X
1256453722
1256474363
1256610887
1256630489
1256632678
1256639567
1256721190
1256725412
1256739472
1256742651
1256743356
1256751286
1256751383
1256774006
1256776769
1256968978
125700903
1257086553
125710844
125718153X
1257194518
125728379
125737351X
1257639285
1257660519
1257807854
1257932039
125796196
125800707X
1258015668
1258016478
125812582
125813317
125818505
1258203081
1258277735
125828020
12582842X
1258307642
125831309X
1258314002
1258317982
125844999
12584753X
125847874
125856148
1258908301
1258983788
1259006352
1259098354
1259101622
125910487
125919107
1259276724
1259366030
1259372537
125937260X
1259382435
1259382494
125940475
1259482979
1259486230
1259563499
1259638332
125981384
1259830578
1259835863
125985910X
1259929183
125995369
125996608
1259972585
1260105741
126015872
126016585
1260379701
1260517721
1260604640
1260669289
126070156
1260817709
126092184
126104816
126109931
126116881
126118124
126119783
1261240227
126141096
126149291
126152500
126158029X
1261585712
1261593065
1261600355
1261757513
126176248
126176426
1261837053
126183724X
126193623X
126197369
1262010268
126202028X
1262023998
1262260183
1262282845
1262284562
1262295610
126231974
1262431107
1262433371
1262433428
1262488540
126250820
126251215
126260508
126261806
1262793823
126279756
126290739X
126306869
126308608
126329079
126341087
126344973
1263520863
1263527787
126370834
126371377
12638648X
126395462
1264084986
1264092121
1264159978
126425337
1264255543
126428182
126433585
126461422
126478015
126481539
126492778
1264947569
126494835
1264962932
126499276
126513082
126534756
126544298
1265512116
126555974
1265609950
1265615942
126563225
1265899711
126594899
1266017488
1266046992
126605459
12661461X
1266209220
126620959X
1266239057
1266242082
126628130
126629692
126631034
1266329862
1266330429
1266331603
1266335102
1266340548
126634734
126651892
1266529381
1266640320
12667079X
126673969
126674086
126674310
1266776133
1266807969
126700931
126701601
126721335
1267374748
126742049
126749175
126755760
126760047
1267629231
1267633255
1267723548
126783241
126789231
126790019
126790221
1267943661
1267958219
1267959673
1267961821
1268037184
126805111X
1268052566
126809771
126811210
1268120715
1268120936
1268151203
1268151904
126817375
1268229997
1268247391
1268249017
1268365440
1268391379
1268471747
1268472514
126851212
1268558559
126861722
126864268
1268648663
1268653144
1268669784
1268672483
1268675156
1268677876
126870373
1268728772
1268747777
1268749672
126876355
126882053
126887462
126894663
1268963860
1268970980
126899592
126901805
1269027115
1269038281
1269059467
126916152
126916748
126918473
1269217011
1269228722
126927316
126930406
1269430017
126953295
126953953
1269735063
126982937
1269980548
1270005677
12700128X
1270021095
127003126
1270081187
1270081799
1270082795
127008318X
1270198904
1270224468
1270228811
1270282263
1270308645
1270314017
1270318632
12704020X
127040269
1270433601
1270506617
1270524852
127055509X
1270632566
1270635018
127069119
1270719661
1270732811
1270745050
127076005X
127080872
127081801
127103736X
127107770
1271152983
1271195666
127125929X
1271274744
1271277980
1271296012
1271299836
1271398370
1271447053
1271651459
1271740044
1271741377
1271813386
1271831074
127188401
1271927217
1271928353
127198997
127200905X
127210202
127215972
1272198456
1272205983
1272264122
1272271811
1272365433
1272450112
1272459055
1272471977
1272567265
1272578496
1272706982
1272709574
1272728374
1272733890
1272823733
1272827607
127282781X
127288595X
1272889114
1272899799
127297081
1272979342
127322353
1273225082
1273278097
127339254X
1273400801
1273491319
1273512413
1273599667
1273668901
127376224
1273782054
1273782372
1273782607
1273782739
127389156
1274015634
1274019842
1274038545
1274106125
127412882X
1274210453
127422102
1274232384
1274255678
1274268508
127431799
127432698
127436677
127437231
1274392411
127440941
127441697
127446133
1274526566
127476551X
1274871972
127487468
1274885191
127491988
1274951984
127499601
1275002900
1275153089
127519556
127528792
12753413X
127534342
1275430821
127543244
127543260
1275435696
1275457401
1275512216
127553320
1275536379
1275543863
1275545130
1275554091
127557415
127561293
127561731X
1275624049
1275665535
127574603
127576908
1275789544
1276055730
12760779X
1276095619
1276099126
127613773
1276164246
127618929
127619984
1276211988
1276212747
1276213751
1276270453
1276286058
127629669X
127632417
127633901
1276355394
1276388160
127639473X
1276461097
12765450X
127656839
127678719
127678891
127687203
127687376X
127693424
127699317
1277077541
1277088004
1277113823
1277114013
127712739
127713379
1277168377
1277192782
1277221871
127733094
127738614
127739119X
1277391513
1277393494
1277393559
1277402213
1277554455
127756779
1277577412
1277597340
127762043
127773142
1277743916
127775714
1277802173
127789006
127793798
1277938040
1278049932
1278067345
1278067485
1278067574
127819118
127823034
127826572
1278267514
1278279989
1278283684
1278299424
1278301089
1278356541
1278382887
1278384979
1278386912
1278390383
1278400974
127845456X
1278455663
1278478876
1278486585
1278519939
127852476
12785455X
1278584625
127860657
127860913X
1278611258
127867635
12788159X
127885307
127887407
12788792X
1278891625
1278896252
1278993517
1278994386
1279000244
1279000708
127900098
1279005653
1279031344
1279111887
1279117729
1279121432
127913297
127916601
127922150X
127923119X
1279233982
1279238941
12792468X
1279247126
127925457
1279309466
1279341114
127935924
127936068
127944869
12794835X
1279537043
127957235
127960147
1279605073
1279612746
1279622946
1279625708
127963499
1279638842
127964236X
12796424X
1279647647
1279648066
1279664525
127967640X
1279735198
127973681X
1279891955
1279912464
1279973749
128010797
12801511X
1280166169
128018259
128019468
1280258004
1280261854
128032404X
1280326972
128039205
1280438819
1280456043
1280457953
1280528478
1280542764
128058854
1280641533
1280645024
1280647973
128065168
128080744
12808121X
1280834188
1280931337
1280941685
1281031283
1281038369
1281050261
1281050830
1281052248
1281057096
1281111171
128111314X
1281113956
1281114146
1281136409
128113898
1281140481
1281231851
1281246816
128125551
1281277541
1281280461
1281356794
128143311X
1281532339
128154691
1281553034
1281559938
128159715
1281626112
1281737887
1281771031
1281772046
1281855618
1281862932
1281868108
1281874221
1281974072
128200022
1282081861
128208724
128209534
1282096486
1282096508
128209682
1282103628
1282112724
1282166530
1282190547
1282194178
1282223763
128231811X
1282324470
128233001
1282408321
1282413910
1282422502
128254548
1282600109
1282606050
128261315
12826246X
1282662082
1282668781
1282669966
1282688316
1282693573
12827090X
128271116
12827252X
128272880
1282812114
1282892339
128301813
128310014
128320281
1283220156
128323081X
1283231700
1283233444
1283239140
1283247364
1283253968
1283432056
1283433745
1283434199
1283437317
1283439913
128348356
1283515903
1283518821
128355484
1283587386
1283590131
1283601400
128360666
1283668084
1283675560
1283675765
1283679140
1283679590
1283683423
1283701820
128370815
128371870
128372397
128373296
128373415
128374713
128375795
128383070
128383143
1283874555
128389869
128391138
12839286X
128394153
128400013
1284001938
128400595
1284012085
1284013022
128401419
128401559
128401656
128402024
1284020533
128402202
128404760
128406135
12840678X
1284077470
128408782
1284089290
128408944
1284104680
1284105741
1284112187
128411422
1284122824
1284126277
1284129268
128419024
1284195619
128421428
128421866X
128422424
1284233405
128427361
128428333
1284285669
128429003
128429712
1284317676
1284317684
128432543
128432632
1284329909
128434171
128434783
12843676X
128438282
128441194
128441755
128442530
1284434737
128445955
128446250
12844634X
128447230
128447648
128447710
128449470
128449659
128450045
128450266
128450622
1284513777
128454695
128457699X
128457945
12845881X
12846254X
128462701
1284645355
128471638
12847260X
128472804
128474335
128477008
128481161
128481226
12848313X
128487194
128491116
128492570
128493038
128495243
128495901
128496673
128498676
128499281
128500336
128500832
1285009282
1285011643
128501685
128503114
128505362
128505826
12850840X
12851325X
1285161769
128518006
128518073
128520116
128520663
128520698
1285212541
1285213270
128529113
128530685
1285316207
128537329
12853866X
1285412869
128544414
128546689
128549246
128550163
128550368
128556447
128558032
128558946
128559446
128561769
1285618483
128562625
128563893X
128563958
1285645812
128564660
1285648455
1285648641
1285650670
12856640X
128567465
128569417
128572965
128573406
128574232
128574321
128574372
128580305
128581131
128582960
1285894618
128590092
128591900
128593253
128596627
128600713
128605197
1286053579
128605553
128608722
1286105692
128614196
1286158710
1286163374
128618043
128619929
128621877
128622210
128622946
128625910
128626631
128627328
128627964
128628308
128628944
128629584
128631023
128631457
128632275
128633751
128637633
128639954
128640669
128642564
128642971
128643081X
128643161
128644249
128645660
1286463599
128647434
12864799X
128648899
12864902X
128649097
1286510414
128652365
128652799
128652942
1286532620
1286536324
128653922
128654333
128655682
128655941
128661860
1286631351
1286633397
1286635705
128664304
128665920
128670061
12867007X
128671440
128671955
128672803
1286744393
128676388
128676485
128681896
128683082
128689951
128690062
128691638
128691980
128692723
12869369X
128694718
1286961572
128696257
128699043
128699345
128700602
128700777
128701625
128704225
1287043895
128705299
128706745X
128707984
128710195
128711922
128713828
128720298
128721324
12872630X
128729139
128729171
12872918X
128729279
128729732
128731621
128732423
128737808
12873860X
128738685
128740728
128743581
128745452
128746580
128746718
128748850
12875057X
128750812
12875088X
128752742
12875351X
128756756
128761555
128761830
128763612
128766980
128767782
128768819
128768940X
1287691838
128769777
128770201
1287709249
1287718183
128774762
128774797
128775920
128777923
12878072X
128781599
1287827004
128785179
128785349
128787805
128788305
128789050
128792949
128794437
128794445
128794461
128796286
128797185
128799722
128801506
128801638
128803282
128804157
128805528
128808543
128808926
128811501
128813326
128816155
128816945
128819898
1288212925
128822651
128824026
128825782
128827815
128827823
128828358
128829818
12883031X
128830387
12883062X
128832649
128832940
128835915
128838973
128841524
128842393
128844256
128845589
128850558
12885068X
128851430
128852267
128853727
128860065
128860855
12886088X
1288616244
128862009
128862521
1288645422
128865296
128865377
128867639
128867787
128867809
128868309
128868503
128869216
128872160
128876689
128876824
128877057
128877367
1288782349
128878401
1288799101
1288807929
128884347
128884479
128885572
128886366
128888105
12888861X
128889209
128889969
128897058
128898267
12889900X
128900474
128900911
12890285X
128904062
128904992
128906006
12890691X
128906952
128908351
1289099170
1289100462
128913746
128913835
128917733
128921439
128923814
128928093
1289282862
1289298785
128935022
128935510
128935936
12893624X
128936924
128937300
128938889
128939184
12893929X
128943319
1289455694
12894627X
1289463808
128951249
128951524
1289559880
128957328
128958944
128961392
128961996
128962046
128963409
128963719
12896376X
128963867
128963883
128963921
128963964
128964065
128964081
128964294
128964928
128965088
1289651175
128965606
128965665
1289660751
128966858
128967226
128971606
128972718
128973706
128974303
128974656
128974672
128977094
128977388
128977531
128980230
128981067
128982918
128985038
1289856583
1289857016
128986212
128986220
128987324
128989459
128994894
128995149
12900703X
12900779X
129008982
129021075
129027863
129031186
129031240
129032026
129032409
129033561
129034509
12903651X
129037435
129037834
129038032
129043729
129047015
129050695
129051063
129054852
1290615594
1290631786
129064238
129067555
129070351
129072206
129078077
129079103
129079111
1290818207
129086229X
129089435
129090565
1290941688
1290948453
129095052
129098639
129099171
129101346
129101990
129103918
129106593
129106755
129107379
129108278
129108294
129109533
12911250X
129114332
1291158030
1291161309
129118404X
129121940
129123412
1291234616
12912754X
129151076
129154210
129155063
1291578226
129160547
129161691
129165417
129165972
1291665161
129167282
129167495
1291685820
1291687041
12917081X
129170844
129175838
129175854
129176923
129180289
129180998
12918814X
129189588
129192430
129194166
129197238
129198218
129198234
129200301
129201413
129204110
129204625
129208361
1292086564
129212407
129213306
129213632
1292168722
1292248408
1292253339
1292254599
1292255110
1292256036
1292256907
129225746
129225792X
1292268654
129227811
129230391
129243515
129244635
129248533
1292493178
1292497203
129251879
129252220
1292526432
129253987
129257281
129257842
129260916
12926802X
129270504
1292709464
1292709650
1292744731
1292746874
129276820
12927710X
129277223
129278351
129279749
129281328
1292814942
1292823577
129283541
129286060
12928615X
129288993
1292903805
129290696
129294721
129297763
129300322
129302082
12930848X
129308803
129310816
129311383
129312576
129314641
129315168
129316245
129316539
129317551
1293189022
1293189723
129323497
129324205
129324531
129326674
129326801
129327824
1293291196
129329339
129330256
129331112X
1293318302
1293320676
129332127
1293321893
129335150
129340170
129340472
1293423521
1293430455
129343862
129344176
129344397
129346195
12934690X
129351121
129356522
129360651
129363200
129364452
129364665
129365823
1293662860
129368792
129369217
129370118
129376205
129379778
129384941
129386952
129389927
12939159X
129396222
129396850
129397504
129399116
12940019X
129403113
129403571
129405302
129406937
129407356
129410349
129410470
1294126253
129413402
129414867
129414883
129415286
129416215
129417084
129417114
129417246
129418617
129421367
129421995
129422967
129423076
129428175
129428205
129428299
129431338
129432563
129432806
129434028X
129437840
1294380699
1294383582
129438618
129438650
129439037
129439673
129440248
129440337
129440442
129440450
129440493
129440566
129441279
129442348
129443778
129445177
12944555X
129448206
129449199
129452351
129453633
129459550
129459828
129460133
129461385
129461504
129462942
129464384
12946452X
129467049
129469882
129471941
129472344
1294770462
1294779087
1294779273
1294782827
1294793888
129479675
129480355
129481041
129482439
129483117
129483206
129484857
12948850X
129489034
1294908669
1294908944
129491006X
1294914316
129491624
129492159
129492175
129492507
129492523
129492590
129492671
129493716
129495131
129495360
1294998447
12950033X
129500437
129501409
129509590
129512680
1295130238
129521523
129521531
129521574
129521582
1295227185
129523674
129526010
129527475
129528463
129528536
129529834
129536555
129538108
129538426
129540439
12954308X
129543772
129544167
129544183
129544221
12954678X
12954843X
129553107
1295556618
129556173
129557005
129562548
12956320X
129566144
129567124
129570664
1295722305
1295749726
129583634
129584142
129585297
129586021
129586323
129586684
129595675
129596876
129597805
129598135
129601160
129602132
129602434
129606286
129606316
12960755X
129608180X
129611786
129611905
129612065
129613347
129613398
129616680
129616729
129616745
129616761
129621536
129623121
129623903
129626198
129629707
129635812
1296387046
12964109X
129643912
129644501
129644625
129647780
1296484963
129650196
129651761
129652547
129653934
129653942
129654485
129660175
129661945
129663581
129663670
129666165
129668087
129668192
129668796
129669210
129673374
1296748227
129674850
129675300X
129676942
129676993
129677736
129678279
129683698
129684074
1296850579
129688614
129688703
129690848
129694916
12969679X
129702854
129703680
129708496
129712655
1297142446
129714771
1297147790
1297186710
1297188322
1297193377
1297200667
12972100X
129723223
129724580
1297248376
129725803
1297258991
1297261291
129726729
12973506X
1297356411
129736821
129738573
12973859X
129741566
129741574
129741698
129741736
129741779
129741795
129741833
129741892
129741965
129741981
129742007
129742023
12974204X
129742139
129742155
1297429397
129742953
1297432320
1297445511
12974476X
129745413
129745545
129745561
12974560X
129745626
129745650
129745707
129745723
129745766
129745774
129745901
129745952
129745960
129746029
129746681
129750085
12975112X
129754617
1297560655
129759570
129762067
12976244X
129763306
129763365
129763403
129764264
129766151
129767743
1297708407
129775290
129776955
1297772725
1297773020
129783730
129783765
1297853474
1297870174
129788406
129788988
129794821
129796174
129797154
129797219
1298020557
129802964
129803197
1298037719
1298041961
129806528
129808725
129809713
129812943
129813362
129815292
129815489
129816787
129817570
129819913
129820792
129821780
1298314925
1298315069
129833258
129834750
12983548X
129840769
12984134X
129841528
129843776
129844322
129844713
129847968
1298480957
129848417
129849758
12984991X
129850047
129850926
129853356
129857769
129862002
129862363
129863424
129865818
129866040
129867209
129870226
12987339X
129875937
129875988
12987602X
129879495
129879525
129880132
129881104
129881481
12988264X
129883042
129883506
129883999
129884545
129887382
1298883024
1298886880
129889932X
1298914949
129894311
12989432X
129895261
1299044492
129906832
129907324
12990872X
129909009
129909084
129910392
129911143
129916943
129922676
1299232310
129924830
129927066
129929972
1299317170
1299320953
129932450
129932515
1299325610
129932612
129936367
129936901
129936944
12993805X
12994078X
129943851
129945064
129947156
129948640
129950343
129955574
129955795
129957216
1299585302
129959014
129959510
129960330
129960454
129961450
129962244
12996249X
129962600
129962708
129963046
129963542
129966096
129966150
129967033
129969788
129970530
1299765211
1299771475
129977462
1299784690
1299785646
129978817
129979015
129979902
129983004
129984450
1299850200
129985406
1299858716
1299860265
129987778
129988286
1299961614
1299963307
130001414
130002011
130002143
130002410
130003425
130003646
130004200
1300051191
130005444
130006890
1300103132
1300123109
1300134151
130014699
130023892
130024899
130025232
130025585
130025666
130026662
130026735
13002774X
130033014
1300383739
1300391081
130039144
130040017X
1300400234
1300400285
1300400315
130042374
130045241
130045268
130046027
130046345
1300463481
1300470992
1300478756
130048275
130048283
130049573
130049646
130050040
130051322
130053406
130055808
130057037
130057428
130058351
130058734
130058793
1300590386
130059846
130059927
130060739
13006243X
130064017
130064491
130066370
13006761X
130067636
130070394
130072435
13007439X
130077062
130083593
130091200
130092584
130094218
130096253
1301017299
1301047562
130108987
130111090
1301141372
130117056
130117749
130119458
13012186X
130122467
130123021
130124451
130124567
130130133
130131695
130137022
130139734
130139971
130143251
13014567X
130151955
1301520411
1301534897
130153680
130154571
130155179
130157724
130160644
130165662
130167355
130175854
130182036
1301827908
130183083
130184810
130186821
1301897795
1301903043
1301912611
130192538
130192635
130202800
130203629
130208140
130215961
130217727
130217794
130219045
130220310
130221171
1302216740
130226548
130228680
1302288164
13023012X
1302304186
130230898
1302315838
130235075
130237396X
1302374567
130237868
13023804X
130239623
13023978X
13024015X
130241172
130243469
130244309
130245259
130248290
1302502298
1302509608
1302512455
130252352
130253219
130259071
1302591754
130264636
130265993
130266345
130270784
130272051
130275174
130275778
1302769731
1302790803
130279609
1302799320
130281867
130282073
13028209X
130284637
130286818
1302873296
130294993
130296163
130297836
130299596
1302996649
130300012
1303011646
130302171
1303026368
130302856
130305103
130306134
130309389
1303110059
130313378
130315346
130318191
130319694
1303219948
130322032
130322067
130325376
130325449
130326623
1303286726
1303289490
130332399
130332534
130334081
130334138
130334936
130337110
130337765
130337773
130337781
130338303
130342904
13034379X
130349348
130354112
130354295
130354619
13035497X
130356220
130356956
1303576856
130359726
130359963
1303611767
130364681
130365025
130365521
130366242
130367257
130368725
130370118
130370258
13037461X
130376833
130380555
130380695
1303835703
130386073
13038691X
130388092
130391468
130393533
130395412
130399701
130401196
1304024229
130403555
130405450
130405507
130406473
130406589
130408026
130408387
130409723
130413747
130415650
130424218
130424579
130427195
13042935X
130429449
13043308X
130434175
130437417
1304383709
130439371
1304409465
130442283
1304442454
1304444791
130448389
130451711
130452246
130452513
130452971
130453463
130454966
130455695
130459690
130460354
130460885
130461040
130461083
130465305
130467456
130468525
130469920
130470627
130472158
130472700
130473596
130473774
130474959
130475416
130475777
130477648
130477753
130477834
130482633
130483664
130483745
130484156
130487457
130489131
1304896617
130494291
130496405
130496502
130497983
130499714
1304998401
130500356
1305012348
130502308
130508632
1305089464
130509264
130512303
130512346
130512680
130512842
130517364
130517836
130519618
130527068
130529737
130530166
130530271
130531359
130536849
130538876
1305390660
1305414403
130543829
13054650X
130547034
130550434
130551082
130552011
130552216
13055331X
130554375
1305568699
130559555
13056205X
130563161
130568481
1305699807
130570001
130570469X
1305705882
1305707036
130573388
130574155
130577162
130578282
130580198
130580686
130581038
1305811933
13058228X
130583502
130588245
130589845
130590894
130594504
1305962257
130596892
130598704
130599883
130599999
13060903X
130609625
130613231
130616206
1306209609
130621099
130623229
130632678
130634298
13063851X
130639303
130645583
130656445
130657808
130657840
1306579384
1306589568
130660183
13066300X
130665339
13066572X
130665762
130669601
130671298X
130672246
130676004
130678600
130682268
130682276
130682446
130684600
130686433
130686700
130688215
130688258
130689378
1307074553
130710908X
1307111726
1307118763
1307218482
1307222048
1307228720
1307418694
1307424090
1307546072
1307572693
1307615694
1307926959
1307985025
130800562
1308032897
1308054025
130805521
130805580
130808255X
1308097220
1308097816
1308099487
1308100175
130822558
130828009
130830216
130830577
130831867
130832510
130832901
130833746
1308351496
130836958
130839086
1308391617
1308394330
1308396864
130841544
130842206
130843857
130844535
130851914
130853305
130858870
130861294
130861537
130863548
130866164
130878650
130879150
130879266
130880027
130882453
1308840756
130890588
130891568
130892165
1308929765
13089334X
130896489
13089740X
1308991541
130900241X
1309129304
1309223645
1309259518
130928070
130928755
130929301
130930393
130930571
130957364
1309821909
1309853738
1309854289
1309944202
1309971692
1309977496
1309977909
1310034931
1310035148
1310059721
1310085145
1310087911
1310090505
131032992
1310521638
1310532702
1310534810
1310640491
1310673616
1310792097
1311047115
1311066721
1311266062
1311274243
1311274715
1311504079
131151495
1311547428
1311630619
1311651020
1311712860
1311770313
1311773754
1311780424
1311783970
1311853251
131187478X
1311895043
131208314
1312111224
131224738X
1312293381
1312367237
131236857
131262020X
131269999X
131276409
131284819
1312982578
1312985364
1313075957
131308297X
1313118613
131322393X
131322748X
1313228567
131323060X
131336401
13133669X
131336800
1313398322
131341472
131342150
131343866
131347179
131348892
131350501
131350943
1313526096
1313526649
1313547689
131357549
131357638
131362917
131363999
1313646881
1313650080
131367684
131369970
131370030
131375210
131378805
131380273
131380702
13138323X
131384619
131385003
131387340
131391518
13139651X
131399195
131401890
131406035
131406094
131406221
131406418
131406698
131409395
1314104195
131410911
131411810
131413082
131414607
131417282
1314198491
1314210696
1314211889
131424327
131425781
131426192
1314277731
1314286218
131432540
131435280
131435612
131450603
131460692
131464817
131466054
1314716085
131472283
131472399
131473190
13147460X
1314763733
1314763849
1314773674
131477897
1314779141
131479571
131480405
131480855
131481134
131481762
131482122
131485024
131487892
131488287
131488597
1314928058
131495062
1314958534
1314959123
1314972634
1314977113
1314978063
1314979086
131498215
1314982664
13150018X
13150035X
131501259
1315032120
131504657
131504823X
13150603X
131506668
1315070855
1315073196
131508199
131511009
1315124920
1315156970
131523890X
131524224
131524259
131525468
131532464
131542060
131542133
1315439387
131545226X
131549111
131551485
1315522284
131553267
131553305
131553402
131553593
131557262
131557300
1315642492
1315671719
1315677814
131572741
131578189
1315792982
131580159
131580647
1315807343
1315807831
131582259
131582755
131582917
131584685
131584871
131591967
1315959275
1315964295
13160094X
131603477
1316063054
131615882
131618229
131622161
1316224112
1316254992
131631179
13163514X
131635190
131635255
1316369153
131641522
131646168
131650335
131653628
131653849
131654586
131655469
131656678
131661337
1316626962
1316657485
131666282
131666770
131671448
131677179
131677799
131687913
131690108
131692941
1316965848
131697005
131700669
131700847
131702653
131703277
131703439
131705903
13170592X
131706497
1317089987
131710966
131713140
1317152107
1317160576
1317218205
1317230922
131724134
131724649
131724916
131727338
131728989
1317306066
131730800
131731173
131737074
13173928X
131740350
131742434
131744933
131745891
131751611
131754963
13175629X
131758357
131758888
131761471
13176585X
131770020
1317702514
131776614
131779729
131781170
1317818652
131783203
131783483
13178725X
131789333
131793462
1317940989
131795899
131804804
13180491X
131811363
131822519
131826654
13182872X
131831836X
131832492
1318353963
131835403X
1318354560
131835548
1318357500
131836749
131841653
131842552
131843887X
131848186
1318487188
131850768
131855751
1318561760
1318569249
13185724X
1318577551
131858076
1318593476
1318599768
131866702
131867156
131867873
1318701260
131872567
131874616
131875531
131875558
131875604
131876392
131876481
131877038
131878131
13188381X
131883925
131885200
131885758
1318880335
131892177
131895141
131895885
1318963176
131900579
131906453
131906968
131907646
131909185
131909649
1319113109
131912437
131914987
131917897
1319181120
131918419
131920553
131922998
1319383459
1319386539
131938673
1319387314
1319387926
131938843
13194262X
131942816
131942859
131944215
131944835
131945424
131946277
131946994
13195458X
131955217
131956078
1319585876
1319587240
131959980
131963554
131964666
131965212
131966537
131971514
131976729
131984829
13198831X
131990330
131994271
131994328
131996614
132011794
132011891
13201291X
132013541
13201467X
132015528
132017091
132017202
132020688
132028034
132028808
132031922
132032554
132034697
132034913
132034972
132038633
132038676
132040123
132051095
132051133
132051206
132051656
13205258X
132056755
132057255
132057921
132059568
132060817
132060922
132061759
132063182
132067560
13206930X
132069520
132073641
132075806
132076756
132082969
132090678
1320934862
132099004
1320991181
1320998550
132100770
1321035691
132103737
132103869
132103915
1321043112
132106132
1321099339
132110857
132110962
132112906
132116928
132117940
13211917X
132119366
132119404
132119447
13211951X
1321204949
13212114X
1321217307
1321228791
132124297
1321257732
1321261063
132126285X
132128322
1321319614
132133229
132133571
132133652
1321340893
1321357915
1321373252
1321377894
132138078X
1321381042
132143321
132144859
132145995
132146452
132147777
132156083
132164965
132166755
1321721633
132172240
132173301
132176793
132178982
1321791321
1321817053
1321822804
132184990
1321856210
1321857195
132189682
1321928246
1321934602
1321937741
132194058
132204045
1322041679
132204266
132204681
132205890
1322067813
132210835
132210843
132217686
132217805
132217872
132221527
132222108
1322250103
1322255164
1322266182
132230437
132230712
132235501
1322459223
132249677
132254948
132255952
132256754
132263297
132263459
132263556
132263580
132263610
132263637
1322662193
132266369
132268302
132269260
132271087
132271605
1322748527
132275961
132277123
132279657
132279762
13228216X
132282208
132282232
132282291
132282321
132288850
1322898774
1322899622
132290758
132292068
132292181
132292289
132292491
13229253X
132292629
132294036
132296436X
132309130
1323094938
132309882
1323116753
1323117997
132312948
132318741
1323195122
13231990X
1323200754
1323211527
132321173
1323213619
1323216154
1323216588
132328879
132329034
132331853
132332515
1323328858
1323353828
132336154
132336790
132337428
132344300
132345293
132347636
132347644X
132349388
132351137
132354888
132355035
13235571X
1323560505
1323580964
1323580972
1323582401
132358263
13235831X
132358409
132358441
132358484
1323584900
1323585303
132358565
1323586946
132358840
132358913
132358921
1323599010
1323599762
1323604820
132366797
132367394
132369869
132370174
132372002
1323732470
132374781
132374838
132374870
132374994
1323768408
132381370
132381559
132381699
132382407
13238308X
1323834699
132384477
132385058
1323872663
132387336
132387549
132388030
1323889043
13238910X
132390051
132390086
1323925813
132395347
13239717X
132398249
1323989978
1323992650
1323997075
1324037296
1324038268
1324054247
132405555
132407256
132407833
1324102268
1324106662
132411091
132411342
132414538
132416131
132417847
132417987
1324199822
1324204036
1324204168
132421070
132422034
132423782
132423944
132424525
132425947
132426021
132426129
132426447
132428156
132432471
132433049X
132433147X
1324331968
1324333693
1324389761
132439212
1324395966
132440792
132441543
13244304X
132447770
1324491795
1324502177
1324504641
132451735
132451964
132455706
132456605
1324576707
1324577088
1324577711
1324581573
132463040
132466325
132467127
1324677309
132470195
132470586
132470675
13247073X
132470756
1324711957
1324712503
132471655X
13247218X
132476576
13248031X
132481774
13248515X
132491591
132496216
132498049
132499584
132499835
132504642
1325076112
132512017
1325133973
132513579
132513854
132514303
1325158968
132516055
132516142X
1325170771
132520214
1325233706
1325236268
132525794X
132539047
132540363
132541289
132546299
132549239
132554062
1325543764
132554534
132555050
132555190
13255528X
132556693
1325580856
132561301
132561360
132561638
132561719
132561786
1325657336
132566419
132568403
1325697796
1325701955
132572486
1325730726
132573148
132573358X
132574330
132576139
1325761702
1325762237
132577345X
132577410
1325826472
1325833371
132586241X
1325863092
132590700
132592819
132593742
132597966X
132602547
132604698
13260504X
132609118
132610027
13261023X
132614154
132615932
132616106
132618028
132618257
132620448
132620863
1326223739
1326240609
13263144X
1326329774
13263306X
132634935X
132640120
132646132X
1326472615
132652153
132652625
132653362
132653397
132659824
132659859
132660423
1326720724
132673193
132675064
132680513
13268053X
132681684
132685558
132686147
132687348
1326893599
132691132
132692910
132694824
1326948857
1326957309
13269607X
132696568
132699915
132703262
132706865
132708620
132708647
1327105136
1327127636
132715015
132715171
132719592
132719800
132723654
132725223
132727889
132734931
132735113
13274385X
132744082
1327471221
132748851
132751313
132757214
132757532
13275777X
132761718
1327620197
1327629577
132766469
132767821
132776626
132779463
132784025
13278405X
132784351
1327850567
132785730
132785900
132791307
132793008
132793032
132793113
132793121
132793210
132793407
132805405
132808196
132808714
1328099717
1328112853
1328141888
132814854
1328149285
132814978
132815052
1328154254
132815850
132815885
132815974
132816059
132816164
132816326
132817950
132821737
13282180X
132821834
132821966
132822172
1328233936
1328257517
1328267563
132831325
132836661
132837056
132840693
132842610
1328441946
132846500
132850532
132851946
1328541959
1328556204
132856271
1328579468
132858118
132860232X
1328603164
1328603946
132863367
13286424X
1328667081
1328714063
132871831
132876213
132877015
132877392
132877716
132877937
132879514
132882442
132885395
132892855
1328930912
132899531
132903679
132903903
132904063
132909545
13291400X
132914158
132915286
132915987
132919109
132919389
13291994X
132920301
132920751
13292109X
132921545
13292178026
132922126
132933225
132933284
1329336437
1329337352
1329342143
1329343948
132934833
1329351193
1329352882
1329356381
132938863
132940000
132942720
1329468937
1329472578
1329473450
1329541812
1329547551
132957876
132961857
132962306
132962446
132962802
132962926
132963167
132963248
132963922
132964848
1329653491
132968452
1329689232
132982226
132988054
132993376
132994631
133008681
133012328
133012425
133015114
133015475
1330231546
133023249
133024660
133028585
1330336399
133033821
133034070
133034119
1330344146
133034747
13303674X
133038440
133039099
133039188
1330407474
1330426746
1330435443
133044440
133046389
133056104
1330586069
1330595688
1330615077
133063120X
1330651537
133065594X
133068323
133070557
133072843
133074889
133080153
133082652
1330843339
133085031
133088987
133089665
1330966511
133097218
1331079020
133110273
133111334
133117251
133124045
133124215
133126277
1331269296
133131734
13313914X
133140865
133143430
133144232
133148637
133150011
1331507839
13315890X
133160637
133161242
133162664
133163148
133163296
133164926
133165655
133165744
133167844
133169103
1331706424
1331711754
133171892
133172724
133172740
133173844
133177939
133182908
13318305X
1331878225
1331884055
133196895
13319776X
133197816
133200302
1332071317
1332092241
133210150X
133220966
133224201
133228118
133230171
133238318
133246655
1332473768
133247589
1332496849
133250709
1332513107
1332521673
133253155
133258904
133261948
133264009
133270424
133271447
1332730353
133273830
133275043
133276392
133277623
133280705
133281507
133284581
13328462X
1332862942
1332875408
1332884547
133288528
13329059X
133293955
133296083
133300013
133300234
13330132X
1333046006
1333062141
133309797
133311244
133312828
133318737
133320596
133320987
133323390
133323862
1333239467
133324370
1333248911
133332543
133332853
1333329660
1333329989
1333333838
1333356927
133335917
133337227
133338940
133339947
133343588
1333442238
133345025
133347680
133349322
133351491
133351564
13335170X
133354733
1333573936
133357821
133367452
13336917X
133376281
133378586
133383792
133383946
133384578
133386880
133389731
13339283X
133392961
133393267
1333943822
133395804
133395812
1333984561
1334002959
133400918X
133401375
133407802
133412415
133420779
1334215456
1334238669
133424820
133426165
133427358
1334298505
133432408
133433641
133435229
133436756
133437396
13343740X
133438155
133438821
13344130X
133445399
133446417
133448029
133448096
133449807
133450732
133450783
133452816
133453057
1334537151
133455335
133456447
133458830
133458962
133461580
133463087
13346427X
1334658781
133466302
1334675023
13347044X
133476235
133476456
133476693
133477185
1334794812
133481859
133484742
133485188
133486044
133486095
133486141
1334886261
133489108
133491897
133497275
1335047913
133505898
133505901
133507254
133508939X
1335099158
1335099727
13351191X
133516512
133521268X
133521753
1335219374
1335245782
1335246819
1335254587
1335255273
13352602X
133526682
133527689
133531538
1335324674
133534138
1335347402
133536432
133538915
13354155X
13354236X
133544591
133544877
133545385
133546969
133547949
133550109
13355306X
133557421
13356665X
133567354
133569772
133571777
1335759131
133575993
133576426
133578100
133578194
133579220
133580237
133580741
133581217
133586189
133586634
133587649
133590569
133594076
133594084
133595935
13359596X
133597849
133600262
133600653
133600823
133602117
133602176
1336045981
133605086
133607178
133607550
133608255
133612155
133612309
1336132485
1336147784
133616169
133622401
1336240490
133630978
133632121
133632172
133638464
1336391065
133640566
1336412291
1336413492
1336424524
133643867
1336441585
1336451785
133645770
1336459646
133647056
133649520
133655903
133656985
133657299
133659098X
1336593695
133659577
133659631
133661210
133661253
133662098
133662179
133662535
133664430
133665194
133667510
133667901
133668703
133672239
133674606
133674754
1336784911
133679268
133682668
133682765
133687228
1336878460
13369139X
133695360
133696049
133696790
133699536
1337004316
133704823
133704971
133712915
133715744
1337159026
133721356X
133727459
133727491
133727505
13372753X
133729621
133732703
133732754
133733629
133737608
1337388599
1337392685
133740692
133744205
133744302
133744396
133744620
1337455539
1337490040
1337494585
1337565822
1337568007
1337568597
133758656
133759431
133760774
133761401
133764117
133767663
133772101
133777405
133778061
13378035X
133782115
13378276X
133783618
133783693
133789888
133793672
13379413X
133794156
133794849
1337957356
133796671
133799441
13379945X
1338072080
133807711
133807967
133814483
13381453X
133814718
133816338
133819361
1338196650
133819973
13382005X
133820343
133820378
13382098X
133821072
133821099
133821153
133821293
1338281313
133828239
133828794
133830128
133830225
133830357
133830462
133830543
133834336
133837300
133838412
133839875X
1338402145
133842851
1338446215
133844692
1338446932
133844838
133845036
133845168
133845354
133846938
133847314
133851990
133852644
133854582
133857387
133857700
133857840
133862208
133866386
133866459
133869121
133869458
133869504
133869849
133869946
133870707
133871150
133873056
1338731920
133875415
133876713
13387849X
133880028
133880060
133882241
133883027
1338862790
1338862839
133887944
133887952
133888347
13388841X
133891240
133892794
133893677
133893715
133893758
133893790
133893820
133894355
133901130
133902927
133905799
133908372
1339099446
133910172
133912981
133915263
133918386
133919765
1339201739
133922243
133923827
133925048
133928225
133928306
133928373
133929620
1339305364
133930564
133931099
133931331
133933504
133936104
133937526
133939111
133939162
133939170
133939197
133939200
133939235
133940853
133941795
133941825
133941892
133942473
133943232
133943283
1339434148
133943461
133943747
1339441071
13394459X
133945197
133950646
133951936
133952177
13395224X
133952266
133952657
133955001
133955478
133960285
133960692
133960714
133961044
133961168
133965066
133968081
13396809X
1339692325
133969436
133971031
133975134
133975754
133976181
133977951
133978001
133979202
133979903
133982335
133982424
133982475
133982521
133985504
133989240
133992578
133997057
133997227
133997731
134002377
134003217
134003373
134003411
134003527
134003543
13400356X
134003616
134003772
134003861
134004566
134005937
134005961
134006224
134006380
134006461
13400650X
134009991
134011929
13401197X
134012070
134012267
134012291
134016955
13401720X
134018133
134018168
134018222
134018265
134018311
1340204460
1340214717
134024907
1340289504
1340323699
1340328720
134034015
134038339
134038355
1340387913
1340412888
13404262X
134050401
134051818X
134054601
134054687
134057104
1340587610
1340626594
134065689
134067797
134072197
1340773864
134078314
134078349
134078632
134081137
134084055
134085213
1340861526
134091108
134091256
1340945304
134095298X
1340966158
1340970600
1340970899
134105966
1341079589
134108760
134110102
134110676
134110757
1341109593
134111028
134113802
134116674
134122852
134125193
134126408
134132858
134134761
134136365
134136403
134136454
134136470
134136772
134137051
134137337
134137434
134140486
1341406121
1341435482
134143779
134144988
134148452
134150252
134150624X
134157389
134157702
134158350
134158377
134158458
1341668932
134169441
134169840
134170172
134172892
13417545X
134175808
1341759393
134176852X
134181883
134181891
134181956
134182022
13418825X
1341934195
134193911
134193946
13419408X
1341941728
134207149
134210123
1342143604
1342145577
1342157761
134216180
134217004
134217160
134217241
134217497
134217551
134217586
134217624
134217667
134218272
1342213882
134226488
1342269357
134232577
134232631
1342337948
134234219
134237153
134238869
134239784
134240413
134240596
134240626
134240685
134240774
134240928
134240952
134241010
13424107X
134241126
134241169
134241754
134242025
134242084
134242106
134242114
134242130
134242149
13424219X
1342448278
134250672
1342521676
1342525175
134254031
134255372
134255615
134259440
134262425
134273540
134276701
1342843800
134286413
134286901
134287207
134293010
134296818
134297369
1343003482
1343026296
1343028051
1343029201
134304845
134306031
134315073
134317580
134318137
134319044
134319702
1343232783
1343236231
1343236649
134324609
134326512
13433082X
134332172
134332504
134341031
134353455
134354494
134357353
134362055
134362705
134362721
134366077
134367308
134369998
134371798
134378539
1343804450
134381254
134382390
134382757
134383591
134385276
134385896
134389042
134390946
1343979684
1343980399
134403711
134405242
134406044
134410009
134412869
134417011
1344176313
1344178200
134418328
134425596
134427416
134427890
134428390
134429540
134434730
134435605
134436288
134442970
1344436676
134443705
134444809
134445805
1344553397
134455584
134462408
134463141X
1344631622
134464094X
134464516
1344650376
134477502
134478320
134485890
1344865534
1344868320
134488784
1344969232
134498380
1344992129
1345001363
134502817
134508675X
1345109776
134511387
134511492
1345119313
134512162
134514483
134514939
1345218915
1345219490
1345220332
1345239815
134525256
134528794
134530306
134530322
134531787
1345333595
1345335415
1345339305
134535480
134542576
134544013
134545621
134554213
134554795
134555694
1345577419
1345579780
134558606X
1345590806
134559983
1345631529
1345635044
1345636415
134564079X
134565681
134566432
134569407
1345712987
1345837828
13458502X
134585240
1345852495
1345855125
134587456
1345875207
134587537
134588592
1345929358
1345941684
1345946902
134597591
134603192
134603311
134604208X
1346056056
134608879
1346100039
134612795
134614828
134615662
134616863
134618866
134620267
1346386595
134641140
134644921
1346472947
1346491097
134650878X
134651528X
134656792
134658582
1346635145
1346636524
134663837
134668103
1346733252
134675029
134677293
134678257
1346822883
134690044
134692152
134700899
134712846
1347156275
1347157239
1347177299
1347183140
13472187X
134730194
134737032
1347371648
134738977
1347423044
1347427325
1347435247
1347441123
1347461205
1347502173
134750640
13475137X
134753682
134761464
134768159
134769791
1347712186
134773055
134773489
134780450
134783115
1347904255
134796098
134797132
134799690
134801083
1348019557
134803213
1348043229
1348178027
13482136X
134825586
134827635
1348288302
1348305428
13483559X
1348382228
1348384948
134838556
134840054
1348415096
134844378
134852206
134858298
134860500
134862074
1348634901
1348659289
1348711353
134873459
13487563X
134883993
1348916869
1348923563
1349000574
1349030996
1349037664
134906063
134908082
134910915
134918517
134918533
134922654
134923502
1349260223
134926315
134926978
1349374660
1349388297
1349389501
134944615
1349463418
134946662X
1349466778
134946693
1349542148
134957903
134963962
1349660027
134976096
1349770922
134977173
134978870
134979206
134981170
134988213
134989252
134990080
134993217
134995473
134997646
134999789
1350077798
1350080098
1350088005
135012112
1350161675
135017246
1350203092
1350223921
1350237779
1350238503
1350244171
135025508
135029473
1350301876
135038111
1350383589
1350419710
1350425435
1350428132
1350454842
135046726
1350468614
135050033X
135050626
1350512524
135051312
135059704
1350617156
135062241
135069572
135074258
135074304
135075114
135076888X
135079047
13508136X
13508217X
135085292
135085519
135086736
1350870021
1350893722
135095859
135096928
135099749
135103770
135105870
135106303
135107830
135118107
135120357
135120519
135126155X
1351274902
135129206
135131197
135137187
135140226
135146917
135147972
13514986X
135152356
135153395
135155681
1351592289
1351597892
1351606115
1351607804
135161282
1351616552
1351709275
135171474
135171547
135171564X
135172268
135183138
13518343X
135187915
13519153X
135191920
135196159
13519752X
135208564
135217865
135222338
135231817
1352359294
135237874
1352455498
1352473291
1352476924
135248663
135251883X
1352537087
1352667312
135269954
135270197
1352732831
1352735628
135274796
135274796689
135281229
135281296
135281458
135281660
1352837420
135285054
1352863073
1352864312
1352867621
135288274
135293003X
1352960265
135297102X
1352977818
135301858
1353050769
135305136
1353073734
135309298
13531416X
135314682
135315867
135319668
135325838
1353265064
135326890X
13532792X
1353283232
13532940X
135333371X
135333725
1353352544
1353381889
1353414760
1353454649
135346282
135353017
135353351
135353408
135362768
1353635686
135367220
135368642
135373891
135374049
1353848086
13538561X
1353878465
135391881
135393035
1353936171
1353950468
1353963934
1353978966
1353979075
135399971
1354044738
1354045262
1354053559
1354150953
135415908X
135425530
1354265025
1354284305
1354290402
135448549
135448638
135448646
1354508874
135451140
135451842X
135452279
135452805
135454018
1354553527
1354601165
1354614887
1354620267
135462975
1354632028
135463599
1354638719
135464129
135464196
1354753127
135482364
135486475
1354885252
1354886380
135488826
1354897404
135493455
135494087
135496828X
1354976819
135503019
1355040299
135506085
135507200
1355079632
1355092027
135514533
1355273056
135534658
135534753X
135537657
1355382505
135538378
1355391385
1355400007
135541344
135542634
135544432
1355480167
1355486289
1355501237
135550238
13555053X
135551706
135552583
135555256
1355581826
135561507
1355631769
135563900X
135566711
135574404
135579848
135585694
1355857562
135586380
135591473
135591694
135591848
135592348
135592682
1355930391
135593557
1355936071
1355936667
1355938325
1355940230
135594200
135596874
135599482
135601053
135601339
135602238
135605075
1356073638
135607442
1356078761
1356081126
1356087574
1356088074
135612969
1356130453
135613116
1356139892
135616409
135617553
1356192505
1356197159
135621364
135623820
135627990
135628180
135629152
1356299385
135631629
135631777
1356323758
135634628
135634997
135636000
135636949
13564061X
135646294
135651344
135652766
135654823
1356548830
135655528
1356578837
1356598722
135660270
135665981
135666074
135666252
13566649X
135666589
135666988
135667453
135667542
135667704
1356711545
135672422
1356729851
1356730256
1356731457
1356733557
135675766
135677076
135677491
135681561
135685544X
13568594X
135685990
13568630X
135689015
135689570
135692830
135693179
1356947700
135697182
135697190
1356994156
1356994369
135699975
135700027
135703239
135704642
135707765
135708265
1357142293
1357143850
135718090
135718309
135718317
135719054
13571964X
13572029X
135724465
135725178
135725887
135728118
135728495
135728614
13573097X
135733898
135733901
135734185
135734312
135735742
135738261
135742226
135745314
135746140
135747082
1357496443
1357496745
135751845
1357520360
13575240X
135752515
1357543190
135757819
1357594895
1357601352
1357621388
1357628323
1357652062
135766915
135767709
135768918
135769396
1357747683
135775515
135775574
135775779
135775930
135775973
135776066
1357761368
135776783
135777070
135777186
135777526
135778042
135778379
135778476
135778727
135781817
13578252X
135782627
13578588X
1357901720
13579210X
135792444
13579255X
135795397
13579580X
135796768
1357981619
135801168
135804248
135805813
135806771
135808790
135811538
135811597
135812321
135812402
135812631
1358137463
135818613
135819520
135819776
135825946
135826314
135827809
13582835X
135829240
13583242X
135833701
13583905X
135841860
135842077
135842557
135845041
13584519X
135845378
13584634X
135852455
135854326
135855632
1358562466
135856485
135857279
135857368
135857457
1358576742
1358598177
13586030X
135861853
135862787
1358677301
135870011
1358716951
1358720436
1358734623
1358735247
135873746
1358741182
1358749345
135877652
135884357
1358861633
1358863334
1358887179
1358893306
1358893470
135889634
135890748
135891035
135894891
135896495
1358965102
135897092
135898234
1359010661
135902835
13590501X
135905087
135908663
135908779
135909112
135909252
135911400
135911818
135914744
135914841
13591647X
135916488
135918529
135920612
135921287
13592202X
135923247
135923697
135924499
1359295283
135937515
135937930
135938120
135941113
135941695
135941725
135941768
135941776
135941792
135942764
135944155
135944171
135944511
135944910
1359450300
135945445
135945593
1359494596
135950570
135950708
135951437
135952174
135954703
135956579
1359573968
1359586652
135958814
135960215
135961254
13596248X
13596668X
13596931X
135972027
1359720715
135976839
135980445
135981085
135981794
135982340
135984629
1359874755
135987679
13598842X
135988527
135989760
1359899219
135990459
135998948
136001149
13600167X
136003702
136011888
136012965
136013449
136014526
13601478X
136016847
136021174
136022545
1360237925
1360248137
136026478
136029604
136029701
136029744
136029787
136029868
1360332952
1360333924
136033881
136035035
1360352406
136035400X
1360354972
1360357920
1360358315
136036228
136044255
1360457992
1360468315
136047580
136048196
1360487247
1360490124
1360495010
136049575
1360498427
136050328
136050441
136052967
136054269
136059384
136060021
136060463
136061001
136061729
1360653961
136065627
136067271
13606860X
136069878
136070043
136071783
136078737
13608043X
136080952
136083331
136083757
136084095
1360853685
136085911
136090508
136090796
136094031
136095852
13609967X
136107087
136109128
136110126
136110428
136115519
136121101
136121454
136122450
136123643
13612691X
136127584
136130305
136130542
136131832
136132642
13613498X
136135021
1361370017
136138509X
136138683
1361389133
136139175
1361394803
1361395311
1361396504
1361396628
136139906
136140351
136140971
136142125
136142397
136147577
136147984
1361496630
1361501669
136151663
136155669
136157025
136158714
136161219
136167306
136167713
136167969
136168213
136168299
136168434
136168515
136168612
136169228
136171680
136172946
136177824
13617826X
136180426
136181295
136181449
136186106
136187277
136189563
136191541
136191754
136191819
136191851
13619267X
136193617
136194788
136194850
136194974
136195083
136195229
13619530X
136195601
136196950
136197582
136198074
1361996137
1361999047
136201180
136201334
136201814
136202268
136206654
13620693X
13620743X
136209165
1362108170
1362226106
136224369
136226450
136230563
1362342998
136236715
136238386
13623853X
136239293
136241905
136244394
136244750
136247474
136250289
136252311
13625540X
136255566
136255612
13625666X
136258077
136258840
136259340
136260055
136262457
13626266X
1362660329
1362704121
136270417
136271308
1362717045
1362718009
1362725455
1362740934
1362746959
136275869
136276342
1362794007
136279538
1362804843
136281257
136283012
136284043
1362864404
136289126
136289657
136290299
136295010
136295347
136297218
136301002
136303366
136303447
13630379X
136305687
1363086588
136316352
136316573
136316646
136317111
136317189
136326358
136326420
136327133
1363327429
1363329081
1363339982
13633668X
136338186
136338836
136338887
136344313
136347681
136350003
136350194
136350208
136352715
136353827
136353894
136355560
136356184
136356338
136359418
136360769
136363040
136371329
136373488
1363736884
1363740652
136376851
136379672
136382762
136384013
136387853
136388310
136390323
1363926934
136392903
136393349
1363933922
136395570
1364001306
1364005220
136405746
136408273
1364088495
1364090643
1364106906
1364149907
136415059
1364150786
1364166208
1364166771
1364176653
1364182041
136418988
136420869
136423507
13642502X
1364329549
136434584
136435467
13643746X
136440428
13644444X
13644766X
136449484
136452434
136454577
136459668
13646078X
136462375
136466117
13646646X
136469345
136469434
1364714027
136471838
1364730561
1364730626
136474179
136475825
136479901
136480721
13648073X
1364852683
1364862875
136487629
136487815
1364888335
136491189
136497039
1364978318
136497892X
1365005100
136502458
1365079813
136512534
136520464
136525946
136527205
136537162
136537170
136543537
136544894
136551793
136553613
1365565661
136556604
136558739
136560784
136561713
136561780
136561853
136562264
136562655
136565131
13657212X
136573746
1365762335
136577903
136578470
136578551
136579078
136579736
1365817210
136584748
136587607
136588271
1365907848
136591841
136592120
136598412
136599397
136599419
136601952
136604633
136605486
1366064003
1366066715
1366079396
1366088379
1366094115
136609963X
136610374
136610897
136611125
1366149343
136618064X
136619150
136622763
136623794
136624057
13662409X
136629458
136631355
136631509
1366315227
1366318587
136632777
1366332814
1366334647
136633889
136638775
1366405471
1366408624
1366412036
136643000
136646360
136648045
136648185
136648215
136648533
1366498178
136660223
136661807
136668569
136668623
136669654
136670741
136672035
136672914
136674240
136676928
136677398
1366809262
136683355
136683932
136686222
136686281
13668632X
136687997
136688160
136688780
136690365X
1366907396
1366912470
1366916832
136691998X
136692095
1366925645
136694586
136699693
1367026865
136702740
13670347X
136703771
136704026
13670431X
1367048486
136705871
136707661
136708161
136708218
136709036
136709435
13670946X
136712169
136715389
136720854
136721966
1367226899
1367229219
1367236541
136723829
136723934
136723950
136724167
136724361
136724396
136724442
136724485
136727344
136727611X
136731813
136735274
136739091
136739105
136740685
136741339
136742238
136744508
136745490
136749534
136750702
1367531292
1367538440
136755429
136756662
136756743
136757332
136757383
136757421
1367650941
136766900
1367745063
136778321
136778518
136778879
136779301
136786413
1367880165
136788998
13679209X
136792774
136793517
1368025781
136803280X
136805884
136811779
136826253
136827268
1368284671
136832150X
136832180
136832873
136832954
136833055
136835074
136836186
136842372
136843980
136845142
136846998
1368486584
136848901X
136849067
1368510035
136855407
136857388
1368618243
1368644376
136864511
1368645356
1368646832
136868134
136868347
136868568
136874983
136875130
1368763936
136886302
136892035
136893147
136898068
136899439
13690002X
136900577
13690159X
136906583
136906656
136907121
136908128
136908497
136910114
136911323
136912133
13691344X
136913814
136914748
136920829
136926797
136926916
136927556
136936490
13693837X
136938973
136939775
136942601
136943926
136950337
13695071X
136960219
136962785
136963455
136965180
136970443
136972357
136976611
13697726X
136977383
136977391
1369793596
1369812558
1369814119
1369832826
1369833555
1369845480
136986994
136991564
136991998
1369920067
136992013
136992021
136992108X
13699282X
13699542X
137000707
137010109
137010494
137010672
137010788
137011156
137011296
137011687
137011814
137013841
137014554
1370151020
137015380
137015852
137020260
137020570
1370205732
1370222203
13702651X
13702939X
1370319398
1370324383
1370327765
1370331053
1370332106
137034695
137037538
1370401795
1370417705
137041802
137043430
1370520549
137052189
1370528000
137052995
137054645
137056370
137057156
13705727X
137057679
137057954
137058020
137058101
1370644035
137067437
137068360
137071922
137072007
137072112
13707302X
137073062
137073127
137073216
137073275
137073380
137075960
137076029
13707767X
137078354X
137079931
137082452
137083238
137086318
13709048X
137094078
137095740
137095910
1370962991
1370963513
137097263
137097565
137101805
137106505
137106587X
1371078165
137124937
1371252408
137125291
137126700
1371288615
137128878
1371291608
1371296715
137140584
137148208
1371487804
1371490511
137154089
1371546339
137154690
137155018
137155107
1371567603
137168551
13716999X
1371737177
137180357
137181116
137181736
137181868
137182007
137182333
137182511
13718252X
137183267
137183607
137184018
137184093
137187262
137188498
137190050
13719014X
137196512
13719899X
137199147
137199384
137200250
13720065X
1372112731
137211937
137213395
1372205802
1372207937
1372219765
137222602
137231865
137238711
137240163
1372416234
137243545
137243693
137244045
13724486X
137246900
13724763X
137247923
137249713
1372575049
137257597
1372590234
1372596690
137259670
1372596704
137261225
137262833
137263066
137263082
137263104
137265557
137267533
137268211
137268238
1372763120
137286236
137286341
137286511
137286635
137286740
137290276
137291620
137293240
1372948430
137295421
137307837
137310722
137311699
1373134003
137315066
13731521X
13731759X
137318073
1373181613
137319614
1373197498
137320205
137320531
137321465
137321880
13732197X
137323298
137323840
137323980
137324529
137326173
137331142
137331428
1373326158
137335512
137336799
1373391618
137343515
137349017
137349335
137352409
137354355
137359144
137362102
13736248X
13736251X
137362595
13736265X
137362781
13736282X
1373639334
13736590X
137368100
1373718528
1373719060
137372302
1373735619
1373751010
1373822376
137383398X
1373838027
137385048
137385196
137388942
137389221
137390815
137394934
137396953
137401701
137403895
137406991
137412711
137415451
137423101
137423152
137429487
137435169
137436319
137436947
137437552
1374407771
137444389
1374447005
137446934
137449569
137451598
13745516X
137456964
13746861X
137473427
13747475X
137475128
137475195
13747671X
137477988
1374786667
1374787000
1374799165
137480202
1374803057
1374808407
137490011
137492200
137492472
137493762
137494696
137502249
137507410
137507720
137507925
137508182
137508433
137508492
137508662
1375089196
137509677X
137509782
137511086
137516304
137516436
137525443
1375260723
1375263188
1375267175
137527764
137528000
137531311
1375340778
137538944
1375518909
1375535021
1375539191
1375555367
1375620606
1375622900
1375629395
137564565X
137564775
137565895
137566042
137571208
137571216
137572972
137580894
137582234
1375857363
1375872583
137588720
137588828
13758959X
137589786
137590121
137592485
137593198
137593929
137594658
1375947532
137594828
137594909
137594968
1375964127
137596863
137596936
137597307X
137598084
137598645
137598882
137602332
13760310X
1376058316
1376058529
137606214
137607652
137613520
137614306
1376150239
137619219
137619618
137620306
137624158
137625936
137626142
13763238X
137632592
137633947
137640781
137644426
137645252
1376492121
137655029
137655053
1376563177
137657137
137657374
137657845X
1376590409
1376596539
137661002
137661495
137663307
137683944
137690487
137701799
137708882
1377116034
137711689
1377129381
137714394
137716397
137716524
137717067
137717350
137717458
137717563
137717822
137717989
137718322
137718454
137718594
137721528
1377218325
137723679
137727607
13772943X
137733224
1377338487
137734921
137735294
137737092
137751109
137754434
1377550273
137759010
137764243
137765010
1377723127
1377734137
137775202
137776624
1377792625
1377805166
137780643X
1377807029
137781490
13778158X
1377823504
1377877507
137791917
137799936X
137805373
137807074
1378076001
137808607
137818645
137819897
137827784
137830971
137831021
1378370058
1378374215
137840039
137842619
137843119
137845685
137848285
137848897
1378503643
1378511824
137853874
13785448X
137854781
137854838
137854897
137855028
137855273
137858566
13786079X
1378608798
137862121
137862989
137863608
137866402
137867174
137873050
137875835
137876513
137877390
137877722
137878664
137878680
137878834
1378849485
137886462
1378907868
1378912527
137896336
137897251
1379006929
137900988
1379097452
137910479
1379112524
1379117216
137913923
137917163
137923155
137928777
137938039
137939043
137939078
137939582
137939728
137946224X
137947186
137947518
1379477700
137949839
1379553067
1379562384
137956630
137957068
137957351
137959354
137967683
1379687004
137969023
1379701988
137975996
137978171X
1379788900
137980205
137982003
137982895
137989938
137993706
13799480X
137997698
13799883X
1379994292
138004196
138004420
1380099579
138010999X
138012636
138013160
13801454X
138014744
13801633X
138016844
138020965
1380214580
1380228875
13802328X
138023697
138027625
138029040
1380301890
138032777
138042977
138058644
138059675
138059764
138059837
138060045
1380608414
1380621712
138062315
138064253
1380688647
138069239
1380703123
1380704820
138070709
1380707455
1380707714
1380708060
1380718279
13807559X
138079226
138080410
13808601X
138088446
138089728
1380905052
1380905583
1380905680
1380922054
138095639
138105154
138105480
138105839
1381061850
138110255
138116423
138116938
1381181090
138120382
138120684
138123683
138123977
138125317
138127271
138128162
138131457
138132305
13813264X
138132828
138135851
138136173
1381384838
1381388027
1381397123
138144990
1381487882
1381509673
138158118
138159106
1381593089
138159416
138159793
138161275
1381617972
138173451
13817797X
138183201
138183694
13818562X
138193533
13819386X
138198357X
1381984673
138199302
138199507
1381997589
138210926
1382110723
138211086
138211094
138211531
138212112
138212503
138213798
13821588X
138219109
1382207891
138222053
138226458
138231621
1382412150
138242100
138242879
1382433956
138255369
138257477
138261229
138261873
138267677
138269475
13827116X
138274215
138279586
138279624
138280754
1382829949
1382934831
138312222
1383192383
1383202508
1383208441
138325227
138328234
138330301
138333734
1383383944
138338574
1383387214
1383389322
138340501
1383502854
138353778
138358273
138360979
138362998
138364346
138369690
1383717389
1383718180
1383727341
1383738602
1383739978
138374058
138381917
1383822344
13838245X
1383846553
138387141
1383940517
1383942609
138399263
138401225
13840531X
1384054588
1384057331
138407320
138407630
138407649
138409811
138410216
138412731
138413568
13841422X
138414297
138414335
138415110
138415440X
138417725
1384181083
13841937X
138425655
138425876
138426414
138435820
138435863
138439567
1384468358
138449678
1384503374
1384504133
1384505849
138456100
138457913
1384584927
13845972X
138459754
138460949
138468141
138468621
1384737936
1384751599
1384822232
138485887
138486131
138490538
138490899
138494517
138497028
138497524
138497680
138497745
138498776
138499047
138507937
138508143
138509514
138511705
138511756
138511888
138512876
138513155
138513929
13851433X
138514941
138515166
138515336
138515743
138517770
138526656
13852677X
138526885
138527229
138527342
138527687
138527989
138529981
138532656
138532761
138536546
138538654
138539146
138539197
138550913
138552932
138553343
138553823
138556903
138563829
138564795
138566941
138572461
138574588
138576866
138579067
138582548
138589251X
1385913673
138598045
138599041
138602220
1386156787
1386166170
138617007
138617163
1386192988
1386201316
1386202290
1386284637
138632227
138639523
138640181
138640483
138642435
138642532
138642737
138642826
138642907
138643350
138643466
138643512
138643571
138643644
138643881
138644683
138644748
138644802
138644977
138645000
138645035
138645108
138645175
138645256
138645558
138645647
13864571X
138645876
138647844
1386483095
138650136
138652147
138653410
138654212
1386567094
1386578800
1386597449
138662177
13866224X
13866238X
1386679925
138668922X
1386691607
1386696978
138674418
138674493
138675023
138675155
1386803537
138681058
1386818623
138687048
138689296
13869379X
138696306
138697310
138701660
138706719
138708509
138709130
13871097X
13871133X
138711348
13871150X
138712905
138712921
138718334
138718717
138718857
138718962
138719217
138720320
138721084
138721297
1387225375
138723567
138724539
13872492X
138725349
138725780
138726108
138726345
138728151
138733767X
138737258
138738408
138738475
138739870
138742111
138742820
138744998
138749965
13875148X
138755426
138759677
138765111
138765146
138767408
138769915
13877126X
138771448
138771758
138772010
138774919
1387778293
138779139
138780072
138790914
138791562
138794804
1387968769
1387970348
1387971123
138803994
138804583
138804982
138806411
1388065169
138809836
138820082
1388205114
138821682
138822030X
138822336
1388234718
1388234769
138825114
1388301377
1388308444
138831270
1388317346
138831793
1388324326
1388340577
138834148
138837287
13883766X
13884397X
138846065
138847150
1388473321
1388478528
138848300
138850291
138852839
138855838
138855889
13885601X
138859396
138863377
138865876
138865914
138875150X
1388756927
1388758008
138875942X
138876266
1388769808
138882894
1388844842
1388846470
1388852004
1388859491
138903034
138903123
138903220
138903387
138904170
1389045854
1389047628
1389058476
138909172
1389133346
138919623
138922101
138924619
138924821
1389335747
138935606X
138936765
138938113
138939284
138939861
1389399370
1389401464
1389426122
138942846
138944172
138949492
138950660
1389509621
138952698
1389527220
1389527727
1389527980
1389528464
138953511
138962790
138964521
138968403
138974888
138979596
1389806235
138984425
138985278
138993572
138995869
138997039
138997306
138997608
138999821
139000240
139001247
139003991
139007105
139008411
139010270
139010874
139012230
139012400
139014462
139014691
1390155706
139017216
139018328
139019154
139021043
139021728
139025634
139025820
139026398
139034536
139035060
139035923
139035966
139039538
139041931
139043853
139045163
1390492982
139052089
139056599
139056661
139057242
139057358
139057609
139057854
139057889
139057935
139058303
1390611507
139061312
139064184
1390735001
139074449
139082506
1390843912
139088881
139089926
139092447
139094733
139094962
139096493
139101128
13910173X
139101802
139102450
139103996
139107622
139109021
139109366
139109846
139110186
139110895
139115269
139115285
139115390
139115420
139115544
139115900
139116184
139116370
139117245
1391175441
139126120
139130810
139131639
139133232
139134042
139134980
1391363108
1391370368
1391375726
139137599
13914014X
139140417
139141367
13914370X
139146601
139146628
139147810
1391478320
139147934
1391503236
139150741X
139163107
139168788
139171622
1391728610
139178104
139178430
13917866X
13917883X
1391804058
139181652
139183124
139183159
139189785
1391930150
1391930223
1391931033
1391931084
1391940040
139196838
139199330
139203338
139204679
139207473
139207708
139208240
139210083
139210539
139210555
139214208
139217266
139217649
139220925
139224068
139224165
1392247349
1392253993
139225455
139225773
139232702
139235086
139237585
139238794
139241965
139245073
1392467209
13925160X
139251987
139252029
139252789
139253084
139253262
1392547830
1392557399
1392557410
139261745
139263462
139263659
139264299
139264493
1392658810
139266313
139270574
139273255
1392745462
139276645
1392838606
1392842832
139286268
139288112
139292438
139295836
139300325
139303049
139309616
1393101674
1393110592
139315071
1393186653
1393208177
139321225
139321489
139321802
13933128X
1393317634
1393325386
139335900
139338357
1393398030
1393399029
1393410898
1393416683
1393493416
139351027
139352589
139354611
13935641X
139357386
139358625
139360859
139363300
139363394
139368213
139370285
139370439
139371958
139372067
13937213X
139372490
139372539
139377395
1393786936
1393795188
13938233X
139385274
1393901735
1393910513
1393910556
139397523
1393997686
1394011237
139401970X
1394030266
139405704
139407448
1394144466
139420215
139420606
1394235372
1394245750
139425942
139426817
139428143
139432035
139442200
139442642
139442871
139443037
1394447736
1394464266
1394473893
139459537
139459626
139459758
139459855
139460055
139460438
139460535
139460659
139460837
139460969
139461116
139461221
139461264
1394613628
139461604
1394623925
139464441
139464751
139467521
139467785
139469877
139470956
139471162
13947143X
139474711X
1394750285
1394752032
1394767749
139476970
13947921X
139480382
139480900
139481923
139485287
139489754
139490566
139490612
13949314X
1394938233
139494219
1394967772
139503625
139504869
139513892
139515356
139519386
139520511
139521275
13952780X
139528652
139535241
139538461
139538526
139538569
139538704
139538852
139538992
139539298
139540849
139542981
139555811
139556400
139561951
139562079
139562656
1395718547
139577440
139577998
139579095
139580069
139582347
139582967
139584404
139584943
139589643
139592318
139593047
139593853
139607978
139610081
139610464
139612815
1396130748
13961401X
139615563
139617779
1396222391
1396227156
139623310
139623337
1396235922
139626409
139628029
139629092
13963584X
139637656
139643281
139643370
139643451
139643567
139647171
139647716
139652566
139654674
139657185
139658076
139661468
139663029
139668136
139670025
139677852
1396784284
139680675
139685995
139686827
1396874372
1396886311
1396887601
1396907327
139691162
139692177
13969577X
139696490
139699813
1397014059
139701587X
139709347
139711767
1397122870
139712615
139715320
1397226730
139722726
1397240938
139729615
139729852
139730052
139735801
139736832
1397435186
1397442905
1397456175
139746420
139746714
13974763X
139747885
139750045
139751807
139752491X
139753273
1397539828
139756027
13975976X
13976030X
139760695
139761357
139764356
139765522
1397668636
139773487
139773908
139776311
1397792175
13978182X
1397826908
139782702
1397830514
139783296
139783393
139783741
139783814
139784055
139785361
139786732
139786929
139789464
139792449
139793801
139794107
13979977X
139800980
139803343
139803807
139806377
1398072044
13980756X
139808116
139809678
139810811
139810927
139811125
139811974
139813780
139814574
139815260
1398154040
139816917
139819584
1398201499
139820833
139835695
139839232
1398400254
1398400394
139840745
1398407453
1398426431
1398429279
139843450
139848312
13985374X
139854290
139855491
139855580
139855777
139860525
139863095
139864156
139869824
139870539
1398711411
1398713104
1398713929
139879358
139880666
139883282
139883355
139883789
139883843
139886451
139888667
139896139
1398982709
139898352
139902422
139902562
139903399
139905227
13990588X
139909443
139912029
139912495
139914447
139917853
139924965
139928804
139934529
139935525
139936173
1399410903
139941592
139941843
1399455389
1399458868
1399533940
1399536192
139956654
139956867
139957839
139958223
139959319
1399650289
1399655035
1399656147
1399673025
139973834
139980806
139981772
13998223X
139982272
139990747
139992065
139996982
14000274X
140002782
140003304
1400076072
1400083222
140013571
140017593
140035095
140039066
140051821
140052755
140056947
1400674190
14006866X
140076905
1400770076
1400807743
140081507X
14008214X
140089624
140089946X
140093346
14009931X
140099778
140100741
140101403
140102507
140104941
140105565
140107789
140107959
140108807
140111832
140112944
140114734
140118918
140119116
1401223648
1401230105
1401233414
1401234445
140124373
140125094
140125329
140125779
140134239
140144684
140144854
140144897
140146008
140147926
140148000
14015292X
1401545440
1401566332
1401572898
1401577598
1401582419
140161961
140163603
140165452
140170693
140170871
140171134
140171304
14017155X
140180125
140182806X
140183752
140187987
140188207
140188231
140188452
1401907954
140192445X
1401933467
1401938884
140195521
140196544
140196617
140196854
140197214
140197222
140197575
1402000472
140200169
1402031106
1402033036
140207759
140207767
140207805
140208712
140209905
1402100485
140210083
140211160
140211292
140212426
140216642
140221840
1402267762
140235272
140236295
1402371349
140237798
14023974X
14024431X
140245154
140246223
1402467974
140249281
1402502281
140250794
1402509316
140253327
140255605
1402558449
140255907
1402571437
140257365
140257985
1402641958
140264841
140265260
140265796X
140266925
140273859
140283269
140283854
140285148
1402890435
140289577
140289909
140290559
140294791
140297383
140297715
1402989164
140299157
140302174
1403046107
14030469X
1403072914
140313745
140316477
14031718X
140317414
1403186081
1403199620
140322116
140324542
1403292035
1403334927
1403338086
140336710
140342079
140343865
140349987
140351205
14035347X
140354891
14036000X
140365826
140365958
1403662398
1403663238
1403665192
140366840X
140367055
140372296
140379355
140379630
1403797080
1403811466
1403816913
140388516
140391541
140392939
140395652
140400559
140401865
140403760
140405437
140405674
140406743
140407049
140408894
140411194
140416188
14042167X
140422390
1404235701
1404266046
1404266739
14042704X
140427619
1404285148
140432590
140432671
14043464X
140434909
140436588
140438149
140438890
140446125
140461310
14046140X
140462945
14046462X
1404666060
1404670114
1404683410
140470700
140471189
140476407
140480897
140485139
14048552X
140487255
140487980
140488308
140496939
140496971
140500537
140505504
140505806
1405075082
140508112
140508295
140519610
140521089
140522409
140523871
140537791
140541799
140544011
140544968
140547010
140549234
140555382
140556753
140557644
140558330
140560483
140564713
140567232
140569480
140569561
140576584
140576967
140577513
140578900
140579400
140579745
140579885
14058014X
140582622
140586016
140587756
140588566
140593594
140600302
14060054X
140600779
140605045
140610375
140611479
140615741
140617094
140617426
140617507
140621938
140625089
140625194
140631046
140632077
140633030
14063360X
140635963
140641920
140643338
140643451
140645861
140646248
14064637X
140646698
140648852
140649738X
140650962
140657657
140659986
140661204
140661751
140672060
140673903
140674799
140686142
140686738
140689664
1406913952
1406927023
1406928798
140693106
1406932272
140694226
140696075
140702431
140702784
140707565
140713573
140713697
140713840
140715630
140717528
140720359
140722246
140723463
140727035
140735054
140739823
140740112
140743421
14074763X
140747842
140757732
140758712
140763236
140769390
140770143
140770577
140771840
140773150
140773932
140782184
140783547
140783814
140788603
140788743
140788964
140789138
140789278
140789464
140791868
140792503
140792783
140792937
140793097
140794727
140794905
14079610X
140797173
14079865X
140801030
140801898
140802355
140802479
140802630
140806121
140807276
140808353
140810455
140810838
140813535
140817891
140824685
140824758
140825797
140832165
140832300
140832521
14083401X
140834826
140836179
140839070
14084113X
140841792
140842454
140847138
140847219
14085391X
140854010
140854576
140862188
140866604
140874941
14087643X
140876774
140878130
140878262
140882863
140893008
140893903
1408951819
1408960435
140898689
140901132
140906762
140909826
140910689
140912096
140916563
14092213X
140922261
140923896
140925864
140926623
14092714X
140937226
14093782X
140937986
140941932
140947116
140962166
140962468
14096763X
14097007X
140972072
140974431
140976450
140977821
140978143
140979611
140979859
140981330
140981411
140983988
140984097
140985220
140986715
140987967
140988076
140988726
140990194
140990577
140991670
140991891
140999663
14100035X
141009551
141012269
141014407
141015756
1410189309
141022639
141024917
141030119
141033894
141044845
141050489
141050640
141054204
141054468
141054522
141054611
141062215
141064153
141069082
141076151
141077247
141081198
141084804
14108605X
141087617
141088206
141088583
14108927X
141091584
141099674
141102500
141102772
141103795
141104414
141106395
14110791X
141108711
141110244
141110325
14111102X
141111194
141112913
141113596
141113960
141114320
14111746X
141118725
14112069X
141121386
14112377X
141123923
141125233
141126108
141126701
141138475
141138890
141138912
141142316
141142839
141147482
141151765
141153652
141155213
141158735
141158808
141158883
141159669
141160667
141162686
141164379
141166711
141167262
1411694015
141169869
141175869
141176458
141180927
141181117
14118132X
14118289X
141187255
141193875
141200413
141200820
141202335
141204311
141204443
141207612
1412083915
141215577
141217855
141220562
141222190
141223758
141224924
141238232
141239271
141239581
141242760
141243465
141243511
1412529204
141255129
141257695
141257792
141266104
141268026
141268654
141268913
141269936
141273496
141275790
141277955
141278331
141290579
1412961742
141296526
141304278
141315466
141316799
141317078
141317639
141317817
141317825
141319410
141320923
14132189X
141322314
141323086
141324058
141324872
141325151
141325259
141325844
141328673
141328959
141329106
141329351
141329556
141331577
141331844
14133195X
141333235
141333391
141334096
141337834
141338989
141339772
141343028
141348054
141348402
141356472
141359498
141359560
141360194
141362944
141364009
141368918
141373865
14137943X
141387629
141393327
141402415
141402873
141403357
141419857
141422106
141422114
141422300
14142284X
141425113
141446692
141448318
141448849
141454075
141454997
1414636350
1414640099
141465816
141466030
141466138
141466170
141466902X
141467118
14146903X
141469714
141470917
141471662
1414803877
141486007
141490489
141490969
141497785
141498048
141501545
141506431
1415066582
141507586
1415100241
141510994
141513454
141514000
141514175
141515848
141515953
141516062
141516275
141516801
141517034
141520965
141521082
141521406
14152183X
141523042
141525770
141535857
141537787
141537841
141538619
141538996
141540974
141541229
141545437
141550147
141551437
141552921
141557087
141561092
14156198X
141562005
14156766X
1415692432
14157917X
141584416
141587180
141587873
141588098
141590467
141593032
141594500
141597976
141602732
1416033009
141604395
141605731
14160588X
141606460
141610190
141611189
141613238
1416165959
141617055
141623667
14162499X
141625694
141626259
141628650
141628901
141629835
141636939
141638508
141639741
141640464
141641290
141641665
141643943
141645806
141646713
141646810
141647132
141648155
141648368
141651962
141653035
141655763
141657006
141661038
1416644946
141670967
141671327
141671408
141671696
141672803
141673923
141674997
1416807993
1416808957
141681330
1416820620
1416823794
141682728
14169131X
141693177
141698659
1417166355
141725508
141729767
141730609
141737018
141739673
141740086
1417401850
141741775
1417420243
141742178
1417422769
1417427205
1417449861
141745894
141746351
141748907
141749083
141749113
141752882
141753021
141753153
141754672
1417558741
141757507
1417575743
1417590513
141761415
141761830
141765402
141765739
141768088
1417699310
14177116X
141774835
141774932
141775114
141775270
141776528
141780827
141782412
141785225
141786388
141788666
141797991
1418010758
141802502
141806559
141808837
1418107263
141812494
1418131067
141816023
141820934
141824646
141825707
141826290
141826517
141826843
141827394
141829664
1418372919
1418395641
14183983X
141839887X
1418408433
141841559
141842695
141844868
1418489298
1418506257
1418516309
1418519243
1418535133
141872225
141888768
141888997
141890134
141890525
141892501
141895640
141896310
1419001655
141914173
141920807
14193655X
141939536X
141939567
141940433
1419413066
141941790
141945524
141947810
141949481
141957611
141957646
141957794
141960124
141964669
141964758
141966149
141974141
141977817
141979801
141985933
141991860
141992190
141996307
14200006X
142001783
142007137
142009814
14201673X
142026123
142026603
142026786
142027731
142031860
14203293X
142032980
142049840
142061301
142067547
142067636
142068373
142075000
142077348
142080039
142080756
142087866
142088390
142088579
142101699
142101710
142103845
142105058
142112828
142113573
142114650
142117986
142122262
142127779
142128082
14213192X
142132047
142137529
142138533
142138649
142139009
142139564
142140538
142142956
14214746X
142151343
142151793
142154121
142157996
142159883
142161535
142168033
14216822X
142169137
142176710
142177288
142177393
142178381
142184837
142184918
142189448
142192988
14219428X
142197173
142198722
142202517
142202649
142203815
142204382
142207640
142224227
142224251
142224294
142228400
142230839
142232769
142232807
142247650
142247677
142252336
142258091
142260975
14226363X
142264458
142264806
142278211
142296708
142303461
142304298
14232003X
14232616X
142326259
14232969X
142337943
142342076
142344834
142344958
142345512
142347876
142348554
142350982
142353272
142356824
142358959
142359912
142361860
142362360
142363081
142379654
142381632
142383899
142384127
14239260X
142392782
142394211
142394742
142406333
142413569
142417238
142421022
142426660
142442240
142447153
142448702
142448915
142452696
142454125
142459445
142459976
142461059
142479764
142481432
142482048
14248377X
142485268
142490296
142491020
142498955
14250226X
142502332
142504122
142504254
142505528
142505781
142505927
142516139
142516163
142522155
142522244
142522430
142522848
142524077
142528250
142530387
142535168
142541338
142545821
142553093
142560782
142560960
142562475
142565369
142566462
142566780
142575372
142588563
142590592
142590800
142598453
142602140
142602663
142603945
142604100
142609323
142611042
142611964
142612820
142613673
142616656
142617946
142618713
142620408
142625019
142628271
142628484
142632368
142637815
142640115
142640972
142644633
142645931
14264613X
142646628
142647683
142651737
142653039
142653136
142653403
142653748
142654949
142659193
14265955X
142661821
142665401
142666297
142666769
142668915
142672483
142677213
142679216
14268290X
142684058
14268564X
142687138
14269455X
142707597
142710164
14271450X
142716782
142722588
14272680X
14272730X
142740098
142747386
14275448X
142758035
142758388
142768154
142769304
142771120
142772704
142772887
142779946
142786446
142792004
142795542
142795704
142798460
142799343
142799815
142808946
142809055
142818763
142820601
142841439
142843326
142847011
142848050
142848778
142852384
142852767
142852902
142853151
142854166
142869198
142869562
142882461
142887617
142887803
142887862
142888311
142889245
142891223
142898783
142898813
142910848
142919039
142919179
142922641
142924245
142937495
142947229
142951315
142952443
142952907
142954764
142956597
142956783
142959154
142959359
142960756
142961019
142961957
142962007
142965456
142966762
142970158
142970441
142974676
142979090
142981192
142982628
142984116
142991775
142992038
142992429
142993158
142994561
143000616
143003259
143005251
143007904
143014153
143024825
143024892
143026321
143032410
143032933
143033166
143040723
143044168
143049062
143049127
143049267
14305192X
143058827
143059475
143059920
143061771
143069225
143071130
143071432
143076957
143079417
143079964
143084488
143086588
143091492
143092162
14309372X
143093894
143096249
143100114
143100394
143105752
143107984
14310957X
143114921
143123459
143123920
143127578
143129848
143130277
143133063
143133829
143137506
143139215
143140612
143148532
143148702
143149393
143149717
143152386
143155245
143159607
143166417
143167065
143168606
143174614
143175580
14318623X
143186531
143186884
143187015
143189093
143189247
14318931X
143189352
143202871
143204009
143205641
143207830
143208136
143208977
143209418
143209590
143210300
143210726
143212435
143212575
143214225
143215418
143217437
143220268
14322039X
143220853
143221825
14322302X
143226436
143236415
143237284
143240579
143246151
14324616X
143248103
143257021
143259415
143259563
143260197
143261231
143261355
143263781
143266624
143269399
143269666
143272586
143284754
143287958
143288075
143289888
143290002
143291513
143291688
143291734
14329220X
143293648
143298771
14329878X
143304127
143306766
143307797
143307940
143309471
14331159X
143315595
14331579X
143316419
143324535
143325353
143327216
143334395
143335391
143336266
143338420
143352377
143362984
143363387
14336376X
143363891
143364146
143364324
143364979
143365355
143366718
143377035
143380680
143386980
143389653
143397206
143397710
143397753
143401793
143402498
143404482
143407104
143407864
143407988
143408321
143409573
143409840
143410318
143410806
143411705
143411721
143415212
143416154
143416847
143422863
143423738
143423878
143426613
143427032
143427458
143430130
14343022X
143430858
143431145
143431242
143432036
143435671
143436058
143436074
14343621X
143436287
143437232
143437410
143437518
143437933
143438026
143438328
143449427
143449710
143452851
143453041
143453580
143454358
143454501
14345644X
143460005
143460625
143460757
14346082X
143461001
143461516
143465384
143465422
143465651
143466682
143468774
143470604
143471139
143472100
143472836
143473514
143474502
143474529
143474766
143476289
143477722
143477854
143478001
143478648
143479512
143480529
14348639X
143487132
143487183
143487426
143488384
143492446
143493264
143493698
143496204
143496573
143497294
143497340
143497863
143499068
143502069
143510312
143512293
143515780
143517007
14351766X
143519840
143523074
14353033X
143532235
143532642
14353274X
143534890
143536265
143536443
143556061
143556789
143557653
143559249
143559508
14356076X
143560999
143563572
143568116
143568337
143574639
143578820
143588869
14359110X
143596187
143596853
143596993
143599305
143600982
143604317
143606794
143609890
143610171
143612948
143614770
143617451
143622129
143625187
143625470
143628542
143628569
14362945X
143629565
143632051
143632310
143632361
143634887
143635387
143637363
143638211
14364162X
143641751
14364341X
143643754
143647512
143649639
143649701
143655515
143656015
143665243
143665332
143669230
143672398
143672878
143674404
143674692
143684590
143689762
14369040X
143691759
143695614
143701002
143701142
143708880
143711407
143713167
143713426
143713620
143720074
143728911
143731386
143734083
143735020
143745336
143748505
143751611
143754742
143755900
143770551
14377901X
143787306
143787411
143788566
143790757
143790935
143791273
143794213
143796631
143796801
143799649
143799843
143799991
143800914
143818147
143818252
143818422
143818597
143818767
143820567
143824236
143825364
143826646
143834274
143834509
143834622
14383472X
143835246
143836390
143837370
143839810
143839926
143840002
143840053
143840215
143840533
143840835
143841017
14384119X
143849247
143851071
143851799
143856952
143857541
143861611
143867695
143867733
143869744
143879936
143884298
14388459X
143885146
143892215
143911015
143916505
143923935
143929305
143932691
143934163
143934392
143944657
143945556
14395184X
14395329X
143957023
143957376
143960601
143964313
143971638
143972790
143975560
143978489
143981277
143981897
143994441
143994778
143995049
143995324
143996126
143996282
143996479
143996630
143997858
14399994X
144003074
144004356
14400819X
144018446
144026368
144037653
144038463
144041715
14404725X
144049201
144052334
144054655
152427198
15243495X
15487003X
159459826
170012417
170039471
170045439
170045676
170085341
170161501
170175804
170214192
170217418
170271579
170279340
17031698X
170426718
170475530
170495469
170554872
170568555
170571742
170588467
170601986
170643697
170675548
170697304
170703991
170707954
170707962
170779734
170814696
170884686
170894266
17093036X
170945669
170976580
171021223
171078330
171078713
171140044
171181042
171193911
171203100
171231945
171234758
17124558X
171257936
171287258
171312023
17132644X
171353633
171361156
171366999
171482212
171553128
171565363
17156975X
171628187
171636112
171659147
171674316
171682831
171711238
171719549
171794028
171895398
171931696
171931793
171931939
17193234X
171932390
171932498
171932560
171932935
171933133
171933532
171933540
171933699
171933850
171933869
171933958
171934628
171935233
171935659
17193590X
171936248
171937228
171937236
171937651
171938100
171938224
171938380
171938402
171938666
171938739
171939050
171939077
171939581
171939743
171940083
171940105
171940148
171940296
171940458
171940466
171940725
171940997
171941098
171941764
171941950
171942396
171942647
17194304X
171943546
171947045
171951581
171953444
171962834
171966252
171983858
171985524
171989074
171989945
171990773
171993438
171996488
171997794
171998022
172006481
172008409
172026717
172037778
172054702
172064481
172064619
172073855
172075408
172091152
172097169
172099773
172111641
17212235X
172122953
172132479
172142407
172142725
17214583X
172156726
172162114
172188490
172190525
172193648
172194970
172207096
172209129
172224772
172227941
172231817
172232643
172240964
172254949
172258634
172260930
172280729
172295580
172297443
172320100
172324203
172329574
172332095
172337070
172339863
17235224X
172357144
172358760
172363926
172364086
172365171
172365279
172386764
172387140
172406285
172407176
172412501
172418097
172438640
172444551
172449243
172465389
172466741
172478642
172507456
172514983
172527902
172535689
172552931
172557372
172602645
172610494
172613019
172635616
17264027X
172660327
172671876
172674840
172676703
17271706X
172735157
172738997
172756103
172758610
172768667
172768861
172773334
172777399
172799740
172847621
172855616
172856485
172878128
172879736
172880599
172890489
17292734X
172928761
17293298X
172950236
17295133X
172954258
172977312
172977754
172979110
172981344
172983258
172998581
173012108
173012353
173014550
173052436
173085075
173102689
173110703
173146902
173179258
173205577
173212913
173216315
173231225
173236723
173255361
173258433
173276474
173279554
173288162
173303315
173325149
173329160
173333362
173345514
17334996X
17335212X
173353991
173359086
173368174
173372694
173390528
17339504X
173406866
173409369
173410308
173423817
173431844
173433081
173441343
173442285
173452205
173474802
173477585
173479723
173487815
173511104
173513808
173562698
173587526
173596053
173601855
173607217
173609570
173620825
173621511
173675700
173692869
173704700
173708188
173733387
173742769
173767249
173791700
173797466
173808905
173815634
173820875
173824285
17382515X
173830501
173853730
173855059
173855342
173855776
17386662X
173867219
173871747
17388654X
173887058
173890539
173891756
173896073
173902707
173911501
173913717
173920896
173924093
173932932
173937292
173938302
173950817
173952348
173954049
173960367
173991424
174000286
174007701
174007795
174008929
174008945
174016514
174017677
174019009
174019114
174048505
17406019X
174068603
17407221X
174073895
174095872
174114052
17411480X
174115415
174116632
174118325
174118570
174122233
174123515
174126050
174127383
174130635
174132301
174132824
174133782
174134274
174134339
174141971
174143877
174144040
174144598
174144636
174144679
174146337
174149514
174152701
174152892
174155425
174155441
174156545
174159714
174161603
174171358
174174888
174177232
174182090
174182155
174182333
174182945
174187610
174194676
174194781
17419935X
174199678
174200579
174201737
17420194X
174202474
174203357
174207727
174208502
174211724
174212836
174215371
174215444
17421586X
174216742
174218974
17422155X
174224990
174225482
17423015X
174230281
174231415
174231512
174231768
17423192X
174233396
174236360
174240155
174240287
174249969
174250509
174251572
17425203X
174252048
174261594
174262426
174263163
174268270
17426898X
174269528
174270402
174275668
174275986
174277547
174279728
174280432
174280769
174280874
174281668
174282567
17428764X
174287755
174289111
174289464
174290985
17429235X
174292643
174296924
174300824
17430093X
174302940
174307748
17431146X
174312385
174312911
174313292
174314485
17431616X
174318561
17431924X
174319665
174322127
17432538X
174325908
174326173
174329334
174335156
174335253
17434080X
174341911
174342195
174342381
174344325
174344783
174346115
174346905
174347251
174355483
174364059
174366280
174366302
174366892
174367546
174368755
174371276
174371993
174374712
174374755
174375549
174375557
174376286
174378599
174380224
17438064X
174386613
174387903
174387962
17438842X
174389647
174389930
174449615
174533853
176916261
188368027
188386092
188390898
188395466
188412816
188429689
188433945
188468285
188477748
188481494
188482911
18940552X
189405538
189405546
189405554
189405562
189405570
189405589
189405597
189405600
189405619
189405627
189405635
189405643
189405651
18940566X
189405678
189405686
189405708
189405716
189405724
189405732
189405740
189405759
189405775
189405783
189405791
189405805
189405813
189405821
18940583X
189405848
189405856
189405864
189405872
189405902
189405910
189405929
189405937
189405953
189405961
189405988
189405996
189406003
189406011
18940602X
189406038
189406046
189406062
189406070
189406089
189406097
189406100
189406135
189406143
189406151
18940616X
189406186
189406194
189406216
189406232
189406240
189406259
189406267
189406275
189406283
189406291
189406305
189406313
189406321
18940633X
189406348
189406372
189406380
189406399
189406402
189406410
189406429
18940647X
189406526
189406593
189406607
189406615
189406631
18940664X
189406666
189406690
189406704
189406712
189406720
189406747
189406755
189406763
189406798
189406801
18940681X
189406828
189406836
189406852
189406860
189406887
189406895
189406909
189406925
189406933
189406941
189406984
189406992
18940700X
189407018
189407026
189407034
189407042
189407050
189407069
189407077
189407085
189407093
189407107
189407115
189407123
189407131
18940714X
189407158
189407166
189407174
189407182
189407190
189407204
189407212
189407220
189407239
189407247
189407255
189407263
189407271
18940728X
189407298
18940731X
189407328
189407336
189407344
189407352
189407360
189407379
189407387
189407409
189407417
189407425
189407441
18940745X
189407468
189407476
189407484
189407492
189407522
189407530
189407557
189407565
189407581
18940762X
189407646
189407654
189407662
189407697
189407700
189407743
18940776X
189407778
189407786
189407808
189407816
189407832
189407840
189407859
189407875
189407883
189407891
189407921
18940793X
189407948
189407956
189407964
189407972
189407980
189407999
189408006
189408014
189408022
189408030
189408049
189408057
189408065
189408081
18940809X
189408103
189408111
18940812X
189408138
189408162
189408170
189408189
189408197
189408219
189408227
189408235
189408243
189408251
189408286
189408294
189408316
189408324
189408332
189408359
189408367
189408375
189408383
189408391
189408413
189408421
189408448
189408464
189408472
189408502
189408510
189408529
189408545
189408553
189408561
189408588
18940860X
189408618
189408626
189408634
189408642
189408650
189408685
189408707
189408715
189408723
189408731
18940874X
189408766
189408774
189408790
189408804
189408820
189408839
189408847
189408855
189408863
189408871
189408898
18940891X
189408928
189408960
189408979
189409002
189409010
189409037
189409045
189409053
189409061
18940907X
189409088
18940910X
189409126
189409142
189409150
189409169
189409177
189409185
189409207
189409215
189409223
189409231
18940924X
189409258
189409290
189409312
189409320
189409355
189409363
189409371
18940941X
189409428
189409436
189409444
189409452
189409479
189409487
189409495
189409509
189409541
18940955X
189409568
189409576
189409584
189409592
189409614
189409630
189409649
189409657
189409665
189409673
189409681
189409703
189409711
18940972X
189409738
189409746
189409754
189409762
189409770
189409789
189409797
189409800
189409827
189409835
189409843
189409851
18940986X
189409878
189409886
189409894
189409908
189409916
189409932
189409959
189409967
189409991
189410000
189410027
189410035
189410043
189410051
18941006X
189410078
189410108
189410116
189410132
189410140
189410159
189410167
189410205
189410213
189410221
18941023X
189410248
189410264
189410272
189410302
189410310
189410345
189410388
189410396
18941040X
189410418
189410426
189410434
189410442
189410469
189410477
189410485
189410493
189410523
189410531
18941054X
189410566
189410574
189410582
189410604
189410612
189410620
189410639
189410647
189410663
18941068X
189410701
189410728
189410752
189410760
189410787
189410795
189410825
189410841
18941085X
189410892
189410906
189410922
189410930
189410957
189410973
189410981
189411031
18941104X
189411058
189411066
189411104
189411120
189411139
189411147
189411155
189411163
189411171
18941118X
189411198
189411228
189411244
189411260
189411279
189411287
189411295
189411309
189411325
189411333
189411341
18941135X
189411368
189411384
189411392
189411406
189411414
189411430
189411449
189411465
189411481
18941149X
189411503
189411511
18941152X
189411538
189411546
189411554
189411589
189411597
189411600
189411619
189411635
189411643
189411651
18941166X
189411678
189411694
189411708
189411716
189411724
189411732
189411740
189411759
189411767
189411775
189411783
189411791
189411813
189411821
18941183X
189411864
189411872
189411880
189411899
189411902
189411910
189411929
189411961
18941197X
189411988
189411996
189412003
189412011
18941202X
189412038
189412046
189412054
189412062
189412097
189412119
189412127
189412135
189412151
18941216X
189412186
189412194
189412208
189412224
189412232
189412240
189412259
189412267
189412305
189412313
189412321
189412364
189412399
189412402
189412410
189412429
189412437
189412445
189412453
18941247X
189412488
18941250X
189412518
189412526
189412534
189412542
189412550
189412569
189412577
189412593
189412607
189412615
189412623
189412631
189412658
189412666
189412682
189412704
189412712
189412720
189412747
189412755
189412763
189412771
18941278X
189412798
189412801
18941281X
189412828
189412860
189412879
189412887
189412895
189412909
189412917
189412925
189412933
189412941
189412968
189412976
189412984
18941300X
189413018
189413026
189413034
189413042
189413050
189413077
189413093
189413107
189413115
189413123
189413131
18941314X
189413158
189413166
189413174
189413182
189413190
189413204
189413212
189413220
189413239
189413255
189413271
18941328X
189413298
189413301
18941331X
189413328
189413336
189413344
189413352
189413360
189413387
189413395
189413409
189413417
189413433
189413441
18941345X
189413468
189413476
189413484
189413492
189413506
189413514
189413522
189413530
189413557
189413573
18941359X
189413603
189413611
18941362X
189413638
189413646
189413654
189413662
189413670
189413689
189413700
189413727
189413735
189413743
189413751
18941376X
189413778
189413786
189413794
189413808
189413816
189413824
189413832
189413840
189413875
189413883
189413891
189413905
189413913
189413921
18941393X
189413948
189413956
189413964
189413972
189413980
189413999
189414006
189414014
189414022
189414030
189414049
189414057
189414065
189414073
18941409X
189414103
189414111
18941412X
189414138
189414146
189414154
189414170
189414189
189414197
189414219
189414235
189414243
189414251
18941426X
189414278
189414286
189414308
189414316
189414324
189414332
189414340
189414367
189414375
189414383
189414391
189414421
18941443X
189414456
189414464
189414472
189414480
189414499
189414502
189414529
189414545
189414553
18941457X
18941460X
189414618
189414626
189414634
189414669
189414677
189414693
189414707
189414723
189414731
189414812
189414820
189414871
189414898
189414901
189414952
189414960
189414979
189414987
189414995
189415002
189415029
189415037
189415045
189415053
189415061
18941507X
189415118
189415126
189415150
189415169
189415177
189415223
189415231
189415266
189415312
189415320
189415355
189415371
189415398
189415401
189415452
189415460
189415487
189415495
189415517
189415533
189415541
18941555X
189415568
189415592
189415606
189415649
189415657
189415665
189415703
189415711
18941572X
189415738
189415746
189415754
189415770
189415789
189415835
189415843
189415851
189415886
189415916
189415932
189415959
189415967
189415991
189416009
189416017
189416025
189416033
189416041
18941605X
189416068
189416084
189416149
189416165
189416173
189416181
189416203
189416211
18941622X
189416238
189416246
189416254
189416270
189416289
189416319
189416335
189416343
189416351
189416378
189416386
189416408
189416416
189416424
189416432
189416440
189416459
189416467
189416475
189416513
189416521
189416548
189416556
189416564
189416602
189416645
189416653
189416696
189416726
189416742
189416769
189416777
189416793
189416807
18941684X
189416882
189416890
189416904
189416920
189416947
189416955
189416963
189416971
18941698X
189417005
189417013
189417021
18941703X
189417048
189417056
189417064
189417099
189417102
189417110
189417137
189417145
189417161
18941717X
189417188
18941720X
189417242
189417250
189417269
189417277
189417315
189417331
189417358
189417366
189417374
189417404
189417420
189417439
189417463
189417471
18941748X
189417498
189417501
18941751X
189417528
189417560
189417587
189417609
189417617
189417625
18941765X
189417676
189417684
189417714
189417749
189417781
18941779X
189417803
189417838
189417846
189417870
189417919
189417927
189417935
189417951
18941796X
189417978
189417986
189417994
189418001
189418028
189418036
189418044
189418052
189418060
189418079
189418095
189418109
189418133
189418141
189418168
189418206
189418222
189418230
189418249
189418257
189418265
189418273
189418281
18941829X
189418303
189418311
189418338
189418346
189418354
189418362
189418370
189418389
189418397
189418419
189418427
189418435
189418443
189418451
189418486
189418508
189418516
189418532
189418540
189418567
189418575
189418583
189418591
189418605
189418648
189418656
189418664
189418672
189418680
189418699
189418702
189418710
189418729
189418737
189418761
18941877X
189418788
18941880X
189418818
189418826
189418834
189418842
189418850
189418869
189418877
189418885
189418915
189418931
18941894X
189418966
189418974
189418982
189418990
189419008
189419016
189419024
189419040
189419067
189419075
189419083
189419091
189419105
189419113
18941913X
189419148
189419164
189419180
189419199
189419237
189419253
189419261
18941930X
189419318
189419326
189419334
189419342
189419350
189419369
189419377
189419393
189419415
189419423
189419431
18941944X
189419458
189419466
189419474
189419482
189419490
189419504
189419520
189419547
189419555
189419563
189419571
18941958X
189419598
189419601
18941961X
189419628
189419636
189419644
189419652
189419660
189419679
189419687
189419695
189419717
189419725
189419741
18941975X
189419768
189419776
189419784
189419792
189419806
189419814
189419822
189419830
189419849
189419857
189419865
189419873
189419881
189419911
18941992X
189419946
189419954
189419970
189419997
189420014
189420030
189420049
189420057
189420065
189420073
189420081
189420111
189420138
189420146
189420154
189420162
189420170
189420189
189420200
189420219
189420235
189420243
189420251
189420286
189420308
189420332
189420340
189420359
189420375
189420383
189420391
189420413
189420421
18942043X
189420448
189420456
189420464
189420472
189420480
189420499
189420502
189420510
189420529
189420537
189420545
189420553
189420588
189420596
189420626
189420642
189420650
189420669
189420677
189420707
189420731
18942074X
189420758
189420766
189420774
189420782
189420790
189420804
189420812
189420820
189420839
189420847
189420871
189420898
189420901
18942091X
189420928
189420936
189420944
189420952
189420960
189420979
189420995
189421010
189421045
189421053
189421061
18942107X
189421088
189421096
18942110X
189421118
189421126
189421134
189421142
189421169
189421177
189421185
189421193
189421207
189421215
189421223
189421231
18942124X
189421258
189421266
189421282
189421290
189421312
189421320
189421339
189421347
189421355
18942138X
189421398
189421401
18942141X
189421428
189421444
189421452
189421487
189421509
189421517
189421525
189421533
189421541
18942155X
189421568
189421576
189421584
189421592
189421606
189421614
189421630
189421657
189421673
189421681
189421703
189421711
1894217110
18942172X
189421738
189421754
189421762
189421789
189421797
189421800
189421819
189421827
189421835
189421843
189421851
18942186X
189421894
189421908
189421916
189421924
189421932
189421940
189421959
189421967
189421975
189421983
189421991
189422009
189422017
189422025
189422033
189422041
18942205X
189422068
189422076
189422092
189422114
189422122
189422149
189422157
189422165
189422181
189422211
18942222X
189422238
189422254
189422262
189422270
189422289
189422297
189422300
189422319
189422343
189422351
189422378
189422386
189422394
189422408
189422416
189422424
189422432
189422440
189422459
189422475
189422483
189422491
189422505
189422513
189422521
18942253X
189422548
189422556
189422572
189422580
189422599
189422610
189422661
18942267X
189422718
189422734
189422742
189422750
189422769
189422777
189422785
189422793
189422807
189422815
189422823
189422831
18942284X
189422858
189422866
189422874
189422882
189422904
189422912
189422920
189422939
189422947
189422955
189422971
18942298X
189422998
189423005
189423013
189423021
189423048
189423064
189423072
189423102
189423110
189423137
189423145
189423153
189423161
18942317X
189423188
18942320X
189423226
189423234
189423242
189423293
189423315
189423323
189423331
18942334X
189423358
189423366
189423374
189423382
189423390
189423404
189423412
189423439
189423447
189423455
189423463
189423471
18942348X
189423498
189423528
189423536
189423544
189423560
189423579
189423587
189423625
189423633
189423641
189423668
189423684
189423706
189423714
189423722
189423730
189423749
189423757
189423765
189423773
189423781
18942379X
189423803
18942382X
189423838
189423846
189423854
189423870
189423897
189423900
189423927
189423935
189423943
18942396X
189423978
189423986
189423994
189424001
18942401X
189424028
189424044
189424052
189424060
189424079
189424087
189424095
189424109
189424117
189424125
189424133
18942415X
189424168
189424184
189424192
189424206
189424214
189424222
189424230
189424249
189424265
189424281
18942429X
189424303
189424311
18942432X
189424338
189424346
189424354
189424370
189424389
189424397
189424400
189424419
189424427
189424435
189424451
18942446X
189424478
189424486
189424494
189424508
189424516
189424524
189424540
189424559
189424567
189424575
189424583
189424591
189424605
189424613
189424621
18942463X
189424648
189424656
189424664
189424672
189424680
189424699
189424702
189424729
189424745
189424753
189424761
18942477X
189424788
189424796
189424826
189424842
189424850
189424869
189424931
18942494X
189424958
189424982
189425008
189425032
189425040
189425059
189425105
189425121
18942513X
189425148
189425156
189425172
189425180
189425199
189425202
189425210
189425229
189425237
189425245
189425253
189425261
18942527X
189425288
189425296
18942530X
189425318
189425326
189425334
189425350
189425377
189425385
189425393
189425423
189425512
189425520
189425547
189425555
189425563
18942558X
189425598
189425601
18942561X
189425628
189425636
189425644
189425660
189425679
189425687
189425695
189425709
189425717
189425725
189425733
189425741
18942575X
189425768
189425776
189425784
189425792
189425806
189425822
189425849
189425857
189425865
189425873
189425903
189425911
189425938
189426004
189426012
189426047
189426055
189426063
189426071
18942608X
189426098
189426101
18942611X
189426128
189426136
189426144
189426152
189426160
189426179
189426187
189426195
189426209
189426217
189426225
189426233
189426241
18942625X
189426268
189426276
189426284
189426292
189426330
189426357
189426365
189426373
189426381
18942639X
189426411
189426438
189426446
189426454
189426462
189426489
189426497
189426519
189426527
189426535
189426543
189426551
18942656X
189426578
189426586
189426594
189426608
189426616
189426624
189426632
189426659
189426667
189426683
189426691
189426705
189426713
189426721
18942673X
189426748
189426764
189426772
189426780
189426799
189426802
189426810
189426829
189426837
189426845
189426853
189426861
18942687X
189426888
189426896
18942690X
189426926
189426942
189426950
189426969
189426993
189427000
189427019
189427043
18942706X
189427078
189427094
189427116
189427124
189427140
189427159
189427175
189427183
189427191
189427205
189427213
189427221
18942723X
189427248
189427256
189427302
189427310
189427329
189427337
189427345
189427353
189427361
189427388
189427396
18942740X
189427418
189427442
189427450
189427469
189427477
189427485
189427515
189427523
189427531
18942754X
189427558
189427574
189427590
189427612
189427620
189427639
189427647
189427663
189427671
18942768X
189427698
189427701
18942771X
189427728
189427736
189427752
189427779
189427787
189427795
189427809
189427817
189427841
18942785X
189427868
189427884
189427892
189427906
189427914
189427922
189427930
189427949
189427957
189427965
189427973
189427981
18942799X
189428007
189428015
189428023
189428031
18942804X
189428058
189428066
189428074
189428082
189428090
189428104
189428112
189428120
189428147
18942818X
18942821X
189428228
189428236
189428244
189428252
189428287
189428295
189428309
189428317
189428325
189428333
189428341
18942835X
189428368
189428376
189428384
189428406
189428422
189428430
189428449
189428457
189428465
189428473
189428481
18942849X
189428503
189428511
18942852X
189428538
189428546
189428554
189428570
189428589
189428597
189428600
189428619
189428635
189428643
189428651
18942866X
189428678
189428686
189428694
189428708
189428716
189428724
189428740
189428759
189428767
189428775
189428783
189428791
189428805
189428813
189428821
18942883X
189428848
189428856
189428872
189428880
189428910
189428929
189428937
189428945
189428953
189428961
18942897X
189428988
189428996
189429003
189429011
189429038
189429046
189429054
189429062
189429070
189429097
189429100
189429119
189429127
189429135
189429143
189429151
189429178
189429186
189429194
189429208
189429216
189429240
189429267
189429275
189429305
189429313
189429321
18942933X
189429348
189429356
189429364
189429372
189429380
189429399
189429402
189429429
189429445
189429461
189429488
189429496
18942950X
189429518
189429526
189429534
189429569
189429615
189429623
189429631
18942964X
189429674
189429682
189429704
189429720
189429739
189429747
189429755
189429763
189429771
18942978X
189429798
18942981X
189429836
189429844
189429852
189429860
189429879
189429887
189429909
189429925
189429941
18942995X
189429968
189429976
189429984
189429992
18943001X
189430028
189430036
189430044
189430052
189430060
189430079
189430095
189430125
189430133
189430141
189430168
189430184
189430192
189430206
189430214
189430230
18943029X
189430303
18943032X
189430346
189430370
189430389
189430397
189430419
189430435
18943046X
189430494
189430516
189430524
189430532
189430559
189430583
18943063X
189430648
189430656
189430664
189430672
189430680
189430699
189430737
189430745
189430753
189430761
189430788
189430818
189430826
189430834
189430842
189430850
189430877
189430885
189430931
189430958
189430982
189431008
189431016
189431032
189431040
189431059
189431083
189431091
189431105
189431121
18943113X
189431148
189431156
189431180
189431210
189431237
189431245
18943127X
189431288
189431318
189431326
189431350
189431377
189431393
189431431
18943144X
189431458
189431466
189431474
189431482
189431490
189431504
189431520
189431547
189431563
189431571
18943158X
189431598
189431601
189431636
189431644
189431652
189431679
189431695
189431709
189431717
189431725
18943175X
189431768
189431784
189431806
189431822
189431849
189431865
189431873
189431881
18943189X
189431911
18943192X
189431946
189431962
189431970
189432004
189432012
189432020
189432039
189432047
189432063
189432071
18943208X
189432098
189432101
189432136
189432152
189432160
189432187
189432195
189432217
189432225
18943225X
189432268
189432276
189432284
189432306
189432314
189432322
189432330
189432349
189432357
189432365
189432381
18943239X
189432403
189432411
18943242X
189432438
189432446
189432454
189432462
189432470
189432497
189432500
189432535
189432551
189432578
189432586
189432594
189432616
189432624
189432659
189432667
189432675
189432683
189432691
189432705
189432713
189432721
189432748
189432756
189432764
189432799
189432810
189432829
189432845
189432861
18943287X
189432888
189432896
189432918
189432934
189432942
189432950
189432985
189432993
189433000
189433019
189433043
189433051
189433078
189433086
189433094
189433108
189433124
189433140
189433167
189433175
189433183
189433191
189433205
189433213
189433221
18943323X
189433256
189433264
189433280
189433299
189433302
189433329
189433337
189433361
18943337X
18943340X
189433426
189433434
189433450
189433469
189433477
189433515
189433523
189433531
18943354X
189433558
189433566
189433612
189433620
189433647
189433655
189433671
18943368X
189433698
189433701
18943371X
189433728
189433736
189433744
189433752
189433779
189433787
189433795
189433809
189433817
189433833
189433868
189433892
189433906
189433949
189433957
189433981
189434015
189434023
189434031
18943404X
189434058
189434082
189434104
189434112
189434120
189434139
189434147
189434155
18943418X
189434198
189434201
18943421X
189434228
189434236
189434252
189434295
189434309
189434317
189434325
189434333
189434341
18943435X
189434368
189434376
189434384
189434392
189434406
189434414
189434422
189434430
189434465
189434481
18943449X
189434503
189434538
189434546
189434554
189434570
189434589
189434597
189434600
189434619
189434627
189434635
189434651
18943466X
189434678
189434686
189434694
189434708
189434724
189434732
189434740
189434759
189434767
189434775
189434783
189434791
189434805
189434813
189434821
189434848
189434856
189434864
189434872
189434880
189434899
189434902
189434910
189434945
189434953
189434961
18943497X
189434988
189434996
189435003
189435011
18943502X
189435038
189435046
189435054
189435062
189435070
189435097
189435100
189435119
189435127
189435151
189435178
189435186
189435194
189435208
189435224
189435232
189435240
189435259
189435267
189435275
189435283
189435291
189435313
189435321
18943533X
189435356
189435364
189435372
189435380
189435399
189435402
189435429
189435445
189435453
18943547X
189435488
189435496
18943550X
189435526
189435534
189435542
189435550
189435569
189435577
189435585
189435607
189435615
189435631
18943564X
189435658
189435666
189435674
189435682
189435690
189435704
189435712
189435720
189435739
189435747
189435755
189435763
189435771
18943578X
189435798
189435801
18943581X
189435828
189435836
189435844
189435852
189435860
189435887
189435895
189435917
189435925
189435933
189435941
189435968
189435976
189435984
189435992
18943600X
189436018
189436026
189436034
189436042
189436050
189436077
189436085
189436093
189436107
189436115
189436123
189436131
18943614X
189436166
189436174
189436190
189436212
189436239
189436247
189436263
189436271
18943628X
189436298
189436301
18943631X
189436328
189436336
189436344
189436352
189436360
189436379
189436387
189436395
189436409
189436425
189436441
189436468
189436476
189436484
189436492
189436506
189436514
189436522
189436530
189436549
189436557
189436565
189436573
189436581
18943659X
189436603
189436611
18943662X
189436638
189436646
189436654
189436662
189436670
189436689
189436697
189436700
189436727
189436735
189436743
189436751
18943676X
189436778
189436786
189436794
189436816
189436832
189436840
189436859
189436867
189436875
189436883
189436891
189436905
189436913
189436921
18943693X
189436948
189436956
189436964
189436972
189436980
189436999
189437006
189437014
189437022
189437030
189437049
189437057
189437065
189437073
189437081
18943709X
189437103
189437111
18943712X
189437138
189437146
189437162
189437170
189437189
189437200
189437227
189437235
189437243
189437251
18943726X
189437278
189437286
189437294
189437308
189437316
189437324
189437332
189437367
189437375
189437383
189437391
189437405
18943743X
189437448
189437456
189437464
189437472
189437480
189437499
189437510
189437529
189437537
189437545
189437553
189437561
18943757X
189437588
189437596
189437618
189437626
189437634
189437642
189437677
189437685
189437707
189437715
189437723
189437731
18943774X
189437758
189437766
189437812
189437820
189437839
189437847
189437855
189437863
189437871
18943788X
189437898
189437901
18943791X
189437936
189437944
189437952
189437960
189437979
189437987
189437995
189438002
189438010
189438029
189438037
189438045
189438053
189438088
189438118
189438134
189438142
189438150
189438169
189438177
189438185
189438193
189438215
189438223
18943824X
189438258
189438282
189438290
189438312
189438320
189438339
189438355
189438363
189438371
18943838X
18943841X
189438428
189438436
189438444
189438460
189438479
189438487
189438495
189438509
189438517
189438525
189438533
189438541
18943855X
189438568
189438576
189438584
189438592
189438606
189438614
189438622
189438630
189438649
189438657
189438665
189438673
18943869X
189438703
189438711
18943872X
189438738
189438762
189438770
189438789
189438797
189438800
189438819
189438827
189438835
18943886X
189438878
189438908
189438916
189438924
189438940
189438959
189438967
189438975
189438991
189439009
189439017
189439025
189439041
189439068
189439076
189439084
189439092
189439106
189439122
189439130
189439149
189439157
189439165
189439173
189439181
189439203
189439211
18943922X
189439238
189439246
189439270
189439289
189439297
189439300
189439319
189439335
189439343
189439351
18943936X
189439378
189439386
189439408
189439424
189439432
189439440
189439459
189439467
189439475
189439505
18943953X
189439548
189439556
189439564
189439572
189439580
189439599
189439602
189439610
189439629
189439637
189439645
189439688
18943970X
189439718
189439726
189439734
189439742
189439750
189439769
189439777
189439785
189439793
189439807
189439831
18943984X
189439866
189439874
189439882
189439890
189439904
189439912
189439920
189439939
189439947
189439955
189439963
18943998X
189439998
189440015
189440023
189440031
18944004X
189440058
189440066
189440074
189440082
189440090
189440112
189440120
189440139
189440147
189440155
189440163
189440171
18944018X
189440198
189440201
189440228
189440244
189440252
189440260
189440279
189440295
189440309
189440317
189440325
189440333
189440341
18944035X
189440368
189440376
189440384
189440392
189440406
189440422
189440430
189440449
189440457
189440465
189440473
189440481
18944049X
189440503
189440511
18944052X
189440546
189440554
189440562
189440570
189440589
189440597
189440619
189440627
189440635
189440643
189440678
189440686
189440694
189440708
189440716
189440732
189440740
189440759
189440767
189440775
189440783
189440791
189440821
18944083X
189440864
189440872
189440880
189440899
189440902
189440910
189440929
189440945
18944097X
189440988
189441003
189441011
18944102X
189441038
189441070
189441089
189441100
189441127
189441135
189441143
189441151
18944116X
189441178
189441186
189441194
189441208
189441216
189441224
189441240
189441259
189441267
189441275
189441283
189441291
189441305
189441313
189441348
189441356
189441364
189441372
189441402
189441429
189441437
189441445
189441453
189441461
18944147X
189441488
18944150X
189441518
189441526
189441542
189441550
189441569
189441577
189441585
189441593
189441607
189441615
189441631
18944164X
189441658
189441666
189441674
189441704
189441712
189441720
189441739
189441747
189441755
189441771
18944178X
189441798
18944181X
189441828
189441836
189441852
189441860
189441879
189441895
189441909
189441917
189441925
189441933
189441941
18944195X
189441968
189441976
189441984
189441992
18944200X
189442018
189442026
189442034
189442042
189442050
189442069
189442077
189442085
189442093
189442107
189442123
189442131
18944214X
189442158
189442166
189442174
189442182
189442190
189442204
189442212
189442220
189442239
189442247
189442255
189442263
18944228X
189442298
189442301
189442328
189442352
189442360
189442379
189442387
189442395
189442409
189442417
189442425
189442433
189442441
189442468
189442476
189442484
189442506
189442514
189442522
189442530
189442549
189442557
189442573
189442581
18944259X
189442603
189442611
18944262X
189442638
189442646
189442654
189442662
189442689
189442697
189442700
189442719
189442727
189442735
189442743
189442751
18944276X
189442778
189442794
189442816
189442824
189442859
189442867
189442883
189442891
189442905
189442913
189442921
18944293X
189442948
189442956
189442964
189442972
189442999
189443006
189443014
189443022
189443030
189443049
189443057
189443073
189443081
18944309X
189443103
189443111
18944312X
189443146
189443154
189443162
189443170
189443189
189443235
189443243
189443251
18944326X
189443286
189443308
189443316
189443324
189443332
189443340
189443359
189443367
189443383
189443391
189443405
189443421
18944343X
189443448
189443456
189443480
189443499
189443502
189443510
189443529
189443537
189443545
189443553
18944357X
189443596
189443642
189443650
189443669
189443677
189443693
189443707
189443715
189443723
189443731
18944374X
189443758
189443766
189443774
189443782
189443790
189443804
189443812
189443820
189443839
189443847
189443855
189443863
189443871
18944388X
189443898
189443901
18944391X
189443928
189443936
189443944
189443952
189443960
189443979
189443987
189443995
189444002
189444010
189444029
189444045
189444053
18944407X
189444088
189444096
189444118
189444126
189444134
189444142
189444150
189444169
189444177
189444185
189444193
189444207
189444223
189444231
189444266
189444274
189444282
189444290
189444304
189444312
189444320
189444339
189444347
189444355
189444371
189444398
189444401
18944441X
189444428
189444436
189444444
189444460
189444479
189444487
189444495
189444509
189444533
18944455X
189444568
189444576
189444584
189444606
189444614
189444622
189444630
189444649
189444657
189444665
189444673
189444681
18944469X
189444703
189444711
18944472X
189444738
189444746
189444754
189444762
189444770
189444789
189444800
189444819
189444827
189444835
189444843
189444851
18944486X
189444878
189444886
189444894
189444908
189444916
189444924
189444959
189444967
189444975
189444983
189444991
189445009
189445017
189445025
189445033
189445041
18944505X
189445068
189445076
189445084
189445092
189445106
189445114
189445122
189445130
189445149
189445157
189445165
189445173
189445181
18944519X
189445203
189445211
18944522X
189445238
189445246
189445254
189445262
189445270
189445289
189445297
189445300
189445319
189445327
189445335
189445343
189445351
18944536X
189445378
189445386
189445408
189445416
189445424
189445432
189445459
189445467
189445475
189445483
189445505
189445513
189445521
18944553X
189445548
189445556
189445564
189445572
189445629
189445637
189445645
189445653
189445661
18944567X
189445688
18944570X
189445718
189445726
189445734
189445742
189445750
189445777
189445785
189445793
189445807
189445815
189445823
189445831
18944584X
189445858
189445866
189445874
189445882
189445890
189445904
189445947
189445971
189445998
189446005
189446013
189446021
18944603X
189446048
189446056
189446064
189446072
189446080
189446099
189446102
189446110
189446129
189446137
189446145
189446161
18944617X
189446188
189446196
18944620X
189446218
189446226
189446234
189446242
189446250
189446285
189446293
189446307
189446315
189446323
189446331
18944634X
189446358
189446366
189446374
189446382
189446404
189446412
189446420
189446439
189446447
189446455
189446471
18944648X
189446498
189446501
18944651X
189446528
189446536
189446544
189446552
189446560
189446579
189446587
189446595
189446609
189446617
189446625
189446633
189446641
18944665X
189446668
189446676
189446684
189446692
189446706
189446714
189446722
189446730
189446749
189446757
189446765
189446773
189446781
18944679X
189446811
18944682X
189446838
189446846
189446854
189446862
189446870
189446897
189446900
189446919
189446927
189446943
189446951
18944696X
189446978
189446986
189447001
18944701X
189447028
189447036
189447044
189447052
189447060
189447079
189447087
189447095
189447117
189447125
189447133
189447141
18944715X
189447168
189447176
189447184
189447192
189447206
189447214
189447222
189447230
189447249
189447265
189447273
189447281
189447303
189447311
18944732X
189447346
189447354
189447362
189447370
189447397
189447400
189447419
189447427
189447435
189447443
189447451
18944746X
189447478
189447486
189447494
189447508
189447540
189447559
189447567
189447591
189447613
18944763X
189447648
189447656
189447680
189447702
189447710
189447729
189447796
189447818
189447826
189447834
189447869
189447893
189447923
189447966
189447982
189447990
189448032
189448059
189448075
189448083
189448148
189448156
189448164
189448180
189448202
189448210
189448229
189448237
189448245
189448253
189448261
189448288
18944830X
189448326
189448350
189448369
189448385
189448415
189448423
189448466
189448490
189448512
189448539
189448571
18944858X
189448717
189448814
189448822
189448849
189448865
189448881
18944889X
18944892X
189448946
189448997
189449012
189449039
189449055
189449071
18944911X
189449136
189449144
189449160
189449179
189449195
189449217
189449233
189449241
189449268
189449276
189449284
189449306
189449357
189449365
189449438
189449454
189449489
189449500
189449535
189449543
18944956X
189449578
189449594
189449608
189449616
189449640
189449659
189449721
189449764
189449802
189449810
189449845
189449861
18944987X
189449896
18944990X
189449926
189449934
189449942
189449969
189450010
189450037
189450053
189450061
18945007X
189450088
189450096
18945010X
189450118
189450126
189450134
189450177
189450207
189450223
18945024X
189450266
189450282
189450290
189450304
189450312
189450339
189450347
189450363
189450371
189450398
18945041X
189450428
189450436
189450444
189450452
189450460
189450479
189450487
189450495
189450509
189450541
18945055X
189450606
189450614
189450630
189450649
189450657
189450681
18945069X
189450703
189450711
18945072X
189450738
189450746
189450754
189450762
189450770
189450789
189450797
189450800
189450827
189450835
189450843
189450851
18945086X
189450878
189450886
189450894
189450908
189450924
189450932
189450940
189450959
189450967
189450975
189450991
189451017
189451033
189451041
18945105X
189451068
189451076
189451092
189451130
189451149
189451173
189451181
18945119X
189451203
18945122X
189451238
189451246
189451262
189451270
189451289
189451297
189451300
189451319
189451327
189451335
189451343
189451351
18945136X
189451386
189451408
189451416
189451424
189451432
189451440
189451459
189451467
189451483
189451491
189451505
189451521
18945153X
189451548
189451556
189451564
189451572
189451602
189451610
189451629
189451637
189451645
189451653
189451661
18945170X
189451718
189451726
189451734
189451742
189451777
189451793
189451823
189451831
18945184X
189451858
189451874
189451882
189451904
189451939
189451947
189451963
189451971
189451998
189452013
18945203X
189452048
189452056
189452080
189452102
189452129
189452137
189452153
189452161
18945217X
189452188
189452196
18945220X
189452218
189452226
189452234
189452242
189452250
189452269
189452307
189452315
189452323
189452331
18945234X
189452358
189452366
189452374
189452382
189452390
189452404
189452463
189452471
18945248X
189452528
189452552
18945265X
189452676
189452692
189452706
189452714
189452722
189452730
189452781
18945279X
189452811
18945282X
189452846
189452870
189452897
189452900
18945296X
189452978
189452994
189453001
18945301X
189453044
189453052
189453060
189453079
189453087
189453109
189453117
189453133
189453141
18945315X
189453192
189453206
189453249
189453265
189453273
189453311
18945332X
189453338
189453346
189453354
189453362
189453370
189453397
189453419
189453435
189453443
189453451
18945346X
189453486
189453508
189453516
189453532
189453583
189453605
189453613
189453621
18945363X
189453648
189453656
189453672
189453680
189453699
189453710
189453729
189453745
189453753
189453761
18945377X
189453788
189453796
18945380X
189453818
189453826
189453834
189453842
189453850
189453877
189453893
189453907
189453923
189453931
18945394X
189453958
189453974
189453982
189453990
189454008
189454016
189454032
189454040
189454067
189454091
189454105
189454113
189454121
18945413X
189454148
189454156
189454164
189454172
189454180
189454199
189454210
189454245
18945427X
189454288
189454342
189454350
189454369
189454377
189454385
189454393
189454407
189454415
189454423
189454474
189454482
189454490
189454547
189454555
189454563
189454571
18945458X
189454601
18945461X
189454628
189454636
189454652
189454660
189454679
189454687
189454695
189454709
189454717
189454725
189454733
189454741
189454784
189454792
189454806
189454814
189454822
189454849
189454857
189454881
18945489X
189454911
18945492X
189454938
189454946
189454954
189454962
189454989
189454997
189455004
189455020
189455047
189455063
18945508X
189455098
18945511X
189455144
189455152
189455160
189455187
189455195
189455209
189455217
189455233
189455241
18945525X
189455268
189455276
189455284
189455306
189455322
189455357
189455373
189455381
18945539X
189455403
189455411
189455446
189455454
189455470
189455497
189455500
189455527
189455543
18945556X
189455578
189455586
189455608
189455616
189455675
189455683
189455691
189455713
189455721
18945573X
189455748
189455756
189455764
189455772
189455799
189455802
189455810
189455853
189455888
18945590X
189455926
189455934
189455942
189455950
189455977
189455985
189455993
189456035
189456051
18945606X
189456078
189456086
189456094
189456116
189456124
189456132
189456140
189456159
189456167
189456175
189456183
189456205
189456213
189456221
18945623X
189456264
189456272
189456299
189456329
189456337
189456345
189456353
18945637X
189456388
18945640X
189456434
189456442
189456450
189456469
189456477
189456493
189456507
189456515
189456531
18945654X
189456558
189456574
189456582
189456604
189456612
189456620
189456639
189456655
189456663
189456671
189456698
18945671X
189456728
189456760
189456787
189456795
189456809
189456817
189456825
189456833
189456841
18945685X
189456868
189456876
189456906
189456914
189456922
189456930
189456949
189456957
189456973
189456981
18945699X
189457007
189457015
189457023
189457031
18945704X
189457058
189457082
189457090
189457104
189457139
189457147
189457155
189457163
189457171
18945718X
18945721X
189457228
189457244
189457252
189457260
189457279
189457309
189457341
18945735X
189457368
189457376
189457384
189457406
189457422
189457430
189457449
189457457
189457473
189457481
189457503
189457511
189457538
189457546
189457570
189457589
189457597
189457600
189457619
189457627
189457635
189457643
189457651
18945766X
189457678
189457686
189457694
189457708
189457724
189457732
189457740
189457791
189457805
189457813
189457821
18945783X
189457848
189457856
189457937
189457961
189457988
18945802X
189458046
189458062
189458070
189458097
189458100
189458127
189458135
189458151
18945816X
189458178
189458186
189458194
189458216
189458224
189458232
189458240
189458259
189458267
189458275
189458283
189458291
189458305
189458313
189458321
18945833X
189458348
189458356
189458364
189458380
189458399
189458410
189458429
189458461
18945847X
189458488
189458526
189458534
189458542
189458550
189458569
189458577
189458593
189458607
189458615
189458623
18945864X
189458712
189458720
189458739
189458747
189458755
189458763
189458771
18945878X
189458801
18945881X
189458828
189458836
189458844
189458852
189458860
189458879
189458895
189458909
189458917
189458933
18945895X
189458968
189458976
189458984
189458992
18945900X
189459018
189459026
189459034
189459050
189459069
189459077
189459085
189459093
189459123
189459131
18945914X
189459158
189459190
189459204
189459212
189459239
189459255
189459263
189459271
189459301
18945931X
189459328
189459336
189459352
189459379
189459417
189459425
189459441
189459468
189459476
189459484
189459492
189459506
189459514
189459522
189459530
189459549
189459565
189459581
18945959X
189459603
189459611
18945962X
189459638
189459646
189459670
189459689
189459697
189459700
189459719
189459735
18945976X
189459778
189459786
189459808
189459816
189459824
189459832
189459840
189459859
189459867
189459883
189459891
189459913
189459921
18945993X
189459948
189459972
189459999
189460040
189460059
189460075
189460091
189460113
189460148
189460156
189460164
189460172
189460180
189460199
189460202
189460210
189460229
189460245
189460253
189460261
189460288
189460296
18946030X
189460318
189460326
189460334
189460342
189460350
189460369
189460377
189460385
189460393
189460407
189460415
189460431
18946044X
189460458
189460466
189460474
189460490
189460504
189460520
189460539
189460547
189460563
18946058X
189460598
189460601
18946061X
189460628
189460644
189460652
189460679
189460687
189460709
189460717
189460725
18946075X
189460768
189460776
189460784
189460806
189460822
189460830
189460873
18946089X
189460903
18946092X
189460938
189460946
189460954
189460962
189460970
189460989
189460997
189461004
189461020
189461047
18946108X
189461098
189461101
189461128
189461152
189461187
189461195
189461209
189461217
189461225
189461241
18946125X
189461268
189461276
189461284
189461314
189461322
189461330
189461349
189461357
189461381
189461403
189461411
189461438
189461446
189461454
189461462
189461470
189461489
189461497
189461500
189461535
189461543
189461551
18946156X
189461586
189461616
189461632
189461659
189461691
189461705
189461713
189461756
189461764
189461772
189461780
189461810
189461837
189461853
189461861
18946187X
189461888
189461896
18946190X
189461918
189461926
189461934
189461942
189461969
189461977
189461985
189461993
189462019
189462078
189462086
189462094
189462108
189462116
189462124
189462132
189462159
189462175
189462183
189462191
189462205
189462213
189462221
189462256
189462280
189462302
189462310
189462329
189462337
189462361
18946237X
189462388
189462396
18946240X
189462426
189462442
189462450
189462469
189462485
189462493
189462507
189462515
189462523
189462531
189462558
189462574
189462590
189462604
189462612
189462620
189462639
189462647
189462663
189462698
18946271X
189462728
189462760
189462779
189462787
189462809
189462825
189462833
189462884
189462892
189462914
189462922
189462930
189462957
189462965
189462981
18946299X
189463058
189463066
189463082
189463090
189463104
189463112
189463139
189463147
189463155
189463163
189463171
18946318X
189463198
189463201
189463228
189463244
189463252
189463279
189463287
189463309
189463317
189463325
189463333
18946335X
189463376
189463384
189463392
189463406
189463414
189463430
189463449
189463457
189463465
189463473
189463481
189463503
189463511
18946352X
189463554
189463570
189463589
189463597
189463600
189463619
189463635
189463643
189463708
189463716
189463732
189463740
189463759
189463767
189463775
189463783
189463791
189463821
18946383X
189463848
189463856
189463864
189463872
189463899
189463929
189463937
189463945
189463953
189463961
18946397X
189463988
189463996
189464003
189464011
18946402X
189464038
189464046
189464054
189464062
189464089
189464097
189464100
189464127
189464151
18946416X
189464178
189464186
189464208
189464216
189464267
189464283
189464291
189464313
189464321
18946433X
189464356
189464372
189464399
189464402
189464410
189464429
189464453
18946447X
189464488
189464496
18946450X
189464518
189464526
189464534
189464542
189464577
189464585
189464593
189464607
189464615
189464623
189464631
18946464X
189464658
189464674
189464682
189464690
189464712
189464755
189464763
189464771
18946478X
189464798
189464801
189464828
189464836
189464844
189464852
189464860
189464879
189464887
189464895
189464909
189464917
189464925
189464933
189464941
18946495X
189464968
189464984
189464992
18946500X
189465018
189465026
189465042
189465050
189465077
189465093
189465107
189465115
189465123
189465131
18946514X
189465158
189465166
189465174
189465190
189465204
189465212
189465220
189465239
189465247
189465271
18946528X
189465298
189465301
18946531X
189465328
189465336
189465352
189465360
189465379
189465387
189465409
189465425
189465433
189465441
18946545X
189465468
189465476
189465484
189465492
189465514
189465557
189465573
189465581
18946559X
189465603
189465611
189465638
189465646
189465654
189465670
189465697
189465700
189465719
189465727
189465735
189465743
189465751
18946576X
189465786
189465794
189465808
189465816
189465824
189465840
189465859
189465867
189465875
189465883
189465891
189465913
189465948
189465956
189465964
189465972
189465980
189465999
189466006
189466014
189466030
189466057
189466065
189466073
189466081
18946609X
189466103
189466111
18946612X
189466146
189466154
189466162
189466170
189466197
189466200
189466219
189466227
189466251
18946626X
189466278
189466286
189466294
189466308
189466316
189466324
189466332
189466340
189466359
189466367
189466375
189466383
189466391
189466405
18946643X
189466448
189466456
189466480
189466502
189466510
189466529
189466537
189466545
189466553
189466561
18946657X
189466588
189466596
18946660X
189466626
189466634
189466642
189466650
189466669
189466677
189466685
189466693
189466707
189466715
189466723
189466731
18946674X
189466758
189466766
189466774
189466782
189466790
189466804
189466847
189466855
189466863
189466871
18946688X
189466901
18946691X
189466928
189466936
189466944
189466960
189466987
189466995
189467002
189467010
189467029
189467061
18946707X
189467088
189467096
18946710X
189467118
189467126
189467134
189467142
189467185
189467193
189467207
189467223
189467231
18946724X
189467258
189467266
189467274
189467282
189467290
189467304
189467312
189467320
189467347
189467355
189467371
18946738X
189467398
189467401
189467428
189467436
189467444
189467452
189467460
189467479
189467487
189467509
189467517
189467525
189467533
189467568
189467576
189467584
189467592
189467606
189467614
189467657
189467681
18946769X
189467703
189467711
18946772X
189467738
189467746
189467754
189467762
189467770
189467789
189467797
189467800
189467819
189467827
189467835
189467843
189467851
18946786X
189467878
189467886
189467894
189467908
189467916
189467924
189467932
189467940
189467959
189467967
189467975
189467983
189467991
189468009
189468017
189468033
189468041
18946805X
189468068
189468076
189468092
189468114
189468130
189468149
189468173
189468181
189468203
189468211
18946822X
189468238
189468246
189468254
189468262
189468270
189468300
189468319
189468327
189468335
189468343
18946836X
189468386
189468394
189468408
189468416
189468424
189468432
189468440
189468475
189468483
189468491
189468513
189468521
18946853X
189468580
189468602
189468610
189468629
189468637
189468661
18946867X
18946870X
189468726
189468734
189468742
189468769
189468785
189468793
189468807
189468815
189468823
189468831
189468858
189468866
189468874
189468882
189468890
189468904
189468912
189468920
189468939
189468947
189468955
189468963
189468971
18946898X
189468998
189469013
189469021
18946903X
189469048
189469056
189469064
189469072
189469080
189469099
189469102
189469129
189469137
189469145
189469153
18946917X
189469196
18946920X
189469218
189469226
189469234
189469242
189469269
189469285
189469293
189469307
189469315
18946934X
189469358
189469366
189469374
189469382
189469404
189469412
189469439
189469447
189469455
189469463
189469471
18946948X
189469498
189469501
189469528
189469552
189469587
189469595
189469609
189469617
189469625
189469633
189469641
18946965X
189469668
189469676
189469692
189469714
189469730
189469749
189469757
189469773
189469781
18946979X
189469803
189469811
18946982X
189469838
189469846
189469854
189469862
189469870
189469889
189469897
189469900
189469927
189469935
189469943
189469951
189469986
189469994
189470003
189470011
18947002X
189470038
189470046
189470054
189470062
189470070
189470089
189470100
189470119
189470127
189470135
189470143
189470151
189470186
189470194
189470216
189470224
189470232
189470240
189470259
189470267
189470283
189470291
189470305
189470313
189470321
18947033X
189470348
189470356
189470364
189470372
189470380
189470402
189470410
189470429
189470437
189470445
189470453
189470461
18947047X
189470488
189470496
18947050X
189470518
189470526
189470542
189470569
189470577
189470585
189470607
189470615
189470631
18947064X
189470666
189470674
189470682
189470690
189470704
189470712
189470720
189470739
189470747
189470755
189470771
18947078X
189470798
189470801
18947081X
189470828
189470852
189470860
189470887
189470895
189470909
189470917
189470925
189470933
189470941
18947095X
189470968
189470976
189470984
189470992
18947100X
189471018
189471026
189471034
189471050
189471077
189471085
189471107
189471115
189471123
189471131
189471158
189471182
189471190
189471204
189471212
189471220
189471239
189471247
189471255
189471263
18947128X
189471298
189471301
189471328
189471344
189471352
189471360
189471379
189471395
189471409
189471417
189471433
189471468
189471476
189471484
189471506
189471514
189471522
189471549
189471557
189471565
189471581
18947159X
189471603
189471611
18947162X
189471638
189471654
189471662
189471670
189471689
189471697
189471719
189471727
189471743
189471751
189471786
189471794
189471808
189471816
189471824
189471840
189471859
189471875
189471883
189471891
189471913
189471921
18947193X
189471948
189471956
189471964
189471972
189471980
189471999
189472006
189472014
189472022
189472030
189472049
189472057
189472065
189472073
189472081
18947209X
189472103
18947212X
189472138
189472162
189472170
189472189
189472200
189472219
189472227
189472235
189472243
18947226X
189472278
189472286
189472308
189472332
189472340
189472359
189472375
189472383
189472391
189472405
189472413
189472421
18947243X
189472448
189472456
189472464
189472472
189472480
189472499
189472502
189472537
189472545
189472561
18947257X
189472596
18947260X
189472618
189472626
189472634
189472642
189472650
189472669
189472677
189472685
189472707
189472715
189472723
189472731
18947274X
189472758
189472766
189472790
189472804
189472812
189472820
189472839
189472847
189472855
189472863
189472871
18947288X
189472898
189472901
18947291X
189472928
189472936
189472952
189472960
189472979
189473010
189473037
189473045
189473053
189473061
18947307X
189473088
189473096
18947310X
189473118
189473126
189473134
189473142
189473150
189473169
189473177
189473193
189473207
189473215
189473231
18947324X
189473258
189473266
189473274
189473282
189473290
189473304
189473312
189473320
189473339
189473355
189473363
189473371
18947338X
18947341X
189473444
189473460
189473487
189473495
189473509
189473517
189473525
189473541
189473592
189473606
189473630
189473649
189473657
189473665
189473673
18947369X
18947372X
189473738
189473746
189473754
189473762
189473770
189473789
189473797
189473819
189473843
189473851
189473878
189473886
189473894
189473916
189473924
189473932
189473940
189473959
189473975
189473983
189473991
189474009
189474025
189474033
189474041
189474068
189474076
189474092
189474106
189474114
189474122
189474157
189474165
189474173
189474181
189474211
18947422X
189474238
189474246
189474254
189474262
189474270
189474289
189474297
189474300
189474319
189474351
18947436X
189474378
189474386
189474394
189474408
189474416
189474424
189474432
189474440
189474459
189474467
189474475
189474483
189474491
189474521
18947453X
189474548
189474564
189474572
189474580
189474599
189474602
189474629
189474637
189474645
189474653
189474661
18947467X
189474688
189474696
18947470X
189474726
189474734
189474742
189474750
189474769
189474777
189474807
189474815
189474823
189474831
18947484X
189474858
189474874
189474882
189474890
189474904
189474920
189474947
189474955
18947498X
189474998
189475013
189475021
18947503X
189475048
189475056
189475064
189475072
189475099
189475110
189475137
189475145
189475153
189475161
189475196
18947520X
189475226
189475234
189475242
189475250
189475269
189475277
189475285
189475293
189475307
189475315
189475323
189475331
18947534X
189475358
189475366
189475382
189475404
189475412
189475420
189475439
189475447
189475455
189475463
189475471
18947548X
189475498
18947551X
189475536
189475544
189475552
189475560
189475579
189475595
189475625
189475641
18947565X
189475668
189475676
189475730
189475749
189475757
189475765
189475773
189475781
189475803
189475811
18947582X
189475838
189475846
189475854
189475870
189475889
189475897
189475900
189475919
189475927
189475943
189475951
18947596X
189475978
189475986
189475994
189476001
189476028
189476036
189476044
189476052
189476060
189476087
189476095
189476117
189476125
189476133
189476141
18947615X
189476168
189476176
189476184
189476192
189476206
189476214
189476222
189476230
189476249
189476257
189476265
189476273
189476281
18947629X
189476303
189476311
189476338
189476346
189476354
189476362
189476370
189476389
189476397
189476400
189476419
189476427
189476435
189476443
189476451
189476478
189476486
189476494
189476508
189476516
189476532
189476540
189476559
189476567
189476583
189476591
189476605
189476613
189476621
189476648
189476656
189476664
189476672
189476680
189476699
189476702
189476710
189476737
189476745
189476753
189476761
18947677X
189476788
189476796
18947680X
189476818
189476834
189476842
189476850
189476869
189476885
189476893
189476907
189476915
189476923
18947694X
189476958
189476966
189476974
189476982
189476990
189477016
189477032
189477040
189477067
189477075
189477083
189477091
189477105
189477113
189477121
18947713X
189477148
189477156
189477164
189477172
189477180
189477210
189477229
189477237
189477245
189477253
189477261
18947727X
189477296
18947730X
189477318
189477334
189477342
189477350
189477369
189477377
189477385
189477393
189477407
189477415
189477431
18947744X
189477458
189477466
189477482
189477490
189477504
189477512
189477520
189477539
189477547
189477555
189477563
189477571
18947758X
189477598
189477601
18947761X
189477628
189477636
189477644
189477652
189477660
189477687
189477695
189477709
189477717
189477725
189477733
18947775X
189477768
189477776
189477792
189477814
189477830
189477857
189477865
189477873
189477881
18947789X
189477903
189477911
189477938
189477946
189477954
189477962
189477970
189477997
189478012
189478020
189478039
189478047
189478055
189478063
189478071
189478098
18947811X
189478128
189478136
189478144
189478160
189478179
189478187
189478209
189478217
189478233
189478241
18947825X
189478268
189478284
189478292
189478306
189478314
189478330
189478349
189478357
189478365
189478373
189478381
18947839X
189478411
18947842X
189478454
189478462
189478470
189478489
189478497
189478500
189478519
189478527
189478535
18947856X
189478578
189478586
189478594
189478616
189478624
189478640
189478683
189478691
189478705
189478713
189478721
189478748
189478756
189478764
189478772
189478780
189478799
189478802
189478810
189478829
189478837
189478845
189478853
189478861
18947887X
189478888
189478896
18947890X
189478926
189478942
189478950
189478969
189478977
189478985
189478993
189479000
189479019
189479027
189479035
189479043
189479051
18947906X
189479078
189479086
189479094
189479108
189479116
189479124
189479132
189479140
189479167
189479183
189479191
189479205
189479221
18947923X
189479248
189479264
189479280
189479299
189479302
189479310
189479329
189479337
189479353
189479361
18947937X
189479388
189479396
18947940X
189479418
189479426
189479434
189479442
189479450
189479469
189479485
189479507
189479523
189479558
189479566
189479574
189479582
189479620
189479639
189479647
189479655
189479663
189479671
18947968X
189479698
189479701
18947971X
189479728
189479736
189479744
189479760
189479779
189479787
189479809
189479817
189479833
189479841
18947985X
189479868
189479884
189479892
189479906
189479914
189479922
189479949
189479957
189479965
189479973
189479981
18947999X
189480009
189480017
189480025
189480033
189480041
18948005X
189480068
189480084
189480092
189480106
189480114
189480122
189480130
189480149
189480157
189480165
189480181
18948019X
189480203
189480211
189480238
189480246
189480254
189480262
189480270
189480289
189480297
189480327
189480335
189480351
18948036X
189480378
189480408
189480416
189480424
189480432
189480440
189480459
189480467
189480475
189480483
189480491
189480521
18948053X
189480548
189480556
189480572
189480580
189480599
189480602
189480610
189480629
189480637
189480645
189480653
189480661
18948067X
189480688
189480696
189480718
189480726
189480734
189480750
189480769
189480777
189480793
189480807
189480815
18948084X
189480866
189480874
189480882
189480890
189480904
189480912
189480920
189480939
189480947
189480955
189480963
189480971
18948098X
189480998
189481005
189481013
189481021
189481048
189481056
189481064
189481072
189481080
189481099
189481102
189481137
189481188
189481196
18948120X
189481218
189481226
189481234
189481250
189481269
189481277
189481285
189481293
189481307
18948134X
189481382
189481390
189481404
189481412
189481420
189481439
189481471
18948148X
189481501
18948151X
189481536
189481544
189481552
189481560
189481595
189481609
18948165X
189481668
189481676
189481684
189481692
189481706
189481714
189481730
189481749
189481757
189481773
189481781
18948179X
189481803
189481811
189481838
189481846
189481854
189481862
189481870
189481897
189481900
189481919
189481927
189481935
189481943
189481951
18948196X
189481978
189481994
189482001
18948201X
189482028
189482036
189482044
189482079
189482087
189482095
189482133
189482141
18948215X
189482168
189482176
189482184
189482192
189482206
189482222
189482230
189482249
189482257
189482265
189482273
189482281
18948229X
189482303
189482311
18948232X
189482338
189482346
189482354
189482362
189482370
189482389
189482397
189482400
189482419
189482427
189482443
189482451
18948246X
189482486
189482494
189482516
189482524
189482532
189482540
189482559
189482567
189482575
189482583
189482591
189482605
189482621
18948263X
189482648
189482664
189482672
189482680
189482699
189482702
189482710
189482745
189482761
18948277X
189482788
189482796
18948280X
189482826
189482834
189482842
189482869
189482877
189482885
189482893
189482907
189482915
189482923
189482931
18948294X
189482958
189482966
189482974
189482982
189482990
189483008
189483016
189483024
189483032
189483040
189483059
189483067
189483075
189483083
189483091
189483105
189483113
189483121
18948313X
189483148
189483156
189483172
189483180
189483199
189483202
189483229
189483237
189483245
189483253
189483261
18948327X
189483288
189483296
18948330X
189483318
189483326
189483334
189483342
189483350
189483369
189483385
189483393
189483407
189483415
189483423
189483431
18948344X
189483458
189483466
189483474
189483482
189483490
189483504
189483520
189483539
189483547
189483555
189483563
189483571
18948358X
189483598
189483601
18948361X
189483628
189483636
189483644
189483652
189483660
189483679
189483687
189483695
189483709
189483725
189483733
18948375X
189483768
189483776
189483784
189483792
189483806
189483814
189483822
189483830
189483849
189483857
189483865
189483873
189483881
189483903
189483911
18948392X
189483946
189483954
189483962
189483970
189483989
189483997
189484004
189484012
189484020
189484039
189484047
189484055
189484063
18948408X
189484098
189484101
18948411X
189484128
189484136
189484144
189484152
189484160
189484179
189484209
189484217
189484225
189484233
18948425X
189484268
189484276
189484284
189484306
189484314
189484322
189484330
189484349
189484357
189484365
189484373
189484381
18948439X
189484403
189484411
18948442X
189484438
189484446
189484454
189484462
189484470
189484489
189484500
189484519
189484527
189484535
189484543
189484551
18948456X
189484578
189484586
189484594
189484608
189484640
189484659
189484667
189484675
189484691
189484705
189484713
189484721
189484756
189484764
189484772
189484780
189484799
189484802
189484829
189484845
189484853
189484861
18948487X
189484888
189484896
18948490X
189484918
189484926
189484934
189484942
189484950
189484969
189484977
189484985
189484993
189485035
189485043
189485051
189485078
189485086
189485094
189485108
189485116
189485124
189485140
189485159
189485167
189485175
189485183
189485191
189485205
189485213
18948523X
189485248
189485256
189485264
189485272
189485299
189485302
189485345
189485353
189485361
18948537X
189485388
189485396
18948540X
189485418
189485434
189485442
189485477
189485485
189485493
189485507
189485515
189485523
189485531
18948554X
189485558
189485566
189485574
189485582
189485590
189485612
189485620
189485639
189485655
189485663
189485671
18948568X
189485698
18948571X
189485728
189485736
189485744
189485752
189485760
189485779
189485787
189485795
189485809
189485817
189485825
189485833
189485841
189485868
189485876
189485884
189485892
189485906
189485914
189485922
189485930
189485949
189485957
189485965
189485973
189485981
18948599X
189486007
189486015
189486031
189486058
189486066
189486074
189486082
189486090
189486104
189486112
189486139
189486147
189486155
189486171
18948618X
189486198
189486201
18948621X
189486228
189486236
189486244
189486252
189486260
189486279
189486287
189486295
189486309
189486317
189486333
189486341
18948635X
189486368
189486376
189486384
189486392
189486406
189486414
189486422
189486430
189486449
189486457
189486465
189486473
189486511
18948652X
189486538
189486546
189486554
189486589
189486597
189486600
189486619
189486635
189486643
189486651
18948666X
189486686
189486708
189486716
189486732
189486759
189486767
189486783
189486791
189486805
189486813
189486821
18948683X
189486848
189486856
189486864
189486872
189486899
189486910
189486929
189486945
189486961
18948697X
189486996
189487003
189487011
18948702X
189487046
189487054
189487062
189487070
189487089
189487097
189487100
189487119
189487127
189487143
189487151
18948716X
189487178
189487186
189487194
189487232
189487240
189487259
189487267
189487275
189487283
189487291
189487321
18948733X
189487348
189487356
189487364
189487372
189487380
189487399
189487402
189487410
189487429
189487437
189487445
189487453
189487461
18948747X
189487488
189487496
18948750X
189487518
189487534
189487542
189487550
189487569
189487585
189487593
189487607
189487615
189487623
189487631
189487674
189487682
189487704
189487712
189487720
189487739
189487747
189487755
189487763
189487771
18948778X
189487798
189487801
18948781X
189487828
189487836
189487852
189487879
189487887
189487895
189487909
189487917
189487925
189487933
189487941
18948795X
189487968
189487976
189487984
189487992
18948800X
189488026
189488034
189488042
189488050
189488069
189488093
189488107
189488115
189488123
189488131
18948814X
189488158
189488166
189488174
189488190
189488212
189488220
189488247
189488255
189488263
189488271
18948828X
189488298
189488301
18948831X
189488328
189488336
189488344
189488352
189488360
189488379
189488387
189488395
189488409
189488417
189488425
189488433
189488441
18948845X
189488468
189488484
189488492
189488506
189488522
189488549
189488573
189488581
18948859X
189488603
189488611
18948862X
189488638
189488646
189488654
189488670
189488689
189488697
189488700
189488719
189488727
189488735
189488751
18948876X
189488786
189488808
189488816
189488824
189488832
189488840
189488859
189488867
189488875
189488883
189488891
189488905
18948893X
189488948
189488964
189488972
189488980
189488999
189489006
189489014
189489022
189489030
189489049
189489065
189489073
189489081
189489103
189489111
18948912X
189489138
189489146
189489154
189489162
189489189
189489197
189489200
189489227
189489235
189489243
189489251
18948926X
189489278
189489286
189489308
189489332
189489359
189489367
189489391
189489405
189489413
189489421
18948943X
189489448
189489456
189489464
189489472
189489480
189489510
189489529
189489537
189489545
189489553
189489561
18948957X
189489588
189489596
18948960X
189489618
189489634
189489642
189489650
189489669
189489677
189489685
189489693
189489707
189489715
189489731
18948974X
189489766
189489774
189489790
189489804
189489812
189489820
189489839
189489847
189489855
189489871
18948988X
189489898
189489901
18948991X
189489928
189489936
189489944
189489952
189489960
189489979
189489987
189490004
189490020
189490047
189490055
189490063
189490071
18949008X
189490098
189490101
18949011X
189490128
189490136
189490144
189490160
189490179
189490187
189490195
189490225
189490233
189490241
18949025X
189490268
189490276
189490284
189490292
189490314
189490322
189490349
189490365
189490373
189490381
189490411
18949042X
189490438
189490446
189490454
189490462
189490470
189490489
189490527
189490535
189490543
189490551
18949056X
189490578
189490586
189490594
189490608
189490632
189490640
189490667
189490675
189490683
189490691
189490705
189490713
18949073X
189490748
189490764
189490772
189490780
189490799
189490810
189490829
189490837
189490845
189490853
189490861
189490888
18949090X
189490918
189490926
189490934
189490942
189490950
189490969
189490977
189490985
189490993
189491000
189491019
189491027
189491035
189491043
189491051
18949106X
189491078
189491086
189491108
189491116
189491124
189491132
189491140
189491159
189491167
189491175
189491183
189491213
189491221
18949123X
189491248
189491256
189491264
189491272
189491280
189491302
189491310
189491329
189491337
189491345
189491353
189491361
189491388
189491426
189491434
189491450
189491469
189491485
189491493
189491515
189491531
189491558
189491566
189491574
189491590
189491604
189491612
189491639
189491655
189491663
189491671
18949168X
189491698
189491701
189491728
189491736
189491744
189491752
189491760
189491809
189491817
189491825
189491833
189491841
18949185X
189491868
189491876
189491906
189491922
189491930
189491973
189491981
18949199X
189492007
189492015
189492023
18949204X
189492058
189492066
189492074
189492090
189492112
189492120
189492147
189492155
189492163
189492171
189492198
189492201
18949221X
189492228
189492236
189492244
189492260
189492279
189492287
189492317
189492333
189492341
18949235X
189492368
189492384
189492392
189492406
189492414
189492422
189492449
189492465
189492473
18949249X
189492503
189492511
189492554
189492562
189492589
189492600
189492619
189492635
189492651
18949266X
189492678
189492686
189492708
189492716
189492724
189492740
189492759
189492767
189492775
189492783
189492791
189492805
189492821
18949283X
189492848
189492856
189492872
189492880
189492910
189492929
189492945
189492953
189492961
189492988
189492996
189493003
189493011
189493046
189493054
189493070
189493089
189493097
189493100
189493119
189493127
189493143
189493151
18949316X
189493178
189493216
189493224
189493232
189493240
189493259
189493267
189493291
189493305
189493313
189493321
189493348
189493356
189493364
189493372
189493399
189493402
189493429
189493437
189493453
189493461
18949347X
189493496
18949350X
189493518
189493526
189493534
189493542
189493577
189493593
189493607
189493623
189493631
189493658
189493666
189493674
189493682
189493690
189493704
189493712
189493720
189493739
189493763
189493771
189493801
18949381X
189493828
189493836
189493844
189493852
189493860
189493895
189493909
189493925
189493933
189493941
18949395X
189493968
189493984
189493992
189494026
189494034
189494050
189494077
189494093
189494107
189494131
18949414X
189494158
189494166
189494174
189494182
189494190
189494204
189494220
189494239
189494247
189494255
189494263
189494298
189494301
18949431X
189494328
189494336
189494344
189494352
189494379
189494387
189494395
189494417
189494425
189494433
189494441
18949445X
189494468
189494476
189494484
189494492
189494506
189494514
189494557
189494565
189494573
189494603
18949462X
189494638
189494646
189494662
189494697
189494700
189494727
189494735
189494743
189494751
18949476X
189494778
189494786
189494808
189494816
189494832
189494840
189494859
189494883
189494891
189494905
189494913
189494921
18949493X
189494948
189494956
189494964
189494972
189494999
189495014
189495030
189495049
189495057
189495065
189495081
18949509X
189495103
189495111
18949512X
189495138
189495154
189495162
189495170
189495189
189495200
189495219
189495227
189495243
189495251
18949526X
189495278
189495286
189495294
189495308
189495324
189495340
189495359
189495367
189495375
189495383
189495391
189495405
189495448
189495464
189495472
189495480
189495510
189495529
189495537
189495545
189495553
189495561
18949557X
189495588
189495596
18949560X
189495626
189495634
189495650
189495677
189495685
189495693
189495707
189495715
189495723
18949574X
189495758
189495774
189495782
189495790
189495804
189495812
189495820
189495863
18949588X
189495898
189495901
189495928
189495936
189495944
189495952
189495960
189495979
189495987
189495995
189496002
189496037
189496045
189496053
189496061
18949607X
189496088
189496096
18949610X
189496118
189496134
189496169
189496177
189496185
189496207
189496231
18949624X
189496258
189496290
189496304
189496312
189496320
189496355
189496363
18949638X
189496401
189496428
189496436
189496452
189496460
189496479
189496487
189496509
189496517
189496525
189496533
189496541
18949655X
189496568
189496584
189496592
189496614
189496630
189496657
189496665
189496673
189496711
18949672X
189496746
189496762
189496770
189496789
189496797
189496800
189496819
189496827
189496835
189496843
189496851
189496878
189496886
189496908
189496916
189496924
189496959
189496967
189496975
189496983
189496991
189497009
189497025
189497076
189497084
189497092
189497106
189497149
189497203
189497211
189497246
189497254
189497262
189497289
189497297
189497319
189497335
189497343
189497351
189497378
189497386
189497394
189497424
189497432
189497440
189497459
189497467
189497491
189497521
18949753X
189497556
189497564
189497580
189497629
189497653
189497661
18949767X
189497688
189497696
189497726
189497734
189497742
189497750
189497769
189497785
189497793
189497823
189497831
189497858
189497866
189497874
189497890
189497904
189497912
189497920
189497955
189498005
189498013
189498021
189498048
189498064
189498080
189498099
189498110
18949817X
189498188
189498196
189498218
189498226
189498234
189498242
189498269
189498277
189498285
189498293
189498307
189498315
18949834X
189498358
189498366
189498374
189498382
189498390
189498412
189498439
189498463
189498471
18949848X
189498501
18949851X
189498528
189498544
189498552
189498560
189498579
189498595
189498617
189498625
189498633
18949865X
189498668
189498684
189498692
189498706
189498722
189498730
189498757
189498773
189498781
189498803
189498811
18949882X
189498838
189498854
189498862
189498870
189498889
189498897
189498919
189498935
189498943
189498951
18949896X
189498978
189498986
189499001
189499028
189499036
189499044
189499052
189499079
189499087
189499095
189499109
189499117
189499125
189499133
18949915X
189499176
189499206
189499222
189499230
189499249
189499257
189499273
18949929X
189499303
189499311
189499346
189499354
189499370
189499389
189499400
189499419
189499427
189499443
189499451
18949946X
189499478
189499494
189499524
189499540
189499559
189499591
189499621
18949963X
189499648
189499656
189499664
189499672
189499680
189499699
189499710
189499729
189499745
189499761
189499796
18949980X
189499826
189499850
189499907
189499915
189499923
189499931
189499958
189499974
189499990
18950000X
189500018
189500026
189500034
189500042
189500069
189500085
189500093
189500107
189500115
189500123
189500131
18950014X
189500158
189500174
189500182
189500204
189500220
189500247
189500255
189500263
189500271
18950028X
189500298
189500301
18950031X
189500352
189500387
189500409
189500417
189500425
189500433
189500441
18950045X
189500468
189500476
189500506
189500514
189500522
189500530
189500557
189500565
189500573
189500581
18950059X
189500603
18950062X
189500638
189500654
189500662
189500670
189500697
189500700
189500719
189500727
189500743
189500751
189500778
189500794
189500808
189500816
189500859
189500867
189500875
189500883
189500891
189500905
18950093X
189500948
189500964
189500972
189500999
189501014
189501022
189501030
189501065
189501073
189501081
18950109X
189501103
189501111
18950112X
189501138
189501146
189501154
189501162
189501170
189501189
189501200
189501219
189501235
189501243
189501251
189501278
189501286
189501294
189501308
189501316
189501324
189501340
189501359
189501367
189501375
189501383
189501448
189501456
189501464
189501480
189501499
189501529
189501553
189501561
18950157X
189501596
18950160X
189501626
189501642
189501650
189501677
189501693
189501723
189501731
18950174X
189501758
189501804
189501839
189501847
189501863
189501871
18950188X
189501901
18950191X
189501928
189501936
189501944
189501952
189501987
189501995
189502002
189502010
189502029
189502037
189502053
18950207X
189502088
189502096
189502118
189502126
189502134
189502142
189502150
189502169
189502185
189502193
189502207
189502231
18950224X
189502304
189502312
189502320
189502339
189502355
189502363
189502371
189502398
189502401
18950241X
189502452
189502460
189502479
189502509
189502517
189502525
18950255X
189502568
189502576
189502592
189502606
189502649
189502673
18950269X
189502703
189502711
18950272X
189502738
189502746
189502754
189502770
189502797
189502800
189502827
189502843
189502851
189502916
189502975
189502983
189503017
189503033
189503041
189503076
189503106
189503114
189503122
189503165
189503173
189503181
18950319X
189503203
189503238
189503246
189503254
189503343
189503351
189503378
189503394
189503408
189503416
189503432
189503440
189503459
189503475
189503491
189503505
189503521
18950353X
189503548
189503564
189503572
189503599
189503610
189503637
189503653
189503661
18950367X
18950370X
189503718
189503726
189503750
189503769
189503777
189503785
189503807
189503823
189503831
18950384X
189503858
189503866
189503874
189503904
189503912
189503920
189503939
189503947
189503963
189503971
18950398X
189503998
189504005
189504013
189504021
18950403X
189504048
189504056
189504064
189504080
189504099
189504102
189504129
189504137
189504145
189504161
189504188
189504196
189504218
189504226
189504285
189504307
189504315
189504323
189504331
18950434X
189504358
189504366
189504374
189504390
189504404
189504412
189504420
189504439
189504447
189504455
189504463
189504471
189504498
18950451X
189504528
189504536
189504560
189504579
189504587
189504595
189504609
189504617
189504625
18950465X
189504676
189504684
189504692
189504706
189504730
189504749
189504757
189504765
189504773
189504803
189504838
189504854
189504870
189504889
189504897
189504919
189504927
189504935
189504951
18950496X
189504986
189504994
189505001
18950501X
189505028
189505036
189505060
189505079
189505087
189505095
189505117
189505125
189505133
18950515X
189505168
189505184
189505206
189505214
189505222
189505230
189505249
189505265
189505273
189505281
18950529X
189505303
189505311
18950532X
189505362
189505397
189505435
189505443
18950546X
189505478
189505486
189505494
189505508
189505516
189505532
189505540
189505575
189505583
189505591
189505613
189505621
18950563X
189505648
189505656
189505664
189505672
189505680
189505699
189505702
189505710
189505729
189505745
189505753
189505761
189505796
18950580X
189505818
189505826
189505834
189505842
189505850
189505877
189505885
189505893
189505907
189505915
189505923
189505931
18950594X
189505958
189505966
189505974
189505990
189506032
189506040
189506075
189506083
189506091
189506121
18950613X
189506148
189506156
189506199
189506202
189506229
189506237
189506245
18950627X
189506288
189506296
18950630X
189506318
189506326
189506334
189506342
189506350
189506369
189506385
189506393
189506407
189506423
189506431
18950644X
189506458
189506466
189506474
189506482
189506490
189506504
189506520
189506539
189506547
189506555
189506563
189506571
18950658X
189506598
189506601
18950661X
189506628
189506644
189506652
189506679
189506687
189506695
189506709
189506717
189506725
189506733
189506768
189506776
189506784
189506792
189506830
189506849
189506857
189506865
189506873
189506881
18950689X
189506903
18950692X
189506938
189506946
189506962
189506989
189506997
189507004
189507039
189507047
189507055
189507063
189507098
189507101
18950711X
189507128
189507136
189507144
189507152
189507160
189507187
189507195
189507217
189507225
189507241
18950725X
189507268
189507276
189507284
189507292
189507306
189507314
189507322
189507330
189507349
189507357
189507365
189507373
189507381
18950739X
189507403
189507411
189507446
189507462
189507470
189507489
189507497
189507500
189507519
189507535
189507543
189507551
18950756X
189507578
189507586
189507594
189507608
189507616
189507624
189507632
189507640
189507659
189507667
189507675
189507683
189507705
189507713
189507721
189507748
189507756
189507764
189507772
189507780
189507799
189507802
189507810
189507829
189507837
189507845
189507853
189507861
18950787X
189507888
189507896
18950790X
189507918
189507926
189507934
189507950
189507977
189507985
189507993
189508000
189508019
189508027
189508043
189508051
18950806X
189508078
189508086
189508094
189508108
189508116
189508124
189508132
189508140
189508159
189508167
189508175
189508183
189508191
189508205
189508213
189508221
18950823X
189508248
189508256
189508264
189508280
189508299
189508310
189508329
189508337
189508345
189508361
18950837X
189508388
189508396
18950840X
189508418
189508426
189508434
189508442
189508485
189508493
189508507
189508515
189508523
189508531
18950854X
189508558
189508582
189508590
189508612
189508620
189508647
189508655
189508663
189508671
18950868X
189508698
189508701
18950871X
189508728
189508736
189508744
189508752
189508760
189508779
189508787
189508795
189508809
189508817
189508825
189508833
189508841
18950885X
189508876
189508884
189508892
189508906
189508914
189508922
189508930
189508949
189508957
189508965
189508973
189508981
18950899X
189509007
189509015
189509023
189509031
18950904X
189509058
189509066
189509074
189509082
189509090
189509104
189509112
189509120
189509155
189509163
189509171
189509198
189509201
18950921X
189509228
189509236
189509244
189509252
189509260
189509279
189509287
189509295
189509309
189509317
189509325
189509333
189509341
189509368
189509376
189509384
189509392
189509406
189509414
189509422
189509430
189509449
189509465
189509473
189509481
189509511
18950952X
189509538
189509546
189509554
189509562
189509570
189509589
189509597
189509600
189509619
189509627
189509635
18950966X
189509686
189509708
189509716
189509724
189509740
189509759
189509767
189509775
189509783
189509791
189509805
18950983X
189509848
189509856
189509864
189509872
189509880
189509899
189509902
189509910
189509929
189509945
189509953
189509961
189509996
189510005
189510013
189510021
18951003X
189510048
189510056
189510064
189510072
189510099
189510129
189510137
189510145
189510153
189510161
18951017X
189510188
189510196
18951020X
189510218
189510226
189510250
189510269
189510293
189510307
189510315
189510323
189510331
18951034X
189510358
189510366
189510374
189510382
189510390
189510412
189510439
189510447
189510471
18951048X
189510498
189510501
189510528
189510544
189510579
189510595
189510609
189510617
189510625
189510633
189510641
18951065X
189510668
189510676
189510684
189510692
189510706
189510714
189510722
189510730
189510749
189510757
189510765
189510773
189510781
18951079X
189510803
189510811
18951082X
189510838
189510846
189510854
189510862
189510870
189510889
189510900
189510919
189510927
189510935
189510943
189510978
189510986
189510994
18951101X
189511028
189511044
189511052
189511060
189511079
189511087
189511095
189511109
189511117
189511125
189511133
189511141
189511168
189511176
189511184
189511192
189511206
189511214
189511257
189511265
189511273
189511281
18951129X
189511311
18951132X
189511346
189511354
189511362
189511370
189511389
189511397
189511400
189511419
189511427
189511435
189511443
189511451
18951146X
189511478
189511486
189511494
189511508
189511516
189511524
189511532
189511540
189511559
189511567
189511575
189511583
189511591
189511605
189511621
18951163X
189511648
189511656
189511664
189511672
189511680
189511702
189511710
189511729
189511737
189511745
189511753
189511761
18951177X
189511788
189511796
18951180X
189511818
189511826
189511842
189511850
189511869
189511885
189511893
189511907
189511915
189511923
189511931
18951194X
189511958
189511966
189511974
189511982
189511990
189512008
189512024
189512032
189512040
189512059
189512067
189512075
189512083
189512091
189512105
189512121
18951213X
189512148
189512156
189512180
189512199
189512245
189512253
18951227X
189512288
189512318
189512326
189512334
189512342
189512369
189512377
189512385
189512393
189512407
189512415
189512423
189512431
18951244X
189512474
189512482
189512490
189512504
189512512
189512520
189512539
189512547
189512555
189512563
189512571
189512601
189512628
189512636
189512644
189512660
189512679
189512687
189512709
189512717
189512725
189512733
189512741
18951275X
189512768
189512776
189512784
189512792
189512814
189512822
189512849
189512857
189512865
189512873
189512881
18951289X
18951292X
189512946
189512954
189512962
189512970
189512989
189512997
189513004
189513012
189513020
189513039
189513047
189513055
189513063
189513071
18951308X
189513098
189513101
18951311X
189513136
189513144
189513152
189513160
189513179
189513187
189513195
189513209
189513225
189513233
189513241
18951325X
189513268
189513276
189513292
189513306
189513314
189513322
189513330
189513349
189513357
189513373
18951339X
189513403
189513411
18951342X
189513438
189513446
189513454
189513462
189513470
189513489
189513497
189513500
189513527
189513543
189513578
189513586
189513594
189513608
189513616
189513632
189513640
189513667
189513675
189513683
189513691
189513705
189513713
189513721
189513748
189513756
189513772
189513780
189513799
189513802
189513810
189513829
189513837
189513845
189513853
189513861
18951387X
189513888
189513896
189513926
189513934
189513942
189513950
189513969
189513977
189513985
189513993
189514000
189514019
189514027
189514035
189514043
189514051
18951406X
189514078
189514086
189514108
189514116
189514124
189514140
189514167
189514175
189514183
189514205
189514213
189514221
18951423X
189514248
189514256
189514264
189514272
189514280
189514302
189514310
189514329
189514337
189514345
189514353
189514361
18951437X
189514388
189514396
18951440X
189514418
189514426
189514442
189514450
189514469
189514477
189514485
189514493
189514507
189514515
189514523
189514531
18951454X
189514558
189514566
189514574
189514582
189514590
189514604
189514612
189514620
189514639
189514647
189514655
189514663
189514671
18951468X
189514698
189514701
18951471X
189514728
189514736
189514752
189514760
189514779
189514787
189514795
189514809
189514817
189514825
189514833
189514841
18951485X
189514868
189514876
189514884
189514892
189514906
189514914
189514930
189514949
189514965
189514973
189514981
18951499X
189515007
189515015
189515023
189515031
18951504X
189515058
189515066
189515074
189515082
189515090
189515104
189515112
189515120
189515139
189515147
189515155
189515163
189515171
18951518X
189515198
189515201
18951521X
189515228
189515236
189515244
189515260
189515279
189515287
189515295
189515309
189515317
189515325
189515333
189515341
18951535X
189515368
189515376
189515384
189515392
189515406
189515414
189515422
189515430
189515449
189515457
189515465
189515473
189515481
18951549X
189515511
18951552X
189515538
189515546
189515562
189515570
189515589
189515597
189515600
189515619
189515635
189515643
189515651
18951566X
189515686
189515694
189515708
189515716
189515724
189515732
189515740
189515759
189515767
189515775
189515783
189515791
189515805
189515813
189515821
18951583X
189515848
189515856
189515864
189515872
189515880
189515899
189515902
189515910
189515929
189515937
189515945
189515953
189515961
18951597X
189515988
189515996
189516003
189516011
18951602X
189516038
189516046
189516054
189516062
189516070
189516089
189516097
189516100
189516119
189516127
189516135
189516143
189516151
18951616X
189516178
189516186
189516194
189516208
189516216
189516224
189516232
189516240
189516259
189516267
189516275
189516283
189516291
189516305
189516313
189516321
18951633X
189516348
189516356
189516364
189516372
189516380
189516399
189516402
189516410
189516429
189516437
189516445
189516453
189516461
18951647X
189516488
189516526
189516534
189516550
189516569
189516577
189516585
189516593
189516607
189516615
189516623
189516631
18951664X
189516658
189516666
189516674
189516682
189516690
189516704
189516712
189516720
189516739
189516747
189516755
189516763
189516771
18951678X
189516798
189516801
18951681X
189516828
189516836
189516844
189516852
189516860
189516879
189516887
189516895
189516909
189516917
189516925
189516933
189516941
18951695X
189516968
189516976
189516984
189516992
18951700X
189517018
189517026
189517034
189517042
189517050
189517069
189517077
189517085
189517093
189517107
189517115
189517123
189517131
18951714X
189517158
189517166
189517174
189517182
189517190
189517204
189517212
189517220
189517239
189517247
189517255
189517263
189517271
18951728X
189517298
189517301
18951731X
189517328
189517336
189517344
189517360
189517379
189517387
189517409
189517417
189517425
189517433
189517441
18951745X
189517468
189517476
189517506
189517514
189517522
189517530
189517549
189517557
189517565
189517573
189517581
18951759X
189517603
189517611
18951762X
189517638
189517646
189517654
189517662
189517670
189517689
189517697
189517700
189517719
189517727
189517735
189517743
189517751
189517778
189517808
189517816
189517824
189517832
189517840
189517859
189517867
189517875
189517883
189517891
189517905
189517913
189517921
18951793X
189517948
189517956
189517964
189517972
189517980
189517999
189518006
189518014
189518022
189518030
189518049
189518057
189518065
189518073
189518081
18951809X
189518103
189518111
18951812X
189518138
189518146
189518154
189518162
189518170
189518189
189518197
189518200
189518219
189518227
189518235
189518251
18951826X
189518286
189518294
189518308
189518316
189518324
189518332
189518340
189518359
189518375
189518383
189518391
189518405
189518413
189518421
18951843X
189518448
189518456
189518464
189518472
189518480
189518499
189518502
189518510
189518529
189518537
189518545
189518553
189518561
18951857X
189518588
189518596
18951860X
189518618
189518626
189518634
189518642
189518650
189518669
189518677
189518685
189518693
189518707
189518715
189518723
18951874X
189518758
189518766
189518774
189518782
189518790
189518804
189518812
189518820
189518839
189518855
189518863
189518871
18951888X
189518898
189518901
18951891X
189518928
189518936
189518944
189518952
189518979
189518987
189518995
189519002
189519029
189519037
189519045
189519053
189519061
18951907X
189519088
189519096
18951910X
189519118
189519126
189519134
189519142
189519150
189519169
189519177
189519185
189519193
189519207
189519215
189519223
189519231
189519258
189519266
189519274
189519282
189519290
189519304
189519312
189519320
189519339
189519347
189519363
189519371
18951938X
189519398
18951941X
189519428
189519436
189519444
189519452
189519460
189519479
189519487
189519495
189519517
189519525
189519533
189519541
18951955X
189519568
189519584
189519592
189519606
189519614
189519622
189519630
189519649
189519657
189519665
189519673
189519681
18951969X
189519703
18951972X
189519738
189519746
189519754
189519762
189519770
189519789
189519797
189519800
189519819
189519827
189519835
189519843
189519851
18951986X
189519878
189519886
189519894
189519908
189519916
189519932
189519940
189519959
189519967
189519975
189519983
189519991
189520000
189520019
189520027
189520035
189520043
189520051
18952006X
189520078
189520086
189520094
189520108
189520116
189520124
189520132
189520140
189520159
189520167
189520175
189520183
189520191
189520205
189520213
18952023X
189520248
189520264
189520280
189520299
189520302
189520310
189520329
189520337
189520353
189520361
18952037X
189520388
189520396
18952040X
189520418
189520426
189520434
189520442
189520450
189520469
189520477
189520485
189520493
189520507
189520531
18952054X
189520558
189520566
189520574
189520582
189520590
189520604
189520612
189520620
189520639
189520647
189520663
189520671
189520698
189520701
18952071X
189520728
189520736
189520744
189520752
189520760
189520779
189520787
189520795
189520809
189520817
189520825
189520833
189520841
18952085X
189520868
189520876
189520884
189520892
189520906
189520914
189520922
189520949
189520957
189520965
189520973
189520981
18952099X
189521007
189521015
189521023
18952104X
189521058
189521066
189521074
189521082
189521090
189521104
189521112
189521120
189521139
189521147
189521155
189521163
189521171
18952118X
189521198
189521201
189521228
189521236
189521244
189521252
189521260
189521279
189521295
189521309
189521317
189521325
189521333
189521341
18952135X
189521368
189521376
189521384
189521392
189521406
189521414
189521422
189521430
189521449
189521457
189521465
189521473
189521481
18952149X
189521511
18952152X
189521538
189521546
189521554
189521562
189521570
189521589
189521597
189521600
189521627
189521635
189521643
189521651
18952166X
189521678
189521694
189521708
189521716
189521724
189521732
189521740
189521759
189521767
189521775
189521783
189521791
189521813
189521821
18952183X
189521848
189521856
189521864
189521872
189521880
189521899
189521902
189521929
189521937
189521945
189521953
189521961
18952197X
189521988
189521996
189522003
18952202X
189522038
189522046
189522054
189522062
189522070
189522089
189522097
189522100
189522119
189522127
189522135
189522143
189522151
189522178
189522186
189522194
189522208
189522216
189522224
189522232
189522240
189522259
189522267
189522275
189522283
189522305
189522313
189522321
18952233X
189522348
189522356
189522364
189522372
189522380
189522399
189522402
189522410
189522429
189522437
189522445
189522453
189522461
18952247X
189522488
189522496
18952250X
189522518
189522526
189522534
189522542
189522550
189522569
189522577
189522585
189522593
189522607
189522615
189522623
189522631
18952264X
189522666
189522674
189522690
189522704
189522712
189522720
189522739
189522755
189522763
189522771
18952278X
189522798
189522801
18952281X
189522828
189522836
189522844
189522852
189522860
189522879
189522887
189522895
189522909
189522917
189522925
189522933
18952295X
189522968
189522976
189522984
189522992
18952300X
189523018
189523026
189523034
189523042
189523069
189523077
189523085
189523093
189523107
189523115
189523123
189523131
189523158
189523166
189523182
189523190
189523204
189523239
189523247
189523255
189523263
189523271
189523298
189523301
189523328
189523344
189523352
189523360
189523379
189523387
189523395
189523409
189523417
189523425
189523433
189523441
18952345X
189523468
189523476
189523484
189523492
189523506
189523514
189523522
189523530
189523549
189523557
189523565
189523573
189523581
18952359X
189523603
189523611
18952362X
189523638
189523654
189523662
189523670
189523689
189523697
189523700
189523719
189523743
189523751
18952376X
189523778
189523786
189523794
189523808
189523816
189523824
189523832
189523840
189523859
189523867
189523875
189523891
189523905
189523913
189523921
18952393X
189523948
189523956
189523964
189523972
189523980
189523999
189524006
189524014
189524022
189524030
189524049
189524057
189524065
189524073
189524081
18952409X
189524103
189524111
189524138
189524146
189524162
189524170
189524189
189524197
189524200
189524219
189524227
189524235
189524243
18952426X
189524278
189524286
189524308
189524316
189524324
189524332
189524340
189524359
189524367
189524375
189524383
189524391
189524405
189524413
18952443X
189524448
189524464
189524472
189524480
189524499
189524502
189524510
189524529
189524537
189524545
189524553
189524561
18952457X
189524588
189524596
18952460X
189524618
189524626
189524634
189524642
189524650
189524669
189524677
189524685
189524693
189524707
189524715
189524731
18952474X
189524758
189524766
189524774
189524782
189524790
189524804
189524812
189524820
189524839
189524847
189524855
189524863
189524871
18952488X
189524898
18952491X
189524928
189524936
189524944
189524952
189524960
189524979
189524987
189524995
189525002
189525010
189525029
189525037
189525045
189525061
18952507X
189525088
18952510X
189525118
189525126
189525134
189525142
189525150
189525169
189525177
189525185
189525193
189525207
189525215
189525223
189525231
18952524X
189525258
189525266
189525274
189525282
189525290
189525304
189525312
189525320
189525339
189525347
189525355
189525371
18952538X
189525398
189525401
18952541X
189525428
189525436
189525444
189525452
189525460
189525479
189525487
189525495
189525509
189525517
189525525
189525533
189525541
18952555X
189525568
189525576
189525584
189525592
189525606
189525614
189525622
189525630
189525649
189525657
189525665
189525673
189525681
18952569X
189525703
189525711
18952572X
189525738
189525746
189525754
189525762
189525770
189525789
189525797
189525800
189525819
189525827
189525835
189525843
189525851
18952586X
189525878
189525886
189525894
189525908
189525916
189525924
189525932
189525940
189525959
189525967
189525975
189525983
189525991
189526009
189526017
189526025
189526033
189526041
18952605X
189526068
189526076
189526084
189526092
189526106
189526114
189526122
189526130
189526149
189526157
189526165
189526173
189526181
18952619X
189526203
189526211
18952622X
189526238
189526246
189526254
189526262
189526270
189526289
189526297
189526300
189526319
189526327
189526335
189526343
189526351
18952636X
189526378
189526386
189526394
189526408
189526416
189526424
189526432
189526440
189526459
189526475
189526483
189526491
189526505
189526513
189526521
18952653X
189526548
189526556
189526564
189526572
189526580
189526599
189526602
189526610
189526629
189526637
189526645
189526653
189526661
18952667X
189526688
189526696
18952670X
189526718
189526726
189526742
189526750
189526769
189526777
189526785
189526793
189526807
189526823
189526831
18952684X
189526858
189526866
189526874
189526882
189526890
189526904
189526912
189526920
189526939
189526947
189526955
189526963
189526971
18952698X
189526998
189527005
189527013
189527021
18952703X
189527048
189527056
189527064
189527080
189527102
189527110
189527129
189527153
189527161
18952717X
189527188
189527196
18952720X
189527218
189527226
189527234
189527242
189527250
189527269
189527277
189527285
189527293
189527307
189527315
189527323
189527331
18952734X
189527358
189527382
189527404
189527412
189527420
189527439
189527447
189527455
189527463
189527471
18952748X
189527498
189527501
18952751X
189527528
189527536
189527544
189527552
189527579
189527595
189527617
189527625
189527633
189527641
189527668
189527676
189527684
189527692
189527706
189527714
189527722
189527730
189527749
189527757
189527765
189527773
189527781
18952779X
189527811
18952782X
189527838
189527846
189527854
189527862
189527870
189527889
189527897
189527900
189527919
189527935
189527951
18952796X
189527978
189527986
189528001
18952801X
189528028
189528044
189528052
189528060
189528095
189528109
189528125
189528133
18952815X
189528168
189528176
189528184
189528192
189528206
189528214
189528230
189528249
189528257
189528265
189528273
189528281
18952829X
189528311
18952832X
189528346
189528354
189528362
189528370
189528397
189528400
189528419
189528427
189528435
189528443
189528451
18952846X
189528478
189528486
189528494
189528508
189528516
189528524
189528532
189528540
189528567
189528591
189528605
189528613
189528648
189528656
189528672
189528680
189528699
189528702
189528710
189528737
189528745
189528753
18952877X
189528788
189528796
18952880X
189528818
189528826
189528834
189528842
189528850
189528869
189528885
189528893
189528907
189528915
189528923
189528931
18952894X
189528958
189528966
189528982
189528990
189529008
189529024
189529040
189529059
189529067
189529075
189529083
189529091
189529105
189529113
189529121
189529164
189529172
189529180
189529202
189529210
189529229
189529237
189529245
189529253
189529261
18952927X
189529296
18952930X
189529326
189529334
189529350
189529369
189529377
189529385
189529415
189529423
18952944X
189529458
189529466
189529482
189529490
189529504
189529512
189529547
189529563
189529571
18952958X
189529598
189529601
189529628
189529644
189529652
189529660
189529679
189529687
189529695
189529709
189529717
189529741
189529768
189529776
189529784
189529792
189529806
189529814
189529822
189529830
189529849
189529857
189529865
189529873
18952989X
189529911
189529938
189529946
189529954
189529962
189529970
189529989
189530006
189530022
189530030
189530049
189530057
189530065
189530073
189530081
18953009X
189530103
189530111
18953012X
189530138
189530154
189530162
189530170
189530200
189530219
189530227
189530235
189530243
18953026X
189530278
189530286
189530294
189530308
189530324
189530340
189530359
189530367
189530375
189530383
189530391
189530405
189530413
189530421
189530448
189530456
189530464
189530472
189530480
189530499
189530502
189530510
189530529
189530537
189530545
189530553
189530561
18953057X
189530588
189530596
18953060X
189530618
189530626
189530634
189530642
189530650
189530669
189530677
189530685
189530693
189530707
189530715
189530723
189530731
18953074X
189530758
189530766
189530774
189530782
189530790
189530804
189530812
189530820
189530839
189530847
189530863
189530871
18953088X
189530898
189530901
18953091X
189530928
189530936
189530944
189530952
189530960
189530979
189530987
189530995
189531002
189531010
189531029
189531037
189531045
189531053
189531061
18953107X
189531088
189531096
18953110X
189531126
189531134
189531142
189531169
189531177
189531185
189531193
189531215
189531223
189531231
18953124X
189531258
189531266
189531274
189531282
189531290
189531304
189531312
189531339
189531347
189531355
189531363
189531371
18953138X
189531398
18953141X
189531428
189531436
189531452
189531479
189531487
189531495
189531517
189531584
189531592
189531606
189531614
189531622
189531630
189531649
189531657
189531665
189531673
189531681
18953169X
189531703
189531711
18953172X
189531738
189531746
189531762
189531789
189531797
189531800
189531819
189531827
189531835
189531843
189531851
18953186X
189531878
189531886
189531894
189531908
189531916
189531924
189531932
189531940
189531959
189531975
189531983
189531991
189532009
189532017
189532025
189532033
189532041
18953205X
189532068
189532076
189532084
189532092
189532106
189532122
189532130
189532149
189532157
189532165
189532173
189532181
189532203
189532211
18953222X
189532238
189532246
189532254
189532262
189532270
189532289
189532297
189532300
189532319
189532327
189532335
189532343
189532351
18953236X
189532378
189532386
189532416
189532432
189532440
189532459
189532475
189532483
189532491
189532505
189532513
189532521
18953253X
189532548
189532556
189532572
189532580
189532599
189532610
189532629
189532637
189532645
189532653
189532661
18953267X
189532688
189532696
18953270X
189532718
189532734
189532742
189532750
189532769
189532777
189532785
189532793
189532807
189532815
189532823
18953284X
189532858
189532866
189532882
189532890
189532904
189532912
189532920
189532939
189532947
189532963
18953298X
189532998
189533005
189533013
189533021
18953303X
189533048
189533056
189533072
189533080
189533099
189533110
189533129
189533137
189533145
189533161
18953317X
189533188
189533196
189533218
189533226
189533234
189533242
189533250
189533269
189533277
189533285
189533293
189533307
189533315
189533323
189533331
18953334X
189533358
189533366
189533374
189533382
189533390
189533404
189533412
189533420
189533447
189533455
189533463
18953348X
189533501
18953351X
189533528
189533544
189533552
189533560
189533579
189533587
189533595
189533609
189533617
189533625
189533633
189533641
189533668
189533684
189533706
189533714
189533722
189533730
189533749
189533757
189533765
189533773
189533781
18953379X
189533803
189533811
18953382X
189533838
189533854
189533862
189533889
189533897
189533900
189533919
189533935
189533943
189533951
18953396X
189533978
189533986
189533994
189534001
18953401X
189534028
189534036
189534044
189534060
189534079
189534095
189534109
189534117
189534133
189534141
18953415X
189534168
189534176
189534184
189534192
189534206
189534214
189534222
189534257
189534281
18953429X
189534303
189534311
18953432X
189534338
189534346
189534362
189534370
189534389
189534397
189534400
189534419
189534427
189534435
189534443
189534451
18953446X
189534478
189534486
189534494
189534516
189534524
189534532
189534540
189534559
189534583
189534591
189534613
18953463X
189534648
189534656
189534664
189534672
189534680
189534699
189534702
189534710
189534729
189534737
189534745
189534753
189534761
18953477X
189534788
189534796
18953480X
189534818
189534826
189534834
189534842
189534850
189534869
189534877
189534885
189534893
189534907
189534915
189534931
18953494X
189534958
189534966
189534974
189534982
189534990
189535008
189535016
189535024
189535032
189535040
189535059
189535075
189535083
189535091
189535105
189535113
18953513X
189535148
189535172
189535180
189535202
189535229
189535237
189535245
189535253
189535261
18953527X
189535288
189535296
18953530X
189535326
189535334
189535342
189535350
189535377
189535385
189535393
189535407
189535415
189535423
189535431
18953544X
189535458
189535474
189535482
189535490
189535504
189535512
189535520
189535539
189535547
189535555
189535571
18953558X
189535601
18953561X
189535636
189535644
189535652
189535660
189535679
189535687
189535709
189535717
189535725
189535733
189535741
189535768
189535784
189535792
189535814
189535822
189535830
189535849
189535857
189535873
189535881
18953589X
189535903
189535911
18953592X
189535938
189535946
189535962
189535970
189535989
189535997
189536004
189536020
189536039
189536047
189536055
18953608X
189536101
189536128
189536136
189536152
189536160
189536179
189536195
189536217
189536225
189536233
189536241
189536268
189536276
189536284
189536292
189536306
189536314
189536322
189536330
189536349
189536365
189536373
189536381
18953639X
189536403
189536411
18953642X
189536438
189536446
189536454
189536470
189536497
189536527
189536535
189536543
189536551
18953656X
189536578
189536586
189536594
189536608
189536616
189536640
189536659
189536667
189536675
189536683
189536691
189536705
189536721
18953673X
189536748
189536756
189536764
189536780
189536799
189536802
189536810
189536829
189536837
189536853
189536861
18953687X
189536888
18953690X
189536926
189536942
189536950
189536969
189536977
189536985
189536993
189537000
189537019
189537027
189537035
189537043
189537051
18953706X
189537078
189537086
189537094
189537108
189537116
189537124
189537132
189537140
189537159
189537167
189537175
189537183
189537191
189537205
189537221
18953723X
189537248
189537256
189537264
189537272
189537280
189537299
189537302
189537310
189537329
189537337
189537345
189537353
189537361
18953737X
189537388
189537396
18953740X
189537418
189537426
189537434
189537442
189537450
189537469
189537477
189537485
189537493
189537507
189537515
189537523
18953754X
189537558
189537566
189537574
189537590
189537604
189537612
189537620
189537639
189537647
189537655
189537663
189537671
18953768X
189537698
189537701
189537728
189537736
189537744
189537760
189537779
189537787
189537809
189537817
189537825
189537833
189537841
18953785X
189537868
189537876
189537884
189537892
189537906
189537914
189537922
189537930
189537949
189537965
189537981
18953799X
189538007
189538015
189538023
189538031
18953804X
189538058
189538066
189538074
189538082
189538090
189538104
189538112
189538155
189538163
189538171
18953818X
189538198
189538201
18953821X
189538228
189538236
189538252
189538260
189538279
189538287
189538295
189538309
189538317
189538325
189538333
189538341
18953835X
189538368
189538376
189538392
189538406
189538414
189538422
189538430
189538457
189538465
189538473
18953849X
18953852X
189538538
189538546
189538554
189538562
189538570
189538589
189538597
189538600
189538619
189538627
189538635
189538643
189538651
18953866X
189538678
189538686
189538694
189538708
189538716
189538724
189538732
189538740
189538759
189538767
189538775
189538783
189538791
189538805
189538813
189538821
18953883X
189538848
189538856
189538864
189538872
189538880
189538899
189538902
189538910
189538929
189538937
189538945
189538953
189538961
18953897X
189538988
189538996
189539003
18953902X
189539038
189539046
189539054
189539062
189539070
189539089
189539097
189539100
189539119
189539127
189539135
189539143
189539151
18953916X
189539186
189539194
189539208
189539216
189539224
189539259
189539275
189539283
189539291
189539305
189539313
189539321
18953933X
189539348
189539356
189539364
189539372
189539380
189539399
189539453
189539461
18953947X
189539488
189539496
18953950X
189539518
189539526
189539534
189539550
189539569
189539577
189539585
189539593
189539615
189539623
189539631
18953964X
189539658
189539666
189539674
189539682
189539690
189539704
189539712
189539720
189539739
189539747
189539755
189539763
189539771
189539798
189539801
189539828
189539844
189539852
189539879
189539887
189539895
189539909
189539917
189539925
189539933
189539968
189539976
189539984
189539992
189540001
18954001X
189540028
189540036
189540044
189540052
189540060
189540079
189540087
189540095
189540109
189540117
189540125
189540133
18954015X
189540168
189540176
189540184
189540192
189540206
189540222
189540230
189540249
189540257
189540265
189540273
189540281
18954029X
189540303
189540311
18954032X
189540338
189540346
189540354
189540362
189540370
189540389
189540397
189540419
189540427
189540435
189540443
18954046X
189540478
189540486
189540494
189540508
189540516
189540524
189540532
189540559
189540567
189540605
189540613
189540621
18954063X
189540648
189540664
189540672
189540680
189540699
189540702
189540710
189540729
189540737
189540745
189540753
189540761
18954077X
189540796
18954080X
189540818
189540826
189540834
189540850
189540869
189540877
189540893
189540907
189540915
189540923
189540931
18954094X
189540958
189540966
189540974
189540982
189540990
189541008
189541016
189541024
189541059
189541067
189541075
189541083
189541091
189541121
18954113X
189541148
189541172
189541180
189541199
189541210
189541229
189541237
189541245
189541253
189541261
18954127X
189541288
189541296
18954130X
189541318
189541326
189541334
189541342
189541350
189541377
189541385
189541393
189541407
189541423
189541431
18954144X
189541458
189541466
189541474
189541482
189541490
189541504
189541512
189541520
189541539
189541547
189541555
189541563
189541571
18954158X
189541598
189541601
18954161X
189541644
189541652
189541660
189541679
189541687
189541695
189541709
189541725
18954175X
189541768
189541776
189541792
189541806
189541814
189541822
189541830
189541849
189541857
189541865
189541873
189541881
18954189X
189541903
189541911
18954192X
189541938
189541946
189541954
189541962
189541970
189541989
189541997
189542004
189542020
189542047
189542055
189542063
189542071
18954208X
189542098
189542101
18954211X
189542128
189542136
189542144
189542152
189542160
189542179
189542187
189542195
189542209
189542217
189542225
189542233
189542241
18954225X
189542268
189542276
189542284
189542292
189542306
189542314
189542322
189542330
189542349
189542357
189542373
189542381
18954239X
189542403
189542411
18954242X
189542438
189542446
189542454
189542462
189542470
189542489
189542497
189542500
189542519
189542527
189542543
189542551
18954256X
189542578
189542586
189542594
189542616
189542640
189542659
189542667
189542675
189542683
189542691
189542705
189542713
189542721
189542748
189542756
189542764
189542772
189542780
189542799
189542810
189542829
189542837
189542853
189542861
18954287X
189542888
18954290X
189542918
189542926
189542934
189542942
189542950
189542969
189542977
189542985
189542993
189543000
189543019
189543027
189543035
189543043
189543051
18954306X
189543078
189543086
189543094
189543108
189543116
189543124
189543132
189543159
189543167
189543175
189543183
189543191
189543205
189543221
18954323X
189543256
189543264
189543272
189543280
189543299
189543310
189543337
189543345
189543353
189543361
18954337X
189543396
18954340X
189543418
189543426
189543434
189543442
189543450
189543469
189543477
189543493
189543507
189543515
189543523
189543531
18954354X
189543558
189543566
189543574
189543582
189543590
189543604
189543612
189543620
189543639
189543655
189543663
189543671
189543698
18954371X
189543728
189543736
189543744
189543752
189543760
189543779
189543787
189543795
189543809
189543817
189543825
189543833
189543841
18954385X
189543868
189543876
189543892
189543906
189543914
189543922
189543930
189543949
189543957
189543965
189543973
189543981
18954399X
189544015
189544023
18954404X
189544058
189544066
189544074
189544082
189544090
189544104
189544112
189544120
189544139
189544147
189544155
189544163
189544171
18954418X
189544198
189544201
18954421X
189544228
189544236
189544244
189544252
189544260
189544279
189544287
189544295
189544309
189544317
189544325
189544333
189544341
18954435X
189544368
189544376
189544384
189544392
189544406
189544414
189544430
189544457
189544473
189544481
18954449X
189544503
189544511
18954452X
189544538
189544546
189544562
189544570
189544597
189544600
189544627
189544635
189544643
189544651
18954466X
189544678
189544686
189544694
189544708
189544716
189544724
189544732
189544740
189544759
189544775
189544783
189544791
189544805
189544813
189544821
18954483X
189544848
189544856
189544864
189544880
189544899
189544902
189544910
189544929
189544937
189544945
189544953
189544961
18954497X
189544996
189545011
18954502X
189545038
189545046
189545054
189545062
189545070
189545089
189545097
189545100
189545119
189545127
189545135
189545143
18954516X
189545178
189545186
189545194
189545208
189545216
189545224
189545232
189545240
189545259
189545275
189545283
189545305
189545313
189545321
18954533X
189545348
189545356
189545364
189545372
189545380
189545399
189545402
189545437
189545453
189545461
18954547X
189545488
189545496
18954550X
189545518
189545542
189545569
189545577
189545585
189545607
189545615
189545623
189545631
18954564X
189545658
189545666
189545674
189545682
189545690
189545704
189545720
189545739
189545747
189545771
18954578X
189545798
189545801
18954581X
189545828
189545852
189545860
189545879
189545895
189545917
189545925
189545933
189545941
18954595X
189545968
189545976
189545984
18954600X
189546026
189546034
189546042
189546050
189546085
189546093
189546107
189546115
189546123
189546158
189546166
189546174
189546182
189546190
189546212
189546220
189546239
189546247
189546255
189546263
189546271
189546298
189546301
18954631X
189546336
189546344
189546352
189546360
189546379
189546387
189546395
189546409
189546425
189546476
189546484
189546492
189546506
189546514
189546530
189546549
189546603
189546611
18954662X
189546638
189546646
189546654
189546662
189546670
189546689
189546697
189546700
189546743
189546751
18954676X
189546778
189546786
189546794
189546816
189546824
189546832
189546840
189546859
189546867
189546875
189546883
189546913
18954693X
189546948
189546964
189546972
189546980
189546999
189547006
189547014
189547022
189547030
189547049
189547057
189547065
189547073
189547081
18954709X
189547103
189547111
18954712X
189547138
189547146
189547154
189547162
189547170
189547189
189547197
189547219
189547227
189547235
189547243
189547251
18954726X
189547278
189547286
189547294
189547308
189547316
189547324
189547332
189547340
189547375
189547383
189547391
189547405
189547413
189547421
18954743X
189547456
189547464
189547472
189547480
189547499
189547502
189547510
189547529
189547537
189547545
189547553
18954757X
189547588
189547596
18954760X
189547618
189547626
189547634
189547642
189547650
189547669
189547677
189547685
189547693
189547707
189547715
189547723
189547731
18954774X
189547758
189547766
189547774
189547782
189547790
189547804
189547820
189547847
18954788X
189547898
189547901
18954791X
189547928
189547936
189547952
189547960
189547979
189547987
189547995
189548002
189548029
189548037
189548045
189548053
189548061
18954807X
189548088
189548096
18954810X
189548142
189548150
189548169
189548177
189548185
189548193
189548207
189548215
189548223
189548231
18954824X
189548258
189548266
189548274
189548282
189548290
189548312
189548320
189548339
189548347
189548355
189548398
189548401
189548428
189548436
189548444
189548460
189548479
189548487
189548495
189548509
189548517
189548525
189548541
18954855X
189548568
189548584
189548606
189548614
189548622
189548630
189548649
189548657
189548665
189548673
189548681
18954869X
189548703
189548711
18954872X
189548738
189548746
189548754
189548762
189548770
189548789
189548797
189548800
189548819
189548827
189548835
189548843
189548851
18954886X
189548878
189548886
189548908
189548916
189548924
189548932
189548940
189548959
189548967
189548975
189548983
189548991
189549009
189549017
189549025
189549033
189549041
18954905X
189549068
189549076
189549084
189549092
189549106
189549114
189549122
189549130
189549149
189549157
189549173
189549181
18954919X
189549203
189549211
189549246
189549254
189549262
189549270
189549289
189549300
189549319
189549327
189549335
189549343
189549351
18954936X
189549378
189549386
189549394
189549408
189549416
189549424
189549440
189549467
189549475
189549483
189549491
189549505
189549513
189549521
189549548
189549556
189549580
189549599
189549602
189549637
189549645
189549653
189549661
18954967X
189549688
189549696
18954970X
189549718
189549726
189549734
189549742
189549750
189549769
189549777
189549785
189549793
189549807
189549815
189549823
189549831
18954984X
189549866
189549874
189549882
189549890
189549904
189549912
189549920
189549939
189549947
189549955
189549971
18954998X
189549998
189550007
189550023
189550031
18955004X
189550058
189550066
189550074
189550082
189550090
189550104
189550112
189550120
189550139
189550147
189550155
189550163
189550171
18955018X
189550198
189550201
18955021X
189550228
189550236
189550244
189550252
189550260
189550287
189550295
189550309
189550317
189550325
189550333
189550341
18955035X
189550368
189550376
189550384
189550392
189550406
189550414
189550422
189550430
189550449
189550457
189550473
189550481
18955049X
189550503
189550511
18955052X
189550538
189550546
189550562
189550570
189550589
189550600
189550627
189550635
189550643
189550651
18955066X
189550678
189550686
189550708
189550716
189550724
189550732
189550740
189550767
189550783
189550791
189550805
189550813
189550821
18955083X
189550848
189550864
189550880
189550899
189550902
189550910
189550929
189550945
189550953
189550961
189550988
189550996
189551003
18955102X
189551038
189551046
189551054
189551062
189551070
189551089
189551097
189551100
189551119
189551127
189551135
189551143
189551151
18955116X
189551178
189551186
189551194
189551208
189551216
189551232
189551240
189551259
189551267
189551275
189551283
189551291
189551305
189551313
189551321
18955133X
189551348
189551356
189551372
189551380
189551399
189551402
189551429
189551437
189551445
189551453
189551461
18955147X
189551488
189551496
189551518
189551534
189551542
189551550
189551569
189551577
189551585
189551607
189551615
189551623
189551631
18955164X
189551658
189551666
189551674
189551682
189551690
189551704
189551712
189551720
189551739
189551747
189551755
189551763
189551771
18955178X
189551801
18955181X
189551828
189551836
189551844
189551852
189551860
189551895
189551909
189551917
189551933
189551941
189551968
189551976
189551984
189551992
18955200X
189552018
189552026
189552042
189552069
189552085
189552093
189552107
189552115
189552131
18955214X
189552158
189552182
189552212
189552220
189552239
189552247
189552263
18955228X
189552298
189552301
18955231X
189552328
189552336
189552344
189552352
189552360
189552379
189552387
189552395
189552409
189552425
189552441
18955245X
189552468
189552476
189552484
189552492
189552506
189552514
189552522
189552530
189552549
189552557
189552565
189552573
189552581
18955259X
189552611
189552638
189552646
189552654
189552662
189552670
189552689
189552697
189552700
189552719
189552727
189552735
189552743
189552751
189552778
189552786
189552794
189552808
189552816
189552824
189552832
189552840
189552859
189552867
189552875
189552883
189552891
189552905
189552913
189552921
189552948
189552956
189552964
189552972
189552999
189553006
189553014
189553022
189553030
189553049
189553065
189553081
18955309X
189553103
189553111
18955312X
189553138
189553146
189553154
189553162
189553170
189553197
189553200
189553219
189553227
189553235
189553243
189553251
18955326X
189553278
189553286
189553294
189553308
189553324
189553332
189553340
189553359
189553367
189553375
189553383
189553391
189553421
18955343X
189553448
189553456
189553464
189553480
189553499
189553502
189553510
189553529
189553537
189553553
189553561
18955357X
189553588
189553596
18955360X
189553618
189553626
189553634
189553642
189553650
189553669
189553677
189553685
189553707
189553715
189553723
189553731
18955374X
189553758
189553766
189553774
189553782
189553790
189553804
189553812
189553839
189553855
189553863
189553871
18955388X
189553898
189553901
18955391X
189553928
189553944
189553952
189553979
189553987
189553995
189554002
189554010
189554029
189554037
189554045
189554053
18955407X
189554088
189554096
18955410X
189554118
189554126
189554134
189554142
189554150
189554177
189554185
189554193
189554207
189554215
18955424X
189554266
189554274
189554282
189554290
189554304
189554312
189554320
189554355
189554363
189554398
18955441X
189554428
189554436
189554444
189554460
189554479
189554487
189554509
189554525
189554533
189554541
18955455X
189554576
189554584
189554606
189554614
189554622
189554630
189554649
189554657
189554665
189554681
18955469X
189554703
189554711
18955472X
189554738
189554746
189554754
189554762
189554770
189554789
189554797
189554800
189554819
189554827
189554835
189554843
189554851
18955486X
189554878
189554894
189554916
189554932
189554940
189554959
189554967
189554975
189554983
189554991
189555009
189555017
189555025
189555033
189555041
18955505X
189555068
189555076
189555092
189555106
189555114
189555122
189555130
189555149
189555157
189555165
189555173
189555181
18955519X
189555203
189555211
18955522X
189555246
189555254
189555270
189555289
189555297
189555300
189555319
189555327
189555335
189555343
189555351
18955536X
189555378
189555386
189555408
189555416
189555424
189555432
189555459
189555467
189555475
189555491
189555505
189555513
189555521
18955553X
189555548
189555556
189555564
189555572
189555580
189555599
189555602
189555610
189555629
189555637
189555645
189555661
189555688
189555696
18955570X
189555718
189555726
189555734
189555742
189555750
189555769
189555777
189555785
189555793
189555815
189555831
18955584X
189555858
189555866
189555882
189555890
189555904
189555912
189555947
189555963
189555971
18955598X
189556013
189556021
18955603X
189556048
189556056
189556064
189556072
189556099
189556102
189556129
189556137
189556145
189556153
18955617X
189556188
189556196
18955620X
189556226
189556234
189556242
189556250
189556269
189556277
189556293
189556307
189556323
189556331
18955634X
189556374
189556382
189556390
189556404
189556412
189556420
189556439
189556447
189556455
189556463
189556471
18955648X
189556498
189556501
18955651X
189556544
189556552
189556560
189556579
189556587
189556595
189556609
189556617
189556625
189556633
189556641
18955665X
189556668
189556706
189556714
189556722
189556730
189556749
189556757
189556765
189556773
189556781
18955679X
189556803
18955682X
189556838
189556846
189556854
189556870
189556889
189556897
189556900
189556927
189556935
189556943
189556951
18955696X
189556978
189556986
189556994
189557001
18955701X
189557028
189557036
189557052
189557079
189557087
189557109
189557133
189557141
18955715X
189557168
189557176
189557184
189557192
189557206
189557214
189557222
189557230
189557257
189557273
189557281
189557303
189557311
18955732X
189557338
189557346
189557354
189557362
189557370
189557389
189557397
189557400
189557419
189557443
18955746X
189557478
189557486
189557494
189557508
189557516
189557524
189557532
189557540
189557559
189557567
189557575
189557583
189557591
189557605
189557613
189557621
18955763X
189557648
189557656
189557664
189557680
189557699
189557702
189557710
189557737
189557745
189557753
189557761
18955777X
189557788
189557796
18955780X
189557818
189557826
189557842
189557850
189557869
189557877
189557885
189557893
189557915
189557923
189557931
189557958
189557966
189557974
189557982
189558008
189558016
189558024
189558040
189558059
189558067
189558075
189558083
189558091
189558113
18955813X
189558148
189558156
189558164
189558180
189558199
189558202
189558210
189558229
189558237
189558245
189558253
18955827X
189558288
189558296
18955830X
189558318
189558326
189558334
189558342
189558369
189558385
189558393
189558407
189558415
189558423
18955844X
189558458
189558466
189558474
189558482
189558490
189558504
189558512
189558520
189558539
189558547
189558555
189558563
189558571
18955858X
18955861X
189558628
189558644
189558652
189558660
189558679
189558687
189558695
189558709
189558717
189558725
189558733
18955875X
189558768
189558776
189558784
189558792
189558806
189558830
189558849
189558873
189558881
18955889X
189558903
189558911
18955892X
189558938
189558946
189558954
189558962
189558970
189558989
189558997
189559004
189559012
189559020
189559055
189559063
189559071
189559101
18955911X
189559128
189559136
189559144
189559152
189559160
189559187
189559195
189559209
189559217
189559225
189559233
189559241
18955925X
189559284
189559292
189559306
189559314
189559322
189559330
189559365
189559373
189559381
18955939X
189559403
189559411
18955942X
189559438
189559446
189559454
189559462
189559470
189559489
189559500
189559519
189559527
189559535
189559543
189559551
18955956X
189559578
189559594
189559608
189559616
189559624
189559632
189559640
189559659
189559667
189559683
189559691
189559705
189559713
189559721
189559756
189559764
189559772
189559780
189559799
189559802
189559810
189559829
189559837
189559845
189559853
189559861
18955987X
189559888
189559896
18955990X
189559918
189559934
189559942
189559950
189559969
189559977
189559985
189559993
189560002
189560010
189560029
189560037
189560045
189560061
18956007X
189560088
189560096
189560118
189560126
189560142
189560169
189560185
189560193
189560215
189560223
189560231
18956024X
189560258
189560266
189560274
189560290
189560312
189560320
189560339
189560347
189560355
189560371
18956038X
189560398
189560401
18956041X
189560428
189560436
189560444
189560452
189560460
189560479
189560495
189560509
189560517
189560525
189560533
189560541
189560568
189560584
189560592
189560606
189560614
189560622
189560649
189560657
189560665
189560673
189560681
18956069X
189560703
189560711
18956072X
189560738
189560746
189560762
189560770
189560789
189560797
189560800
189560819
189560827
189560835
189560843
18956086X
189560878
189560886
189560908
189560924
189560932
189560940
189560967
189560975
189560983
189560991
189561009
189561017
189561025
189561033
189561041
18956105X
189561068
189561076
189561084
189561092
189561106
189561122
189561130
189561149
189561157
189561165
189561181
18956119X
189561203
189561211
18956122X
189561238
189561246
189561254
189561262
189561270
189561297
189561300
189561319
189561327
189561335
189561343
189561351
18956136X
189561378
189561394
189561416
189561432
189561467
189561475
189561483
189561491
189561505
189561513
189561521
189561548
189561556
189561564
189561580
189561599
189561602
189561610
189561629
189561637
189561645
189561653
189561661
189561688
189561696
18956170X
189561718
189561726
189561734
189561742
189561769
189561777
189561785
189561807
189561815
189561831
18956184X
189561858
189561874
189561882
189561890
189561904
189561912
189561920
189561939
189561947
189561955
189561963
189561971
18956198X
189561998
189562005
189562021
18956203X
189562048
189562056
189562064
189562072
189562099
189562102
189562110
189562129
189562137
189562145
189562153
189562161
18956217X
189562188
189562196
189562218
189562226
189562234
189562242
189562250
189562269
189562277
189562285
189562307
189562323
189562331
18956234X
189562358
189562366
189562374
189562382
189562390
189562404
189562439
189562447
189562463
189562471
18956248X
189562498
189562501
18956251X
189562528
189562552
189562579
189562587
189562595
189562609
189562625
189562633
18956265X
189562668
189562676
189562684
189562706
189562714
189562722
189562749
189562757
189562765
189562773
18956279X
189562803
189562811
18956282X
189562838
189562846
189562854
189562862
189562870
189562889
189562897
189562919
189562935
189562943
189562951
189562978
189562986
189562994
18956301X
189563028
189563044
189563052
189563060
189563079
189563087
189563117
189563141
18956315X
189563192
189563206
189563214
189563222
189563230
189563249
189563257
189563265
189563273
189563281
18956329X
189563303
189563311
189563338
189563346
189563354
189563362
189563370
189563389
189563397
189563419
189563427
189563435
189563451
18956346X
189563478
189563486
189563494
189563508
189563516
189563540
189563559
189563567
189563575
189563583
189563591
189563605
189563613
189563621
18956363X
189563648
189563656
189563664
189563672
189563680
189563699
189563702
189563710
189563729
189563737
189563745
189563753
189563761
18956377X
189563788
189563796
18956380X
189563826
189563869
189563877
189563885
189563907
189563923
189563931
18956394X
189563958
189563966
189563974
189563982
189563990
189564016
189564024
189564032
189564040
189564059
189564067
189564075
189564083
189564091
189564105
189564113
189564121
18956413X
189564148
189564156
189564164
189564172
189564180
189564202
189564210
189564229
189564237
189564253
189564261
18956427X
189564288
189564296
18956430X
189564318
189564326
189564334
189564342
189564350
189564369
189564393
189564407
189564415
189564423
189564431
189564458
189564466
189564474
189564482
189564490
189564504
189564512
189564555
189564563
189564571
18956458X
189564598
189564601
18956461X
189564628
189564636
189564644
189564652
189564660
189564679
189564687
189564725
189564733
189564741
18956475X
189564768
189565799
189566574
189566582
189570253
189571527
189572760
189572779
189573643
189573996
189574003
189574607
189577223
189579188
189579382
18968535970
4348274-0
4587609-5
4653322-9
7520783-7
7648890-1
7684617-9
7695845-0
7696190-4
7696219-2
7718538-9
7734469-8
7763869-4
